dataset_id	compartment	subset	gene	detection_rate	n_cells
VT2018	Blood	Granulocyte	ENTPD1	0.01818181818181818	110
VT2018	Blood	Granulocyte	ITGAE	0.5454545454545454	110
VT2018	Blood	Granulocyte	ITGB2	0.5363636363636364	110
VT2018	Blood	Granulocyte	CD160	0.03636363636363636	110
VT2018	Blood	Granulocyte	KLRB1	0.38181818181818183	110
VT2018	Blood	Granulocyte	ITGA1	0.02727272727272727	110
VT2018	Blood	Granulocyte	CD9	0.12727272727272726	110
VT2018	Blood	Granulocyte	EOMES	0.00909090909090909	110
VT2018	Blood	Granulocyte	TBX21	0.05454545454545454	110
VT2018	Blood	Granulocyte	MKI67	0.02727272727272727	110
VT2018	Blood	ILC3	ENTPD1	0.0	1
VT2018	Blood	ILC3	ITGAE	0.0	1
VT2018	Blood	ILC3	ITGB2	0.0	1
VT2018	Blood	ILC3	CD160	0.0	1
VT2018	Blood	ILC3	KLRB1	1.0	1
VT2018	Blood	ILC3	ITGA1	0.0	1
VT2018	Blood	ILC3	CD9	0.0	1
VT2018	Blood	ILC3	EOMES	0.0	1
VT2018	Blood	ILC3	TBX21	0.0	1
VT2018	Blood	ILC3	MKI67	0.0	1
VT2018	Blood	Myeloid	ENTPD1	0.2825342465753425	1168
VT2018	Blood	Myeloid	ITGAE	0.3116438356164384	1168
VT2018	Blood	Myeloid	ITGB2	0.9186643835616438	1168
VT2018	Blood	Myeloid	CD160	0.019691780821917807	1168
VT2018	Blood	Myeloid	KLRB1	0.273972602739726	1168
VT2018	Blood	Myeloid	ITGA1	0.005136986301369863	1168
VT2018	Blood	Myeloid	CD9	0.08647260273972603	1168
VT2018	Blood	Myeloid	EOMES	0.009417808219178082	1168
VT2018	Blood	Myeloid	TBX21	0.023972602739726026	1168
VT2018	Blood	Myeloid	MKI67	0.0017123287671232876	1168
VT2018	Blood	Plasma	ENTPD1	0.115	200
VT2018	Blood	Plasma	ITGAE	0.535	200
VT2018	Blood	Plasma	ITGB2	0.6	200
VT2018	Blood	Plasma	CD160	0.025	200
VT2018	Blood	Plasma	KLRB1	0.305	200
VT2018	Blood	Plasma	ITGA1	0.0	200
VT2018	Blood	Plasma	CD9	0.07	200
VT2018	Blood	Plasma	EOMES	0.01	200
VT2018	Blood	Plasma	TBX21	0.02	200
VT2018	Blood	Plasma	MKI67	0.025	200
VT2018	Blood	Stromal	ENTPD1	0.0	1
VT2018	Blood	Stromal	ITGAE	1.0	1
VT2018	Blood	Stromal	ITGB2	0.0	1
VT2018	Blood	Stromal	CD160	0.0	1
VT2018	Blood	Stromal	KLRB1	0.0	1
VT2018	Blood	Stromal	ITGA1	0.0	1
VT2018	Blood	Stromal	CD9	0.0	1
VT2018	Blood	Stromal	EOMES	0.0	1
VT2018	Blood	Stromal	TBX21	1.0	1
VT2018	Blood	Stromal	MKI67	0.0	1
VT2018	Blood	T	ENTPD1	0.008666762964032933	6923
VT2018	Blood	T	ITGAE	0.1297125523616929	6923
VT2018	Blood	T	ITGB2	0.5803842264914054	6923
VT2018	Blood	T	CD160	0.03712263469594106	6923
VT2018	Blood	T	KLRB1	0.3835042611584573	6923
VT2018	Blood	T	ITGA1	0.010689007655640619	6923
VT2018	Blood	T	CD9	0.016033511483460928	6923
VT2018	Blood	T	EOMES	0.042467138523761376	6923
VT2018	Blood	T	TBX21	0.04925610284558717	6923
VT2018	Blood	T	MKI67	0.0031778130868120756	6923
VT2018	Blood	cDC1	ENTPD1	0.46153846153846156	13
VT2018	Blood	cDC1	ITGAE	0.46153846153846156	13
VT2018	Blood	cDC1	ITGB2	1.0	13
VT2018	Blood	cDC1	CD160	0.0	13
VT2018	Blood	cDC1	KLRB1	0.46153846153846156	13
VT2018	Blood	cDC1	ITGA1	0.0	13
VT2018	Blood	cDC1	CD9	0.3076923076923077	13
VT2018	Blood	cDC1	EOMES	0.15384615384615385	13
VT2018	Blood	cDC1	TBX21	0.0	13
VT2018	Blood	cDC1	MKI67	0.0	13
VT2018	Blood	dNK2	ENTPD1	0.0	2
VT2018	Blood	dNK2	ITGAE	0.0	2
VT2018	Blood	dNK2	ITGB2	0.5	2
VT2018	Blood	dNK2	CD160	0.0	2
VT2018	Blood	dNK2	KLRB1	0.0	2
VT2018	Blood	dNK2	ITGA1	0.0	2
VT2018	Blood	dNK2	CD9	0.0	2
VT2018	Blood	dNK2	EOMES	0.5	2
VT2018	Blood	dNK2	TBX21	0.0	2
VT2018	Blood	dNK2	MKI67	0.0	2
VT2018	Blood	dNKp	ENTPD1	0.0	2
VT2018	Blood	dNKp	ITGAE	0.5	2
VT2018	Blood	dNKp	ITGB2	1.0	2
VT2018	Blood	dNKp	CD160	0.0	2
VT2018	Blood	dNKp	KLRB1	1.0	2
VT2018	Blood	dNKp	ITGA1	0.0	2
VT2018	Blood	dNKp	CD9	0.0	2
VT2018	Blood	dNKp	EOMES	0.5	2
VT2018	Blood	dNKp	TBX21	0.5	2
VT2018	Blood	dNKp	MKI67	1.0	2
VT2018	Blood	pbNK_CD56bright	ENTPD1	0.00909090909090909	220
VT2018	Blood	pbNK_CD56bright	ITGAE	0.12272727272727273	220
VT2018	Blood	pbNK_CD56bright	ITGB2	0.8909090909090909	220
VT2018	Blood	pbNK_CD56bright	CD160	0.05454545454545454	220
VT2018	Blood	pbNK_CD56bright	KLRB1	0.9045454545454545	220
VT2018	Blood	pbNK_CD56bright	ITGA1	0.004545454545454545	220
VT2018	Blood	pbNK_CD56bright	CD9	0.00909090909090909	220
VT2018	Blood	pbNK_CD56bright	EOMES	0.16363636363636364	220
VT2018	Blood	pbNK_CD56bright	TBX21	0.19545454545454546	220
VT2018	Blood	pbNK_CD56bright	MKI67	0.004545454545454545	220
VT2018	Blood	pbNK_CD56dim	ENTPD1	0.011021307861866276	1361
VT2018	Blood	pbNK_CD56dim	ITGAE	0.1594415870683321	1361
VT2018	Blood	pbNK_CD56dim	ITGB2	0.9235855988243938	1361
VT2018	Blood	pbNK_CD56dim	CD160	0.46436443791329907	1361
VT2018	Blood	pbNK_CD56dim	KLRB1	0.925789860396767	1361
VT2018	Blood	pbNK_CD56dim	ITGA1	0.005878030859662013	1361
VT2018	Blood	pbNK_CD56dim	CD9	0.0073475385745775165	1361
VT2018	Blood	pbNK_CD56dim	EOMES	0.11829537105069801	1361
VT2018	Blood	pbNK_CD56dim	TBX21	0.38207200587803086	1361
VT2018	Blood	pbNK_CD56dim	MKI67	0.0073475385745775165	1361
VT2018	Decidua	Endothelial	ENTPD1	0.4482456140350877	1140
VT2018	Decidua	Endothelial	ITGAE	0.2482456140350877	1140
VT2018	Decidua	Endothelial	ITGB2	0.007894736842105263	1140
VT2018	Decidua	Endothelial	CD160	0.0035087719298245615	1140
VT2018	Decidua	Endothelial	KLRB1	0.017543859649122806	1140
VT2018	Decidua	Endothelial	ITGA1	0.27017543859649124	1140
VT2018	Decidua	Endothelial	CD9	0.6824561403508772	1140
VT2018	Decidua	Endothelial	EOMES	0.0008771929824561404	1140
VT2018	Decidua	Endothelial	TBX21	0.0	1140
VT2018	Decidua	Endothelial	MKI67	0.007017543859649123	1140
VT2018	Decidua	Epithelial	ENTPD1	0.02	350
VT2018	Decidua	Epithelial	ITGAE	0.3514285714285714	350
VT2018	Decidua	Epithelial	ITGB2	0.022857142857142857	350
VT2018	Decidua	Epithelial	CD160	0.002857142857142857	350
VT2018	Decidua	Epithelial	KLRB1	0.02	350
VT2018	Decidua	Epithelial	ITGA1	0.02857142857142857	350
VT2018	Decidua	Epithelial	CD9	0.8314285714285714	350
VT2018	Decidua	Epithelial	EOMES	0.005714285714285714	350
VT2018	Decidua	Epithelial	TBX21	0.0	350
VT2018	Decidua	Epithelial	MKI67	0.008571428571428572	350
VT2018	Decidua	Granulocyte	ENTPD1	0.052083333333333336	96
VT2018	Decidua	Granulocyte	ITGAE	0.1875	96
VT2018	Decidua	Granulocyte	ITGB2	0.20833333333333334	96
VT2018	Decidua	Granulocyte	CD160	0.010416666666666666	96
VT2018	Decidua	Granulocyte	KLRB1	0.3541666666666667	96
VT2018	Decidua	Granulocyte	ITGA1	0.041666666666666664	96
VT2018	Decidua	Granulocyte	CD9	0.6875	96
VT2018	Decidua	Granulocyte	EOMES	0.010416666666666666	96
VT2018	Decidua	Granulocyte	TBX21	0.020833333333333332	96
VT2018	Decidua	Granulocyte	MKI67	0.11458333333333333	96
VT2018	Decidua	Hofbauer	ENTPD1	1.0	2
VT2018	Decidua	Hofbauer	ITGAE	0.0	2
VT2018	Decidua	Hofbauer	ITGB2	1.0	2
VT2018	Decidua	Hofbauer	CD160	0.0	2
VT2018	Decidua	Hofbauer	KLRB1	0.5	2
VT2018	Decidua	Hofbauer	ITGA1	0.0	2
VT2018	Decidua	Hofbauer	CD9	0.5	2
VT2018	Decidua	Hofbauer	EOMES	0.0	2
VT2018	Decidua	Hofbauer	TBX21	0.0	2
VT2018	Decidua	Hofbauer	MKI67	0.0	2
VT2018	Decidua	ILC3	ENTPD1	0.06521739130434782	184
VT2018	Decidua	ILC3	ITGAE	0.1793478260869565	184
VT2018	Decidua	ILC3	ITGB2	0.30434782608695654	184
VT2018	Decidua	ILC3	CD160	0.02717391304347826	184
VT2018	Decidua	ILC3	KLRB1	0.9402173913043478	184
VT2018	Decidua	ILC3	ITGA1	0.02717391304347826	184
VT2018	Decidua	ILC3	CD9	0.11956521739130435	184
VT2018	Decidua	ILC3	EOMES	0.04891304347826087	184
VT2018	Decidua	ILC3	TBX21	0.010869565217391304	184
VT2018	Decidua	ILC3	MKI67	0.02717391304347826	184
VT2018	Decidua	Myeloid	ENTPD1	0.22567441860465115	5375
VT2018	Decidua	Myeloid	ITGAE	0.1198139534883721	5375
VT2018	Decidua	Myeloid	ITGB2	0.7240930232558139	5375
VT2018	Decidua	Myeloid	CD160	0.011534883720930233	5375
VT2018	Decidua	Myeloid	KLRB1	0.2373953488372093	5375
VT2018	Decidua	Myeloid	ITGA1	0.04241860465116279	5375
VT2018	Decidua	Myeloid	CD9	0.47386046511627905	5375
VT2018	Decidua	Myeloid	EOMES	0.04167441860465116	5375
VT2018	Decidua	Myeloid	TBX21	0.008744186046511627	5375
VT2018	Decidua	Myeloid	MKI67	0.03813953488372093	5375
VT2018	Decidua	Perivascular	ENTPD1	0.0544069640914037	1838
VT2018	Decidua	Perivascular	ITGAE	0.2383025027203482	1838
VT2018	Decidua	Perivascular	ITGB2	0.002176278563656148	1838
VT2018	Decidua	Perivascular	CD160	0.000544069640914037	1838
VT2018	Decidua	Perivascular	KLRB1	0.009793253536452665	1838
VT2018	Decidua	Perivascular	ITGA1	0.5625680087051143	1838
VT2018	Decidua	Perivascular	CD9	0.44069640914036995	1838
VT2018	Decidua	Perivascular	EOMES	0.001632208922742111	1838
VT2018	Decidua	Perivascular	TBX21	0.000544069640914037	1838
VT2018	Decidua	Perivascular	MKI67	0.011425462459194777	1838
VT2018	Decidua	Plasma	ENTPD1	0.05223880597014925	134
VT2018	Decidua	Plasma	ITGAE	0.1865671641791045	134
VT2018	Decidua	Plasma	ITGB2	0.2835820895522388	134
VT2018	Decidua	Plasma	CD160	0.0	134
VT2018	Decidua	Plasma	KLRB1	0.20149253731343283	134
VT2018	Decidua	Plasma	ITGA1	0.0	134
VT2018	Decidua	Plasma	CD9	0.09701492537313433	134
VT2018	Decidua	Plasma	EOMES	0.022388059701492536	134
VT2018	Decidua	Plasma	TBX21	0.014925373134328358	134
VT2018	Decidua	Plasma	MKI67	0.029850746268656716	134
VT2018	Decidua	Stromal	ENTPD1	0.021060160534053882	12583
VT2018	Decidua	Stromal	ITGAE	0.3813875864261305	12583
VT2018	Decidua	Stromal	ITGB2	0.0067551458316776605	12583
VT2018	Decidua	Stromal	CD160	0.001271556862433442	12583
VT2018	Decidua	Stromal	KLRB1	0.012000317889215609	12583
VT2018	Decidua	Stromal	ITGA1	0.09441309703568307	12583
VT2018	Decidua	Stromal	CD9	0.05022649606612096	12583
VT2018	Decidua	Stromal	EOMES	0.0027815306365731544	12583
VT2018	Decidua	Stromal	TBX21	0.0003178892156083605	12583
VT2018	Decidua	Stromal	MKI67	0.0029404752443773345	12583
VT2018	Decidua	T	ENTPD1	0.0752571737953438	1847
VT2018	Decidua	T	ITGAE	0.14834867352463454	1847
VT2018	Decidua	T	ITGB2	0.6215484569572279	1847
VT2018	Decidua	T	CD160	0.05576610720086627	1847
VT2018	Decidua	T	KLRB1	0.6394152680021656	1847
VT2018	Decidua	T	ITGA1	0.08337845154304277	1847
VT2018	Decidua	T	CD9	0.1261505143475907	1847
VT2018	Decidua	T	EOMES	0.08337845154304277	1847
VT2018	Decidua	T	TBX21	0.09745533297238766	1847
VT2018	Decidua	T	MKI67	0.04547915538711424	1847
VT2018	Decidua	Trophoblast	ENTPD1	0.1830065359477124	306
VT2018	Decidua	Trophoblast	ITGAE	0.34967320261437906	306
VT2018	Decidua	Trophoblast	ITGB2	0.032679738562091505	306
VT2018	Decidua	Trophoblast	CD160	0.006535947712418301	306
VT2018	Decidua	Trophoblast	KLRB1	0.0457516339869281	306
VT2018	Decidua	Trophoblast	ITGA1	0.5751633986928104	306
VT2018	Decidua	Trophoblast	CD9	0.8104575163398693	306
VT2018	Decidua	Trophoblast	EOMES	0.016339869281045753	306
VT2018	Decidua	Trophoblast	TBX21	0.0	306
VT2018	Decidua	Trophoblast	MKI67	0.1437908496732026	306
VT2018	Decidua	cDC1	ENTPD1	0.46774193548387094	310
VT2018	Decidua	cDC1	ITGAE	0.1967741935483871	310
VT2018	Decidua	cDC1	ITGB2	0.8483870967741935	310
VT2018	Decidua	cDC1	CD160	0.03225806451612903	310
VT2018	Decidua	cDC1	KLRB1	0.35161290322580646	310
VT2018	Decidua	cDC1	ITGA1	0.05806451612903226	310
VT2018	Decidua	cDC1	CD9	0.24838709677419354	310
VT2018	Decidua	cDC1	EOMES	0.03870967741935484	310
VT2018	Decidua	cDC1	TBX21	0.01935483870967742	310
VT2018	Decidua	cDC1	MKI67	0.12903225806451613	310
VT2018	Decidua	dNK1	ENTPD1	0.5508162190626645	3798
VT2018	Decidua	dNK1	ITGAE	0.15666140073723012	3798
VT2018	Decidua	dNK1	ITGB2	0.22064244339125855	3798
VT2018	Decidua	dNK1	CD160	0.012901527119536599	3798
VT2018	Decidua	dNK1	KLRB1	0.627172195892575	3798
VT2018	Decidua	dNK1	ITGA1	0.3657187993680885	3798
VT2018	Decidua	dNK1	CD9	0.4215376513954713	3798
VT2018	Decidua	dNK1	EOMES	0.344391785150079	3798
VT2018	Decidua	dNK1	TBX21	0.02659294365455503	3798
VT2018	Decidua	dNK1	MKI67	0.05476566614007372	3798
VT2018	Decidua	dNK2	ENTPD1	0.03587278106508876	5408
VT2018	Decidua	dNK2	ITGAE	0.14071745562130178	5408
VT2018	Decidua	dNK2	ITGB2	0.7054363905325444	5408
VT2018	Decidua	dNK2	CD160	0.010909763313609468	5408
VT2018	Decidua	dNK2	KLRB1	0.7518491124260355	5408
VT2018	Decidua	dNK2	ITGA1	0.22725591715976332	5408
VT2018	Decidua	dNK2	CD9	0.3243343195266272	5408
VT2018	Decidua	dNK2	EOMES	0.33505917159763315	5408
VT2018	Decidua	dNK2	TBX21	0.027366863905325445	5408
VT2018	Decidua	dNK2	MKI67	0.04345414201183432	5408
VT2018	Decidua	dNK3	ENTPD1	0.054856567689984904	1987
VT2018	Decidua	dNK3	ITGAE	0.2617010568696527	1987
VT2018	Decidua	dNK3	ITGB2	0.6663311524911928	1987
VT2018	Decidua	dNK3	CD160	0.31001509813789635	1987
VT2018	Decidua	dNK3	KLRB1	0.964771011575239	1987
VT2018	Decidua	dNK3	ITGA1	0.23754403623553094	1987
VT2018	Decidua	dNK3	CD9	0.3729240060392552	1987
VT2018	Decidua	dNK3	EOMES	0.29139406139909413	1987
VT2018	Decidua	dNK3	TBX21	0.14192249622546552	1987
VT2018	Decidua	dNK3	MKI67	0.035732259687971814	1987
VT2018	Decidua	dNKp	ENTPD1	0.33012379642365886	727
VT2018	Decidua	dNKp	ITGAE	0.405777166437414	727
VT2018	Decidua	dNKp	ITGB2	0.6011004126547456	727
VT2018	Decidua	dNKp	CD160	0.048143053645116916	727
VT2018	Decidua	dNKp	KLRB1	0.71939477303989	727
VT2018	Decidua	dNKp	ITGA1	0.3452544704264099	727
VT2018	Decidua	dNKp	CD9	0.5900962861072903	727
VT2018	Decidua	dNKp	EOMES	0.5419532324621733	727
VT2018	Decidua	dNKp	TBX21	0.05089408528198074	727
VT2018	Decidua	dNKp	MKI67	0.7441540577716643	727
VT2018	Decidua	pbNK_CD56bright	ENTPD1	0.1	10
VT2018	Decidua	pbNK_CD56bright	ITGAE	0.1	10
VT2018	Decidua	pbNK_CD56bright	ITGB2	0.8	10
VT2018	Decidua	pbNK_CD56bright	CD160	0.0	10
VT2018	Decidua	pbNK_CD56bright	KLRB1	1.0	10
VT2018	Decidua	pbNK_CD56bright	ITGA1	0.0	10
VT2018	Decidua	pbNK_CD56bright	CD9	0.0	10
VT2018	Decidua	pbNK_CD56bright	EOMES	0.3	10
VT2018	Decidua	pbNK_CD56bright	TBX21	0.1	10
VT2018	Decidua	pbNK_CD56bright	MKI67	0.0	10
VT2018	Decidua	pbNK_CD56dim	ENTPD1	0.08791208791208792	91
VT2018	Decidua	pbNK_CD56dim	ITGAE	0.17582417582417584	91
VT2018	Decidua	pbNK_CD56dim	ITGB2	0.945054945054945	91
VT2018	Decidua	pbNK_CD56dim	CD160	0.5054945054945055	91
VT2018	Decidua	pbNK_CD56dim	KLRB1	0.9560439560439561	91
VT2018	Decidua	pbNK_CD56dim	ITGA1	0.03296703296703297	91
VT2018	Decidua	pbNK_CD56dim	CD9	0.04395604395604396	91
VT2018	Decidua	pbNK_CD56dim	EOMES	0.16483516483516483	91
VT2018	Decidua	pbNK_CD56dim	TBX21	0.31868131868131866	91
VT2018	Decidua	pbNK_CD56dim	MKI67	0.03296703296703297	91
VT2018	Placenta	Endothelial	ENTPD1	0.4421768707482993	147
VT2018	Placenta	Endothelial	ITGAE	0.3129251700680272	147
VT2018	Placenta	Endothelial	ITGB2	0.10204081632653061	147
VT2018	Placenta	Endothelial	CD160	0.0	147
VT2018	Placenta	Endothelial	KLRB1	0.0	147
VT2018	Placenta	Endothelial	ITGA1	0.19727891156462585	147
VT2018	Placenta	Endothelial	CD9	0.4897959183673469	147
VT2018	Placenta	Endothelial	EOMES	0.0	147
VT2018	Placenta	Endothelial	TBX21	0.0	147
VT2018	Placenta	Endothelial	MKI67	0.12244897959183673	147
VT2018	Placenta	Epithelial	ENTPD1	0.022727272727272728	44
VT2018	Placenta	Epithelial	ITGAE	0.4318181818181818	44
VT2018	Placenta	Epithelial	ITGB2	0.1590909090909091	44
VT2018	Placenta	Epithelial	CD160	0.0	44
VT2018	Placenta	Epithelial	KLRB1	0.0	44
VT2018	Placenta	Epithelial	ITGA1	0.11363636363636363	44
VT2018	Placenta	Epithelial	CD9	0.9772727272727273	44
VT2018	Placenta	Epithelial	EOMES	0.0	44
VT2018	Placenta	Epithelial	TBX21	0.0	44
VT2018	Placenta	Epithelial	MKI67	0.022727272727272728	44
VT2018	Placenta	Granulocyte	ENTPD1	0.07692307692307693	39
VT2018	Placenta	Granulocyte	ITGAE	0.6410256410256411	39
VT2018	Placenta	Granulocyte	ITGB2	0.41025641025641024	39
VT2018	Placenta	Granulocyte	CD160	0.0	39
VT2018	Placenta	Granulocyte	KLRB1	0.0	39
VT2018	Placenta	Granulocyte	ITGA1	0.0	39
VT2018	Placenta	Granulocyte	CD9	0.3333333333333333	39
VT2018	Placenta	Granulocyte	EOMES	0.0	39
VT2018	Placenta	Granulocyte	TBX21	0.0	39
VT2018	Placenta	Granulocyte	MKI67	0.5128205128205128	39
VT2018	Placenta	Hofbauer	ENTPD1	0.22153846153846155	1300
VT2018	Placenta	Hofbauer	ITGAE	0.3123076923076923	1300
VT2018	Placenta	Hofbauer	ITGB2	0.9238461538461539	1300
VT2018	Placenta	Hofbauer	CD160	0.0	1300
VT2018	Placenta	Hofbauer	KLRB1	0.0015384615384615385	1300
VT2018	Placenta	Hofbauer	ITGA1	0.019230769230769232	1300
VT2018	Placenta	Hofbauer	CD9	0.0876923076923077	1300
VT2018	Placenta	Hofbauer	EOMES	0.0007692307692307692	1300
VT2018	Placenta	Hofbauer	TBX21	0.0	1300
VT2018	Placenta	Hofbauer	MKI67	0.17153846153846153	1300
VT2018	Placenta	ILC3	ENTPD1	0.0	1
VT2018	Placenta	ILC3	ITGAE	1.0	1
VT2018	Placenta	ILC3	ITGB2	1.0	1
VT2018	Placenta	ILC3	CD160	0.0	1
VT2018	Placenta	ILC3	KLRB1	1.0	1
VT2018	Placenta	ILC3	ITGA1	0.0	1
VT2018	Placenta	ILC3	CD9	0.0	1
VT2018	Placenta	ILC3	EOMES	0.0	1
VT2018	Placenta	ILC3	TBX21	0.0	1
VT2018	Placenta	ILC3	MKI67	0.0	1
VT2018	Placenta	Myeloid	ENTPD1	0.23440860215053763	930
VT2018	Placenta	Myeloid	ITGAE	0.478494623655914	930
VT2018	Placenta	Myeloid	ITGB2	0.9666666666666667	930
VT2018	Placenta	Myeloid	CD160	0.0	930
VT2018	Placenta	Myeloid	KLRB1	0.00967741935483871	930
VT2018	Placenta	Myeloid	ITGA1	0.01935483870967742	930
VT2018	Placenta	Myeloid	CD9	0.921505376344086	930
VT2018	Placenta	Myeloid	EOMES	0.002150537634408602	930
VT2018	Placenta	Myeloid	TBX21	0.001075268817204301	930
VT2018	Placenta	Myeloid	MKI67	0.07204301075268817	930
VT2018	Placenta	Plasma	ENTPD1	0.3333333333333333	6
VT2018	Placenta	Plasma	ITGAE	0.6666666666666666	6
VT2018	Placenta	Plasma	ITGB2	0.5	6
VT2018	Placenta	Plasma	CD160	0.0	6
VT2018	Placenta	Plasma	KLRB1	0.0	6
VT2018	Placenta	Plasma	ITGA1	0.0	6
VT2018	Placenta	Plasma	CD9	0.3333333333333333	6
VT2018	Placenta	Plasma	EOMES	0.0	6
VT2018	Placenta	Plasma	TBX21	0.0	6
VT2018	Placenta	Plasma	MKI67	0.16666666666666666	6
VT2018	Placenta	Stromal	ENTPD1	0.007867132867132868	2288
VT2018	Placenta	Stromal	ITGAE	0.2215909090909091	2288
VT2018	Placenta	Stromal	ITGB2	0.055944055944055944	2288
VT2018	Placenta	Stromal	CD160	0.0008741258741258741	2288
VT2018	Placenta	Stromal	KLRB1	0.0026223776223776225	2288
VT2018	Placenta	Stromal	ITGA1	0.6368006993006993	2288
VT2018	Placenta	Stromal	CD9	0.6424825174825175	2288
VT2018	Placenta	Stromal	EOMES	0.0	2288
VT2018	Placenta	Stromal	TBX21	0.00043706293706293706	2288
VT2018	Placenta	Stromal	MKI67	0.09047202797202797	2288
VT2018	Placenta	T	ENTPD1	0.25	4
VT2018	Placenta	T	ITGAE	0.5	4
VT2018	Placenta	T	ITGB2	0.5	4
VT2018	Placenta	T	CD160	0.0	4
VT2018	Placenta	T	KLRB1	0.5	4
VT2018	Placenta	T	ITGA1	0.0	4
VT2018	Placenta	T	CD9	0.5	4
VT2018	Placenta	T	EOMES	0.0	4
VT2018	Placenta	T	TBX21	0.25	4
VT2018	Placenta	T	MKI67	0.5	4
VT2018	Placenta	Trophoblast	ENTPD1	0.021122160121942367	13777
VT2018	Placenta	Trophoblast	ITGAE	0.3858604921245554	13777
VT2018	Placenta	Trophoblast	ITGB2	0.06017275168759527	13777
VT2018	Placenta	Trophoblast	CD160	0.0010887711403063077	13777
VT2018	Placenta	Trophoblast	KLRB1	0.002613050736735138	13777
VT2018	Placenta	Trophoblast	ITGA1	0.0644552515061334	13777
VT2018	Placenta	Trophoblast	CD9	0.30129926689409886	13777
VT2018	Placenta	Trophoblast	EOMES	0.0005080931988096102	13777
VT2018	Placenta	Trophoblast	TBX21	0.0002903389707483487	13777
VT2018	Placenta	Trophoblast	MKI67	0.2619583363576976	13777
VT2018	Placenta	cDC1	ENTPD1	1.0	1
VT2018	Placenta	cDC1	ITGAE	1.0	1
VT2018	Placenta	cDC1	ITGB2	1.0	1
VT2018	Placenta	cDC1	CD160	0.0	1
VT2018	Placenta	cDC1	KLRB1	0.0	1
VT2018	Placenta	cDC1	ITGA1	0.0	1
VT2018	Placenta	cDC1	CD9	0.0	1
VT2018	Placenta	cDC1	EOMES	0.0	1
VT2018	Placenta	cDC1	TBX21	0.0	1
VT2018	Placenta	cDC1	MKI67	1.0	1
VT2018	Placenta	dNK1	ENTPD1	0.8	5
VT2018	Placenta	dNK1	ITGAE	0.4	5
VT2018	Placenta	dNK1	ITGB2	0.0	5
VT2018	Placenta	dNK1	CD160	0.0	5
VT2018	Placenta	dNK1	KLRB1	0.6	5
VT2018	Placenta	dNK1	ITGA1	0.4	5
VT2018	Placenta	dNK1	CD9	0.2	5
VT2018	Placenta	dNK1	EOMES	1.0	5
VT2018	Placenta	dNK1	TBX21	0.0	5
VT2018	Placenta	dNK1	MKI67	0.0	5
VT2018	Placenta	dNK2	ENTPD1	0.0	2
VT2018	Placenta	dNK2	ITGAE	1.0	2
VT2018	Placenta	dNK2	ITGB2	0.0	2
VT2018	Placenta	dNK2	CD160	0.0	2
VT2018	Placenta	dNK2	KLRB1	0.5	2
VT2018	Placenta	dNK2	ITGA1	0.5	2
VT2018	Placenta	dNK2	CD9	1.0	2
VT2018	Placenta	dNK2	EOMES	0.5	2
VT2018	Placenta	dNK2	TBX21	0.0	2
VT2018	Placenta	dNK2	MKI67	0.0	2
VT2018	Placenta	dNKp	ENTPD1	1.0	1
VT2018	Placenta	dNKp	ITGAE	0.0	1
VT2018	Placenta	dNKp	ITGB2	0.0	1
VT2018	Placenta	dNKp	CD160	0.0	1
VT2018	Placenta	dNKp	KLRB1	1.0	1
VT2018	Placenta	dNKp	ITGA1	0.0	1
VT2018	Placenta	dNKp	CD9	1.0	1
VT2018	Placenta	dNKp	EOMES	1.0	1
VT2018	Placenta	dNKp	TBX21	0.0	1
VT2018	Placenta	dNKp	MKI67	0.0	1
VT2018	Placenta	pbNK_CD56dim	ENTPD1	0.0	2
VT2018	Placenta	pbNK_CD56dim	ITGAE	0.0	2
VT2018	Placenta	pbNK_CD56dim	ITGB2	1.0	2
VT2018	Placenta	pbNK_CD56dim	CD160	0.0	2
VT2018	Placenta	pbNK_CD56dim	KLRB1	1.0	2
VT2018	Placenta	pbNK_CD56dim	ITGA1	0.5	2
VT2018	Placenta	pbNK_CD56dim	CD9	0.0	2
VT2018	Placenta	pbNK_CD56dim	EOMES	0.0	2
VT2018	Placenta	pbNK_CD56dim	TBX21	1.0	2
VT2018	Placenta	pbNK_CD56dim	MKI67	0.0	2
