gene	col	lineage	class	lineage_cpm	ambient_cpm	nk_cpm	soup_fraction	saturated	dataset_id	compartment
CCL21	7266	Endothelial	non_haematopoietic	8702.682992684775	285.64370155080144	1.1372751012640088	1.0	True	VT2018	Decidua
CLDN5	15003	Endothelial	non_haematopoietic	1817.8310999134928	58.258817316792836	0.6375633143449747	1.0	True	VT2018	Decidua
GNG11	5860	Endothelial	non_haematopoietic	1592.0665542507086	100.26305602531919	1.3440523924029197	1.0	True	VT2018	Decidua
ACKR1	17907	Endothelial	non_haematopoietic	956.9687089202358	31.633364443589116	0.27570305485188096	1.0	True	VT2018	Decidua
ECSCR	23635	Endothelial	non_haematopoietic	613.6018759953259	19.896388710430614	0.8788034873403705	1.0	True	VT2018	Decidua
VWF	3762	Endothelial	non_haematopoietic	610.1898173706994	20.839810268929956	0.7926462826991577	1.0	True	VT2018	Decidua
MMRN1	7578	Endothelial	non_haematopoietic	552.7534971894873	18.15494748237627	3.2739737763660863	0.5486401175328289	False	VT2018	Decidua
EGFL7	13073	Endothelial	non_haematopoietic	543.1997330405331	20.028264842263855	0.6203318734167321	1.0	True	VT2018	Decidua
PCAT19	28040	Endothelial	non_haematopoietic	490.4265596463106	16.132846794266563	0.17231440928242558	1.0	True	VT2018	Decidua
PECAM1	27168	Endothelial	non_haematopoietic	486.21835400927125	30.091428132923525	35.582925516820886	0.08366983423587948	False	VT2018	Decidua
CLEC14A	13690	Endothelial	non_haematopoietic	441.1791801642019	14.00592148854582	0.17231440928242558	1.0	True	VT2018	Decidua
ADGRL4	10563	Endothelial	non_haematopoietic	345.5278033871733	11.145223859547807	0.17231440928242558	1.0	True	VT2018	Decidua
GPX3	17633	Epithelial	non_haematopoietic	8112.7828737872	118.49239517180652	3.70475979957215	1.0	True	VT2018	Decidua
CXCL14	8594	Epithelial	non_haematopoietic	5931.183503866706	91.3292934534365	1.8093012974654687	1.0	True	VT2018	Decidua
DEFB1	11217	Epithelial	non_haematopoietic	5182.624607049014	48.26666425096645	1.3095895105464346	1.0	True	VT2018	Decidua
SLPI	5371	Epithelial	non_haematopoietic	2637.354616622421	24.58644498870513	0.6031004324884895	1.0	True	VT2018	Decidua
PCCA	13479	Epithelial	non_haematopoietic	1542.523577059131	24.97869194492708	8.943117841757887	0.2763430196976977	False	VT2018	Decidua
MT1G	5525	Epithelial	non_haematopoietic	1542.0992239430213	22.675931796762015	1.5508296835418303	1.0	True	VT2018	Decidua
SCGB1D4	16596	Epithelial	non_haematopoietic	1508.1509746542372	13.015159780157619	1.016655014766311	1.0	True	VT2018	Decidua
S100A1	10304	Epithelial	non_haematopoietic	1480.5680221071	19.017214498209	0.4824803459907917	1.0	True	VT2018	Decidua
SCGB2A1	5516	Epithelial	non_haematopoietic	1147.4508259609054	9.992153065826386	0.24124017299539585	1.0	True	VT2018	Decidua
FXYD2	7382	Epithelial	non_haematopoietic	1099.9232769566074	11.290625748492152	1.7231440928242558	0.6482823188005252	False	VT2018	Decidua
WFDC2	2505	Epithelial	non_haematopoietic	1080.8273867316664	11.706542779658529	0.36186025949309375	1.0	True	VT2018	Decidua
CLDN3	11316	Epithelial	non_haematopoietic	788.0237366159027	7.489888000272571	0.2929344957801235	1.0	True	VT2018	Decidua
TPSB2	16463	Granulocyte	haematopoietic	24063.351498637603	41.47335274191561	7.719685535852667	0.5315416452803743	False	VT2018	Decidua
TPSAB1	12938	Granulocyte	haematopoietic	22209.213215258853	38.4604903454177	7.392288158216058	0.5147586930216654	False	VT2018	Decidua
CPA3	10900	Granulocyte	haematopoietic	1473.0926430517711	2.701769982942566	1.051117896622796	0.2543107402931179	False	VT2018	Decidua
CTSG	2291	Granulocyte	haematopoietic	806.7949591280653	1.6873381996099381	1.292358069618192	0.12917754899928605	False	VT2018	Decidua
MS4A2	9051	Granulocyte	haematopoietic	581.1478201634877	1.1530707937214206	0.3790917004213363	0.3009396807849099	False	VT2018	Decidua
HDC	7794	Granulocyte	haematopoietic	317.183242506812	0.6593806591662084	0.5341746687755193	0.12212952706151389	False	VT2018	Decidua
ADCYAP1	7959	Granulocyte	haematopoietic	157.52724795640327	0.3077109742775639	0.10338864556945535	0.2944678596927613	False	VT2018	Decidua
GCSAML	12272	Granulocyte	haematopoietic	134.11103542234332	0.2738965814998096	0.10338864556945535	0.26210875423201835	False	VT2018	Decidua
CMA1	1932	Granulocyte	haematopoietic	106.43732970027249	0.18936059955542392	0.06892576371297024	0.27181648587024115	False	VT2018	Decidua
AC004791.2	28190	Granulocyte	haematopoietic	95.79359673024524	0.2231749923331782	0.12062008649769793	0.18306008232077464	False	VT2018	Decidua
GATA1	2606	Granulocyte	haematopoietic	74.50613079019074	0.22655643161095362	0.06892576371297024	0.32520900988046714	False	VT2018	Decidua
TPSG1	4489	Granulocyte	haematopoietic	59.60490463215259	0.1386390103887925	0.06892576371297024	0.1990084985835694	False	VT2018	Decidua
IL23R	10552	ILC3	haematopoietic	119.23259392390702	0.6458549020551066	0.4135545822778214	0.15451472857504783	False	VT2018	Decidua
FTL	1704	Myeloid	haematopoietic	32433.966614245845	4859.182345191733	1795.4127560773052	0.26777291759280797	False	VT2018	Decidua
SPP1	4788	Myeloid	haematopoietic	6289.908146498194	622.7292388344005	249.90758778230185	0.246540104285564	False	VT2018	Decidua
CCL3	30209	Myeloid	haematopoietic	5793.876244233369	974.3448206946005	2241.5519931504336	0.043006254877898865	False	VT2018	Decidua
C1QA	13165	Myeloid	haematopoietic	3962.3496077257355	386.97867382717544	174.64065380773832	0.2192347753609285	False	VT2018	Decidua
C1QB	13164	Myeloid	haematopoietic	3434.191184923717	330.204308353326	132.8888724386066	0.24584528265968428	False	VT2018	Decidua
CXCL8	12318	Myeloid	haematopoietic	3416.0412756496407	447.1412414573558	106.62815646396496	0.41489728036482443	False	VT2018	Decidua
C1QC	10110	Myeloid	haematopoietic	2983.632482683963	278.98902905213936	85.12331818551824	0.3242696787624366	False	VT2018	Decidua
CCL3L3	29984	Myeloid	haematopoietic	1983.5764187559664	202.19654305385944	128.59824364747422	0.1555630499903997	False	VT2018	Decidua
CXCL2	1506	Myeloid	haematopoietic	1736.6825335981987	211.48535674990853	41.83793857377293	0.5001241020176069	False	VT2018	Decidua
CD14	12536	Myeloid	haematopoietic	1553.4117577395782	151.33969631611703	61.75748428682134	0.24245493147338396	False	VT2018	Decidua
S100A9	10730	Myeloid	haematopoietic	1291.6751051277392	122.63127684780363	34.10102159699202	0.35579645840504465	False	VT2018	Decidua
IL1B	5582	Myeloid	haematopoietic	1267.1077658934148	136.54589947584952	38.0987158923443	0.35459783924294785	False	VT2018	Decidua
REN	8322	Perivascular	non_haematopoietic	8737.58588481002	439.73927087830543	3.4462881856485117	1.0	True	VT2018	Decidua
RGS5	8197	Perivascular	non_haematopoietic	3778.33543810964	190.61173208820082	1.0855807784792812	1.0	True	VT2018	Decidua
NDUFA4L2	15327	Perivascular	non_haematopoietic	1152.297277521531	59.905578245069464	0.5341746687755193	1.0	True	VT2018	Decidua
PTP4A3	15086	Perivascular	non_haematopoietic	417.1251104330058	23.490858662705893	0.34462881856485117	1.0	True	VT2018	Decidua
NOTCH3	1242	Perivascular	non_haematopoietic	206.8281472729145	15.142085085878362	0.31016593670836606	1.0	True	VT2018	Decidua
GJA4	15694	Perivascular	non_haematopoietic	205.67187531052227	10.867945838770224	0.08615720464121279	1.0	True	VT2018	Decidua
HIGD1B	6285	Perivascular	non_haematopoietic	194.75955866544535	10.184895104659587	0.24124017299539585	1.0	True	VT2018	Decidua
FRZB	10669	Perivascular	non_haematopoietic	186.08751894750344	9.85013261615982	0.03446288185648512	1.0	True	VT2018	Decidua
PI15	7352	Perivascular	non_haematopoietic	142.6550533601444	7.381681943383757	0.03446288185648512	1.0	True	VT2018	Decidua
SEPT4	3477	Perivascular	non_haematopoietic	129.430192790283	6.935331958717401	0.17231440928242558	1.0	True	VT2018	Decidua
COX4I2	6275	Perivascular	non_haematopoietic	126.90084787254992	6.732445602050875	0.13785152742594048	1.0	True	VT2018	Decidua
FHL5	3970	Perivascular	non_haematopoietic	101.24606370697177	5.237849441274136	0.01723144092824256	1.0	True	VT2018	Decidua
IGKC	17641	Plasma	haematopoietic	10428.213024401271	22.922776864039623	19.781694185622456	0.11464932539287988	False	VT2018	Decidua
JCHAIN	6467	Plasma	haematopoietic	2504.4392887480217	4.551417267885725	0.9304978101250982	0.48394839944622303	False	VT2018	Decidua
IGHG1	17830	Plasma	haematopoietic	1701.087159316141	2.9891923215534777	0.4652489050625491	0.6356766494954846	False	VT2018	Decidua
IGHG2	17828	Plasma	haematopoietic	1314.7757528133786	2.224987044776231	0.32739737763660864	0.672388149257965	False	VT2018	Decidua
IGHG3	17831	Plasma	haematopoietic	961.3886139102835	1.599420778387777	0.2929344957801235	0.5402067135152272	False	VT2018	Decidua
IGLC2	17673	Plasma	haematopoietic	713.3591313261237	1.2917098041102133	0.7926462826991577	0.16123276025222383	False	VT2018	Decidua
IGLC3	17675	Plasma	haematopoietic	708.9692289795013	1.3593385896657217	1.0338864556945535	0.13008360395218688	False	VT2018	Decidua
CD79A	3052	Plasma	haematopoietic	621.1711820470554	2.1066366700540913	1.9988471476761367	0.10427442776918736	False	VT2018	Decidua
IGHM	17833	Plasma	haematopoietic	406.06596706256266	0.8216897444994288	0.6031004324884895	0.13479878789075225	False	VT2018	Decidua
IGHG4	17827	Plasma	haematopoietic	370.9467482895843	0.7472980803883694	0.06892576371297024	1.0	True	VT2018	Decidua
TCL1A	2350	Plasma	haematopoietic	344.60733420985053	0.6830507341106362	0.32739737763660864	0.2064170306232658	False	VT2018	Decidua
VPREB3	5889	Plasma	haematopoietic	311.68306661018323	0.7405352018328185	0.2067772911389107	0.3543322047951359	False	VT2018	Decidua
APOD	16041	Stromal	non_haematopoietic	3310.639596900097	1946.4105513159802	25.65761554215317	1.0	True	VT2018	Decidua
CFD	16604	Stromal	non_haematopoietic	3180.4776679849706	1902.4146448728443	31.343991048473214	1.0	True	VT2018	Decidua
DKK1	3438	Stromal	non_haematopoietic	2311.656520132209	1349.3870138712286	12.923580696181919	1.0	True	VT2018	Decidua
TWIST2	21084	Stromal	non_haematopoietic	402.68367744768005	237.86734599511243	1.9988471476761367	1.0	True	VT2018	Decidua
FBLN2	10815	Stromal	non_haematopoietic	233.60523015368105	138.2535263111261	1.171737983120494	1.0	True	VT2018	Decidua
GAS1	14348	Stromal	non_haematopoietic	207.18727547170434	121.98204050647077	1.878227061178439	1.0	True	VT2018	Decidua
LEFTY2	8308	Stromal	non_haematopoietic	189.20585128513238	109.48424093581278	0.34462881856485117	1.0	True	VT2018	Decidua
RORB	16991	Stromal	non_haematopoietic	150.36597504213697	89.04005906238255	2.4296331708822008	1.0	True	VT2018	Decidua
PDGFRA	6837	Stromal	non_haematopoietic	138.6574148996675	81.23231576999908	0.7064890780579449	1.0	True	VT2018	Decidua
WT1	15171	Stromal	non_haematopoietic	119.76218063148286	70.14457637817345	0.7754148417709151	1.0	True	VT2018	Decidua
RP1-78O14.1	25772	Stromal	non_haematopoietic	100.12410720018083	58.64091995518146	0.8271091645556428	1.0	True	VT2018	Decidua
RP11-887P2.5	25879	Stromal	non_haematopoietic	91.62862121563978	53.32867884979626	0.32739737763660864	1.0	True	VT2018	Decidua
CD3D	11812	T	haematopoietic	897.3549407566695	40.800446325638305	73.44040123616979	0.05496644295954833	False	VT2018	Decidua
CD3G	10303	T	haematopoietic	281.52573856079556	8.257474716327593	2.6019475801646266	0.31399047232503735	False	VT2018	Decidua
IFNG	3854	T	haematopoietic	252.79862238112253	12.930623798213233	28.29402600417428	0.04521603627839753	False	VT2018	Decidua
CD8B	12915	T	haematopoietic	141.49774899662197	5.281808151885217	2.343475966240988	0.22299230616035542	False	VT2018	Decidua
CD6	340	T	haematopoietic	110.63280091520583	4.1726960687748775	5.031580751046827	0.08205027973676067	False	VT2018	Decidua
TRAT1	10814	T	haematopoietic	109.83111395205216	3.966428272830576	4.032157177208759	0.09732623257808085	False	VT2018	Decidua
CTLA4	10840	T	haematopoietic	80.56953979694339	2.481976429887163	1.1545065421922514	0.21270074693897334	False	VT2018	Decidua
CD5	3733	T	haematopoietic	72.95351364698355	2.356863176609473	1.3785152742594047	0.16915722379603404	False	VT2018	Decidua
SIRPG	1790	T	haematopoietic	69.21230781893311	2.732202936442545	3.7736855632851203	0.07163330743090504	False	VT2018	Decidua
BCL11B	5794	T	haematopoietic	64.00134255843429	2.5394608976093456	2.6019475801646266	0.09656299947424365	False	VT2018	Decidua
LINC00861	22995	T	haematopoietic	61.462667175114355	3.4456866240531605	7.788611299565637	0.04377070150154484	False	VT2018	Decidua
FN1	4369	Trophoblast	non_haematopoietic	15568.427683040794	392.82180089917136	15.921851417696123	1.0	True	VT2018	Decidua
CSH1	7147	Trophoblast	non_haematopoietic	13407.556365374996	263.91795419109434	6.754724843871083	1.0	True	VT2018	Decidua
SERPINE2	7039	Trophoblast	non_haematopoietic	8626.865993287638	196.65098263830774	57.10499523619584	0.3407138449924508	False	VT2018	Decidua
HLA-G	17316	Trophoblast	non_haematopoietic	4877.483965593347	97.87914133448751	9.684069801672319	1.0	True	VT2018	Decidua
KRT8	12525	Trophoblast	non_haematopoietic	4813.928926838471	101.96391998204022	4.187240145562942	1.0	True	VT2018	Decidua
NOTUM	15254	Trophoblast	non_haematopoietic	4413.970493294852	83.75148803194178	1.6542183291112855	1.0	True	VT2018	Decidua
QSOX1	4504	Trophoblast	non_haematopoietic	3614.0536262076143	103.15756804709495	50.470890478822454	0.2022217610701714	False	VT2018	Decidua
ISM2	2325	Trophoblast	non_haematopoietic	3474.7073774433306	66.43175605117604	1.9816157067478943	1.0	True	VT2018	Decidua
CGA	6922	Trophoblast	non_haematopoietic	3111.8227165067233	65.67093221367658	1.171737983120494	1.0	True	VT2018	Decidua
FLT1	2667	Trophoblast	non_haematopoietic	2826.007671531488	60.48718580084684	1.878227061178439	1.0	True	VT2018	Decidua
FSTL3	1101	Trophoblast	non_haematopoietic	2748.2075378832774	76.64032123078005	3.1878165717248734	1.0	True	VT2018	Decidua
PRG2	15559	Trophoblast	non_haematopoietic	2403.220560274193	48.00629342657774	2.2056244388150477	1.0	True	VT2018	Decidua
CPVL	3213	cDC1	haematopoietic	1835.7792539875065	41.66271334147104	9.42559818774868	0.4373270987734711	False	VT2018	Decidua
S100B	10265	cDC1	haematopoietic	701.1773084965955	12.937386676768783	11.83799991770264	0.10812745632559187	False	VT2018	Decidua
DNASE1L3	10878	cDC1	haematopoietic	638.5901215329376	9.261762181826896	1.7920698565372262	0.5113360953287024	False	VT2018	Decidua
CLEC9A	16674	cDC1	haematopoietic	463.88150337769997	5.126261945107547	1.206200864976979	0.42048346181559754	False	VT2018	Decidua
BATF3	5338	cDC1	haematopoietic	219.8918814712474	5.789024043551531	1.0338864556945535	0.5539878854879201	False	VT2018	Decidua
WDFY4	5968	cDC1	haematopoietic	198.47166775106498	3.3848207170532025	1.2406637468334643	0.2699288713850312	False	VT2018	Decidua
XCR1	13205	cDC1	haematopoietic	136.8885533055406	1.853028724220934	0.3790917004213363	0.48362153979510447	False	VT2018	Decidua
RP11-798K3.3	26301	cDC1	haematopoietic	67.27285871494783	0.7709681553327974	0.18954585021066814	0.4024296024572402	False	VT2018	Decidua
