AAACGAAAGACTTGAA-1	T	14
AAACGAAAGGGACGTT-1	B	18
AAACGAAAGGTTCGAG-1	T	1
AAACGAAAGTGCCCTG-1	Epithelial	3
AAACGAACAGGTCTGC-1	Myeloid	4
AAACGAACATAGCCAT-1	Epithelial	16
AAACGAACATCAACTG-1	T	2
AAACGAAGTATGGTTC-1	T	14
AAACGAATCCCAGCAG-1	Epithelial	3
AAACTCGAGTAATCAG-1	T	1
AAACTCGCACAGTTCA-1	T	17
AAACTCGGTAGATTAG-1	T	14
AAACTGCAGAACCATA-1	T	1
AAACTGCAGACCAATA-1	T	1
AAACTGCCACGCTGTG-1	T	1
AAACTGCCACGTGAAG-1	Epithelial	3
AAACTGCCACTTGCGG-1	B	18
AAACTGCGTGACAAGC-1	T	6
AAACTGCGTGCAACAG-1	T	7
AAACTGCGTGCCCTAG-1	NK	9
AAACTGCGTGTGACCC-1	Epithelial	0
AAAGATGAGCAATGTA-1	T	17
AAAGATGAGGGTAATT-1	T	2
AAAGATGCAGAATGCG-1	T	2
AAAGATGGTCTGCACG-1	T	10
AAAGATGTCCTCCCAA-1	Stromal	5
AAAGATGTCGGTAGGA-1	Epithelial	0
AAAGATGTCTGTAGAC-1	T	17
AAAGGATAGGTCACTT-1	T	2
AAAGGATCAGATTAAG-1	T	14
AAAGGATCAGGTGTGA-1	Stromal	5
AAAGGATGTAAAGCTA-1	B	8
AAAGGATGTAGTTTGC-1	NK	9
AAAGGATTCTGTAGAC-1	T	2
AAAGGGCCAAGAAACT-1	T	14
AAAGGGCCAGATTTGC-1	Epithelial	0
AAAGGGCCATGCTATG-1	T	17
AAAGGGCGTAAACCCT-1	Epithelial	0
AAAGGGCGTGACAAGC-1	T	7
AAAGGGCTCACACGTA-1	T	2
AAATGAGCAAAGCTTC-1	Stromal	5
AAATGAGCAGTAAGAT-1	T	1
AAATGCCAGCATTCCA-1	T	1
AAATGCCAGCTCGTTA-1	B	18
AAATGCCAGTTAGCAA-1	T	17
AAATGCCCAACAACTC-1	T	11
AAATGCCCAAGGGTAC-1	T	14
AAATGCCTCGGAGTTT-1	T	14
AACAAAGAGAACTAAC-1	T	14
AACAAAGCAACGCACC-1	T	14
AACAAAGCATGCGCTG-1	T	1
AACAAAGGTACCGGCT-1	Epithelial	3
AACAAAGGTCATCAAC-1	T	14
AACAAAGGTGCACTTA-1	B	18
AACAAAGTCGCTAGTA-1	B	8
AACAAAGTCGTCCCAT-1	T	17
AACAGTCAGTAGAAGG-1	T	7
AACAGTCGTGAGTCGA-1	T	12
AACAGTCGTTATCGAC-1	T	14
AACAGTCTCCATCTAT-1	Epithelial	0
AACAGTCTCCGGAAAG-1	Epithelial	3
AACATCGAGATGAGGA-1	T	12
AACATCGCAGTAAGAT-1	Epithelial	3
AACATCGGTATCCTTT-1	Epithelial	3
AACATCGTCCTTTGAT-1	T	7
AACATCGTCTGCTACC-1	Myeloid	4
AACCAACAGAAGACTT-1	Epithelial	13
AACCAACCATTGTGAC-1	T	14
AACCAACGTAGAAAGG-1	T	2
AACCAACGTAGTTTGC-1	T	17
AACCAACGTCTGTGTA-1	T	2
AACCAACGTGGAGTGT-1	T	12
AACCAACTCTAAACGC-1	B	18
AACCGATAGTCGGGAT-1	B	18
AACCGATCATACCCGG-1	Epithelial	15
AACCGATCATAGACGG-1	Epithelial	3
AACCTGACAGGTAGCA-1	T	1
AACCTGACATCACAAC-1	B	18
AACCTGAGTAGAACGC-1	T	2
AACCTGAGTTGGCTTA-1	T	1
AACCTTTAGTCGTGAG-1	T	1
AACCTTTGTTATCGAC-1	T	7
AACCTTTGTTGCTTGA-1	T	14
AACGGGAAGGAGGCGA-1	T	2
AACGGGACAAGCAGGT-1	B	8
AACGGGACATTTGGCA-1	T	12
AACGGGAGTAACGTAA-1	Epithelial	3
AACGGGATCCTGACCT-1	Epithelial	0
AACGGGATCGTGAGTT-1	T	11
AACGGGATCTTCCGTG-1	T	1
AACGTACAGTAGTTCC-1	T	17
AACGTACAGTCGGGAT-1	Epithelial	0
AACGTACCAAGCCAGA-1	Stromal	5
AACGTACCACCTCGTT-1	Epithelial	16
AACGTACTCGACCCGA-1	T	14
AACGTACTCGACGGAA-1	NK	9
AACGTACTCGCTTCAC-1	T	14
AACTGGTAGAGAGTTT-1	Myeloid	4
AACTGGTAGAGCCACA-1	Epithelial	16
AACTGGTCAATGGTCT-1	T	17
AACTGGTGTACCCACG-1	T	17
AACTGGTTCAGCCGAC-1	Epithelial	3
AACTGTGAGAGAGTTT-1	T	1
AACTGTGAGCTGATTC-1	NK	9
AACTGTGCACACACAT-1	T	6
AACTGTGGTACGTAGG-1	T	12
AACTGTGGTATTCTCT-1	Epithelial	16
AACTGTGGTCATTGCA-1	T	2
AACTGTGGTGTTAGAA-1	T	11
AACTGTGGTTCTGAAC-1	Epithelial	16
AACTTGGAGACCTATC-1	T	12
AACTTGGAGGCCTCGT-1	T	1
AACTTGGCAATTCTCT-1	NK	9
AACTTGGCAGTAGTCT-1	Stromal	19
AACTTGGTCCAACGCG-1	T	11
AACTTGGTCCATAACG-1	T	7
AAGATAGAGCGGACAT-1	T	2
AAGATAGCAAGCACTT-1	T	11
AAGATAGCAGTAGGCA-1	Epithelial	3
AAGATAGGTTTAAGCC-1	T	1
AAGATAGTCCAGGTCG-1	Epithelial	3
AAGATAGTCGCCGAAC-1	T	2
AAGATAGTCGCTGATA-1	Stromal	5
AAGATAGTCTTGTGCC-1	T	14
AAGGAGCAGGGTAATT-1	T	6
AAGGAGCAGTCGAGCA-1	T	10
AAGGAGCCAACGCAAG-1	Epithelial	15
AAGGAGCGTGGCGCTT-1	T	14
AAGGAGCTCCAACCTC-1	Myeloid	4
AAGGTTCAGTACCTCA-1	T	14
AAGGTTCCATGATCGT-1	T	6
AAGGTTCGTGATGCTT-1	T	10
AATACGCAGGCAGTGT-1	T	1
AATACGCAGGGTAATT-1	T	14
AATACGCAGTCGACCC-1	Epithelial	0
AATACGCCAAAGACGC-1	T	6
AATACGCCAATGCCAT-1	T	1
AATACGCCACGCGATC-1	Epithelial	0
AATACGCGTAATGCCT-1	T	10
AATACGCTCGATAGGG-1	Epithelial	16
AATACGCTCTGTTTAC-1	Epithelial	15
AATGCCACAAAGCATA-1	T	6
AATGCCATCAACGTGT-1	T	14
AATGCCATCGCGATGC-1	Epithelial	3
AATGCCATCGCTACCT-1	T	2
AATGGAAAGCGCCTAC-1	T	1
AATGGAACACCTGTGG-1	Epithelial	13
AATGGCTAGCTGAAAT-1	T	1
AATGGCTGTAACGTAA-1	T	1
AATGGCTTCTCGGCGA-1	T	17
AATGTCGCATAGCCAT-1	T	6
AATGTCGTCCAAGTCA-1	Stromal	5
AATGTCGTCTTACGGA-1	Stromal	5
ACAAAGAAGTGAGTTA-1	T	14
ACAAAGAGTACAAATG-1	T	2
ACAAAGAGTACCCATA-1	T	12
ACAAAGAGTCATAGCT-1	T	2
ACAAAGAGTCATTGCA-1	T	2
ACAAAGAGTTAAGGGC-1	T	17
ACAAAGATCAGGTTTG-1	Epithelial	3
ACAAAGATCTTCAGAG-1	Stromal	19
ACAAGCTAGATGTTCC-1	T	2
ACAAGCTCATAGCCGC-1	T	6
ACAAGCTGTAACAATG-1	Epithelial	3
ACAAGCTGTCGCGCTA-1	T	10
ACAAGCTGTTTGTACG-1	Epithelial	0
ACAAGCTTCCCAGCAG-1	T	14
ACAAGCTTCTTTCGAT-1	Epithelial	13
ACAATCGAGACTCTTG-1	Epithelial	3
ACAATCGAGTACGACG-1	Epithelial	0
ACAATCGAGTCGTGAG-1	T	11
ACAATCGGTGCACCCA-1	Epithelial	3
ACAGAAAAGGAGAACA-1	T	14
ACAGAAACAAGCCAGA-1	T	1
ACAGAAACAATAGCGG-1	T	17
ACAGAAAGTAAAGCTA-1	Stromal	19
ACAGACTAGCATGTGG-1	Epithelial	16
ACAGACTAGGAGAACA-1	T	11
ACAGACTCAAGATTAG-1	Epithelial	0
ACAGACTCATAGAATG-1	Epithelial	15
ACAGACTGTCAGTGTT-1	Myeloid	4
ACAGACTTCACTGATG-1	Stromal	5
ACAGACTTCAGTTGAC-1	T	1
ACAGCGCAGCATGTGG-1	T	2
ACAGCGCAGGAGAACA-1	T	7
ACAGCGCCAAGCAGGT-1	T	10
ACAGCGCCACCCTTAC-1	NK	9
ACAGCGCCAGATGGCA-1	T	2
ACAGCGCCATTGTGAC-1	Stromal	5
ACAGCGCGTCAACTGT-1	NK	9
ACAGCGCTCAGTCAAC-1	Myeloid	4
ACAGCGCTCTGTAGAC-1	Epithelial	3
ACAGGCCCAATTCAGC-1	Epithelial	0
ACAGGCCCATCGCCTT-1	T	12
ACATGCAAGGTCCTCG-1	Epithelial	15
ACATGCACAATGGTAA-1	Epithelial	3
ACATGCAGTCCAGACC-1	Myeloid	4
ACATGCAGTCTGGTTA-1	T	17
ACATGCATCACCGCGA-1	T	14
ACATGCATCGGTAGGA-1	T	14
ACATGCATCTATCTTG-1	Epithelial	0
ACATGGTAGGATATCA-1	Epithelial	0
ACATGGTAGTCTGCTA-1	Epithelial	3
ACATGGTCACAAACAA-1	Epithelial	0
ACCAAACGTGGAAAGA-1	T	1
ACCAAACGTTCTTAGG-1	T	2
ACCAAACTCGCTTGAA-1	T	1
ACCAAACTCTTCACTA-1	Stromal	5
ACCATCCAGTCAGGAC-1	T	14
ACCATCCAGTTGAATG-1	T	6
ACCATCCCAAAGACGC-1	B	18
ACCATCCCAGAATGCG-1	Epithelial	16
ACCATCCTCCCAGTAA-1	B	8
ACCATCCTCTATCTCA-1	NK	9
ACCCAAACATCACAGT-1	NK	9
ACCCAAAGTTAGGCTT-1	T	6
ACCCAAATCCGCTATC-1	T	10
ACCCAAATCGGGATCC-1	T	14
ACCCAAATCGGTCCGA-1	B	18
ACCGAATAGCACGTAG-1	Epithelial	0
ACCGAATAGGGATCCA-1	T	6
ACCGAATAGTAACTCC-1	T	2
ACCGAATCACACTAGT-1	T	14
ACCGAATCATCCGTGG-1	T	17
ACCGAATGTCAGGCTC-1	T	1
ACCGAATGTGTCTCGG-1	Myeloid	4
ACCGAATTCCCACGGA-1	T	1
ACCGCAGAGATAGGTT-1	T	6
ACCGCAGGTACGTAAA-1	T	2
ACCGCAGGTATTCGCA-1	T	1
ACCGCAGGTGGACTGA-1	T	1
ACCGCAGGTGGATTCT-1	T	14
ACCGGGTAGAAATACC-1	Epithelial	3
ACCGGGTAGCAGGAGG-1	NK	9
ACCGGGTAGCGAGAAA-1	T	17
ACCGGGTAGGAGTCTG-1	Epithelial	3
ACCGGGTAGGTAAGCC-1	Epithelial	3
ACCGGGTAGTCGTATC-1	T	7
ACCGGGTGTACTATGC-1	Myeloid	4
ACCGGGTGTTAAGGGC-1	T	1
ACCGGGTTCGATGTAC-1	B	8
ACCTGCTAGATCGAGC-1	Stromal	5
ACCTGCTAGGCGACTA-1	B	8
ACCTGCTCACTGTCAA-1	T	2
ACCTGCTGTGGAGTGT-1	T	12
ACCTGCTGTTATAGAG-1	Epithelial	0
ACGGATTAGAAGGGCG-1	Epithelial	3
ACGGATTAGGCCTAAG-1	T	14
ACGGATTAGGGCTCTC-1	Epithelial	3
ACGGATTCAATCACTG-1	T	7
ACGGATTCATTCTCGC-1	T	6
ACGGATTGTAGGTGAC-1	T	14
ACGGATTGTAGTGATA-1	T	6
ACGGATTGTCAGTGCC-1	NK	9
ACGGATTGTCGTCGCA-1	T	2
ACGGATTGTTCTACGA-1	B	18
ACGGATTGTTTGGATC-1	T	11
ACGTGGCAGGAACCGT-1	T	6
ACGTGGCCAAGACTTC-1	NK	9
ACGTGGCCAGTTAAAG-1	T	2
ACGTGGCGTACCCACG-1	B	18
ACGTGGCTCACATCCC-1	T	2
ACGTGGCTCAGTACAC-1	B	18
ACGTGGCTCGCTCGGA-1	T	17
ACGTTAGCACTTTGGA-1	T	7
ACGTTAGGTATCCTTT-1	T	10
ACGTTAGGTCTGGGAA-1	T	1
ACGTTAGTCCGAGGAA-1	Epithelial	3
ACTAACGAGGCGCTTC-1	T	11
ACTAACGCATCGACCG-1	T	17
ACTAACGGTCAAATCC-1	Myeloid	4
ACTAACGTCCGGCGAT-1	Epithelial	0
ACTAACGTCGTTCTAT-1	T	7
ACTACCCAGGTCTTGT-1	T	1
ACTACCCCAAAGGCCA-1	Epithelial	0
ACTACCCTCCAATAGC-1	T	12
ACTACCCTCCAGGCCA-1	Epithelial	0
ACTACGAAGTCGTATC-1	T	7
ACTACGACAGATTAAG-1	T	1
ACTACGACAGGTAGGT-1	T	1
ACTACGACATCCGTGG-1	T	1
ACTACGAGTCGAGGTA-1	Stromal	5
ACTAGGTCAAGTAATG-1	T	7
ACTAGGTCACACTAGT-1	Epithelial	13
ACTAGGTGTAAAGGCC-1	T	10
ACTAGGTGTATACGCT-1	T	2
ACTAGGTGTATCTAGC-1	T	10
ACTATTCAGGTGAACC-1	Epithelial	13
ACTATTCCAAGACTTC-1	T	1
ACTATTCCACTCCCAT-1	T	14
ACTATTCGTTTAGACC-1	Myeloid	4
ACTCGGGTCGAACCGC-1	T	14
ACTCGGGTCTAGCAGT-1	T	11
ACTGCAAAGGTCTTGT-1	T	1
ACTGCAACATTAGCCA-1	Stromal	5
ACTGCAAGTCTCGGGT-1	Epithelial	0
ACTGCAATCAGGTTTG-1	Myeloid	4
ACTGCGGAGAGGAACA-1	Epithelial	0
ACTGCGGAGGTGATGC-1	Stromal	5
ACTGCGGTCACAAGCT-1	T	14
ACTGCGGTCTCATCCG-1	T	12
ACTGTCCAGGCAGATC-1	T	1
ACTGTCCCAATCACTG-1	Myeloid	4
ACTGTCCCAGAACAGC-1	Epithelial	3
ACTGTCCGTGACGCAA-1	T	1
ACTGTCCGTGATGCGA-1	Stromal	19
ACTGTCCTCCGAATTG-1	Epithelial	0
ACTGTCCTCTTGTGCC-1	T	1
ACTTCCGAGCCGCAAA-1	Epithelial	0
ACTTCCGAGTGGTGTG-1	B	8
ACTTCCGCAAAGACGC-1	B	18
ACTTCCGTCACAACAC-1	T	2
ACTTCCGTCACTCCCA-1	Epithelial	3
ACTTCCGTCGATAGGG-1	T	17
ACTTTCAAGAAGACTT-1	Stromal	19
ACTTTCAAGCCATCAT-1	Epithelial	3
ACTTTCAAGTTGCTTG-1	Epithelial	16
ACTTTCACAATTCTCT-1	Epithelial	3
ACTTTCACAGAGATGC-1	Epithelial	0
ACTTTCAGTAACCCAT-1	T	11
ACTTTCAGTGTCCCAG-1	Epithelial	16
ACTTTCAGTGTCTCGG-1	Epithelial	3
AGACAAAAGAACTAAC-1	T	2
AGACAAACAAACAGTA-1	Epithelial	0
AGACAAACAGATAAGT-1	T	2
AGACAAAGTCCAAGTT-1	T	17
AGATAGAAGACGCCCT-1	B	8
AGATAGAAGCTGGAGT-1	T	17
AGATAGACAAGTTGCT-1	Epithelial	3
AGATAGACACATAAAG-1	Epithelial	16
AGATAGAGTATGGTTC-1	T	2
AGATTCGAGAGGCCTA-1	T	14
AGATTCGAGTTGGAAT-1	T	7
AGATTCGCAACTCAAC-1	T	10
AGATTCGGTGTGTGTT-1	T	2
AGCCAGCCAATGAAAC-1	T	10
AGCCAGCCACACACAT-1	T	17
AGCCAGCGTGCTAGTT-1	Epithelial	0
AGCCAGCGTGTCTCGG-1	Epithelial	3
AGCCAGCGTTTGACCA-1	T	17
AGCCCGAAGCCTCGCA-1	T	12
AGCCCGACACAGCCAC-1	Epithelial	3
AGCCCGATCTCATATC-1	T	14
AGCCCGATCTTTCGAT-1	T	2
AGCCGCACAACGTCCG-1	Stromal	19
AGCCGCACATTGATGC-1	T	2
AGCCGCAGTTAAGTCC-1	T	14
AGCCGCATCACTAGCA-1	Stromal	5
AGCCGCATCCTCCATG-1	T	1
AGCCGCATCGACTGGC-1	T	2
AGCCGCATCTAGCTGA-1	B	8
AGCCGCATCTTCATAC-1	T	1
AGCCTCTGTTACTACG-1	T	11
AGCCTCTTCAGATACC-1	NK	9
AGCCTCTTCGCCGAAC-1	Epithelial	16
AGCCTGGAGTGAAACT-1	T	17
AGCCTGGCACTCAAGT-1	Epithelial	13
AGCCTGGCATTGCACA-1	Epithelial	0
AGCCTGGGTTCTGAGT-1	T	11
AGCCTGGGTTTGCCCT-1	Epithelial	3
AGCCTGGTCTGATCTT-1	Epithelial	0
AGCCTTCAGCCTATAC-1	T	7
AGCCTTCAGTACTCTG-1	Stromal	19
AGCCTTCAGTCCGTGC-1	T	14
AGCCTTCCAGCGTCGT-1	Myeloid	4
AGCGATTAGGCCAGTA-1	T	7
AGCGATTAGTCATACC-1	T	17
AGCGATTGTGAATACA-1	T	14
AGCGATTGTTACCACA-1	T	6
AGCGTATAGAACTCCT-1	T	1
AGCGTATAGGTTAGTA-1	Epithelial	3
AGCGTATAGTACAGTA-1	T	12
AGCGTATCAAACTACC-1	T	14
AGCGTATCAGGTCCTG-1	Myeloid	4
AGCGTATCATGGTATC-1	T	14
AGCGTGCAGTCAGGAC-1	T	14
AGCGTGCAGTCTCCAA-1	Epithelial	0
AGCGTGCCAAGTCCTA-1	T	14
AGCGTGCCATTTGGTG-1	NK	9
AGCGTGCGTACTAGAA-1	T	7
AGCGTGCGTCCGAGCT-1	T	2
AGCGTGCGTGCGTCCA-1	Epithelial	0
AGCGTGCTCATCGCTC-1	Epithelial	3
AGCGTGCTCCACGCTT-1	T	7
AGCGTGCTCCATAGGT-1	T	11
AGCTATGGTTCCAATG-1	Epithelial	16
AGCTATGTCAGAACGG-1	T	6
AGCTATGTCGGACGAA-1	T	2
AGCTATGTCTCCCTTT-1	Epithelial	0
AGCTGATAGAGGTCCA-1	T	6
AGCTGATAGCGAGCTA-1	T	2
AGCTGATCAGAAGTGC-1	Stromal	19
AGCTGATGTAAACGGC-1	Epithelial	0
AGCTGATGTCGAGGTA-1	B	8
AGCTGATGTCTGTTGA-1	T	7
AGCTGATGTTAACCGT-1	Myeloid	4
AGCTGATGTTTGTGAC-1	T	2
AGCTGATTCTATCTAC-1	T	10
AGCTGGCGTATGCTAC-1	Epithelial	3
AGCTGGCGTGCTAGTT-1	T	1
AGCTGTAAGTCGTACT-1	T	7
AGCTGTAAGTGAACCG-1	T	6
AGCTGTACATACTGCA-1	T	17
AGCTGTAGTGAATGTA-1	T	10
AGCTGTATCATTCTTG-1	Epithelial	0
AGGACGACAACGCACC-1	B	18
AGGACGACAAGTGGCA-1	T	17
AGGACGACAGAACGAC-1	T	14
AGGACGACATCCCTTG-1	T	10
AGGACGAGTGCAAGAC-1	B	8
AGGACGATCGGATGTT-1	Epithelial	3
AGGCCCACATTTAGGC-1	T	17
AGGCCCAGTACCAAGG-1	Epithelial	0
AGGCCCAGTACCGGCT-1	Epithelial	0
AGGCCCATCCCGAAGC-1	Epithelial	0
AGGCCTGAGCGTTAGG-1	T	11
AGGCCTGCATGGTAAA-1	Epithelial	16
AGGCCTGGTACGGATG-1	T	12
AGGCCTGGTATTCTTC-1	T	11
AGGCCTGGTTTAGAAG-1	Epithelial	3
AGGCCTGTCCAACCTC-1	Epithelial	0
AGGCCTGTCCCGAAGC-1	T	14
AGGCCTGTCCTCATTA-1	T	2
AGGCCTGTCGCTTACC-1	T	10
AGGCGAAAGAGTGGAA-1	Epithelial	13
AGGCGAACAAAGGTCG-1	Epithelial	0
AGGCGAATCACTCCCA-1	T	14
AGGCGAATCTTCGTTA-1	Epithelial	3
AGGCGTCCAATGGCTT-1	T	1
AGGCGTCCATACTGCA-1	T	7
AGGCGTCCATCGGCCA-1	Epithelial	0
AGGCGTCGTACGTAAA-1	Epithelial	0
AGGCGTCGTCTCGGGT-1	T	12
AGGCGTCGTGCTAGTT-1	Epithelial	3
AGGCGTCTCCAGCACG-1	Epithelial	3
AGGCGTCTCCGCCTAT-1	T	1
AGTCAACAGCAGGACT-1	T	1
AGTCAACCAGGACTGA-1	Stromal	5
AGTCAACGTACTTCGA-1	T	7
AGTCAACGTTGTCGGC-1	T	17
AGTCAACTCATTGCCC-1	Epithelial	16
AGTCAACTCCGTACGG-1	T	17
AGTCAACTCTATATCC-1	T	2
AGTCCGGAGGGAAGCG-1	Stromal	19
AGTCCGGAGTCCCTCT-1	Stromal	19
AGTCCGGGTCATCAAC-1	Epithelial	0
AGTCCGGGTTTGCATG-1	T	2
AGTGCCGAGAGCCACA-1	T	2
AGTGCCGCAATCCATG-1	T	14
AGTGCCGCAGGCAGAT-1	Epithelial	3
AGTGCCGGTCCTTATT-1	Epithelial	0
AGTGCCGTCATTCATC-1	T	14
AGTGCGCGTACAAGCG-1	Epithelial	3
AGTGCGCGTCAACTAC-1	T	6
AGTGCGCTCCAGCACG-1	Epithelial	3
AGTGTACAGTACAACA-1	T	17
AGTGTACCACGCCGAT-1	T	10
AGTGTACGTAAACCCT-1	Stromal	5
AGTGTACGTAAGCCTT-1	T	1
AGTGTACGTAGCGTTT-1	T	14
AGTGTACGTCAACTAC-1	T	11
AGTGTACTCACGTGTA-1	T	7
AGTGTACTCTATCCTA-1	NK	9
AGTTACGAGTTCAGGG-1	Epithelial	15
AGTTACGCAACTCGTA-1	Epithelial	15
AGTTACGTCAGGTCTA-1	Epithelial	0
AGTTACGTCCACCTAC-1	T	14
AGTTACGTCCCAATAG-1	Myeloid	4
AGTTTGGCAGTAACGG-1	T	6
AGTTTGGGTTACTACG-1	T	10
AGTTTGGTCCCAGCAG-1	T	1
AGTTTGGTCGATCTTT-1	Epithelial	16
AGTTTGGTCGCGCTGA-1	T	11
ATAGGCTAGCCTATAC-1	Epithelial	15
ATAGGCTAGCGATACG-1	Epithelial	3
ATAGGCTCACAGTAGG-1	T	10
ATAGGCTCAGGTAACG-1	T	2
ATAGGCTCAGTAAGCG-1	T	1
ATAGGCTCATCGGCTG-1	T	1
ATAGGCTGTAATGTAG-1	B	18
ATAGGCTTCCCGTAGG-1	T	11
ATAGGCTTCCGCTCTA-1	T	7
ATAGTCGAGTCAACTC-1	T	1
ATAGTCGCAAGTCTGT-1	T	17
ATAGTCGCATCGGCCA-1	Epithelial	16
ATAGTCGGTACAAATG-1	Stromal	5
ATAGTCGGTATCTCAG-1	T	17
ATAGTCGGTCTTAGCA-1	Epithelial	0
ATAGTCGTCGAGAACG-1	T	2
ATATTCCAGTACGCGA-1	T	10
ATATTCCCACATTGCA-1	Myeloid	4
ATATTCCGTAGCATGG-1	T	14
ATATTCCTCCGTTAGA-1	T	10
ATCCAGACAAGTTGCT-1	T	14
ATCCAGAGTGCAACAG-1	T	17
ATCCAGATCCCAATGA-1	NK	9
ATCCAGATCCTCCCAA-1	Epithelial	16
ATCCAGATCGCAAACT-1	T	14
ATCCCTGAGGCAGTAC-1	Epithelial	3
ATCCCTGAGTACCTCA-1	Myeloid	4
ATCCCTGAGTCGTATC-1	Myeloid	4
ATCCCTGAGTTCGCGC-1	T	2
ATCCCTGAGTTGACAA-1	T	11
ATCCCTGCAACACGGA-1	T	2
ATCCCTGCAAGGAGGG-1	Epithelial	0
ATCCCTGCATAGGCGA-1	T	6
ATCCCTGGTGCTTCCT-1	T	1
ATCCCTGTCCATTGTT-1	Epithelial	15
ATCCTCGTCAAGTTGC-1	T	1
ATCCTCGTCGCTATTT-1	T	2
ATCCTGCAGGCAGATC-1	Epithelial	0
ATCCTGCCACCAAGGA-1	Epithelial	3
ATCCTGCGTATCACAC-1	T	1
ATCGAGTAGTCGACCC-1	T	14
ATCGAGTAGTTGCTTG-1	T	1
ATCGAGTCAAGCAATA-1	T	12
ATCGAGTCATACCCGG-1	Epithelial	0
ATCGAGTCATTCTCGC-1	Epithelial	16
ATCGAGTCATTTGGCA-1	T	1
ATCGAGTGTCCGTCGA-1	T	12
ATCGAGTGTCGATAGG-1	T	2
ATCGAGTTCATTCTTG-1	T	2
ATCGAGTTCGAACACT-1	T	1
ATGCATGAGAAACGCC-1	Myeloid	4
ATGCATGCAACGCAAG-1	Epithelial	3
ATGCATGCAAGCAGGT-1	Myeloid	4
ATGCATGGTTATCGAC-1	B	8
ATGCATGGTTCACGTA-1	T	7
ATGCATGTCACAACAC-1	Epithelial	16
ATGCATGTCGATATGC-1	T	10
ATGGATCAGAACAGGA-1	T	11
ATGGATCGTGCTGTGC-1	Epithelial	3
ATGGATCTCCGGGCAT-1	T	7
ATGTACGAGAACGTTA-1	T	12
ATGTACGAGACCCTAT-1	Stromal	5
ATGTACGCAGAACTTC-1	Myeloid	4
ATGTACGCATCACAGT-1	Epithelial	3
ATGTCGAAGAGTTTGA-1	T	10
ATGTCGAAGCTATCCA-1	Epithelial	16
ATGTCGAAGTGCACAG-1	T	6
ATGTCGACAATGTGTC-1	T	14
ATGTCGACATTCTTTG-1	Epithelial	0
ATGTCGAGTCTCAAAC-1	Epithelial	3
ATGTCGATCGCTTCAC-1	Epithelial	0
ATGTCTTCACGTTACA-1	T	1
ATGTCTTCATAGCAGG-1	T	10
ATGTCTTTCAGAACGG-1	T	11
ATGTTTCAGGGCGAAG-1	T	6
ATGTTTCCAACGTAGG-1	Epithelial	0
ATGTTTCCATCAACTG-1	T	1
ATGTTTCGTGAATGGC-1	Epithelial	15
ATGTTTCTCGAGTTAC-1	T	17
ATTACCTAGGAAGAAC-1	T	17
ATTACCTCATTCGTCC-1	Epithelial	16
ATTACTCAGAGCCTGA-1	B	8
ATTACTCAGGAGTCTG-1	T	12
ATTACTCGTGGTACTT-1	T	6
ATTACTCGTTAACCAC-1	B	8
ATTCGTTAGATGTTGA-1	T	1
ATTCGTTAGGATGTAT-1	T	12
ATTCGTTAGGGCTTCC-1	Epithelial	0
ATTCGTTCAGGGCTTC-1	Stromal	5
ATTCGTTGTGACCAGA-1	Epithelial	0
ATTCGTTGTTTCCGGG-1	Stromal	19
ATTCGTTTCGCTTGAA-1	T	2
ATTCGTTTCTAAGGTC-1	T	14
ATTGTCTCAAGGTCGA-1	Epithelial	16
ATTGTCTCAGAGCCAA-1	Epithelial	3
ATTGTCTGTCACAGGA-1	T	7
ATTGTCTGTGGATTCT-1	Epithelial	16
ATTGTGGCACTAAACC-1	Epithelial	3
ATTGTGGGTATGGATA-1	Epithelial	16
ATTGTGGGTCCTTATT-1	Epithelial	0
ATTGTGGTCATGCTTT-1	T	12
ATTTGTCCATGCTATG-1	B	18
ATTTGTCTCACTGATG-1	Myeloid	4
ATTTGTCTCCAATAGC-1	T	12
ATTTGTCTCCATCATT-1	Epithelial	15
ATTTGTCTCCATCGAA-1	Epithelial	3
ATTTGTCTCCCAGCGA-1	Epithelial	0
ATTTGTCTCGGTGATT-1	T	11
CAAAGCTAGGCTTAAA-1	T	1
CAAAGCTAGGTGTCGA-1	T	12
CAAAGCTCAACGAGGT-1	T	17
CAAAGCTCACTCCCAT-1	Epithelial	16
CAAAGCTGTGGCCTTG-1	T	10
CAAAGCTTCCGATTGA-1	Epithelial	15
CAAAGCTTCGCAAGCC-1	T	12
CAACCAAAGAGCACTG-1	Stromal	5
CAACCAATCAAACCAC-1	Epithelial	0
CAACCAATCCATCATT-1	T	14
CAACGGCAGAGCACTG-1	Epithelial	3
CAACGGCAGGCCAGTA-1	Epithelial	3
CAACGGCAGTGAGTGC-1	T	10
CAACGGCAGTTCTCCC-1	T	10
CAACGGCCAGTGCTCG-1	T	7
CAACGGCGTAGCCATT-1	T	1
CAACGGCGTCATTGGT-1	T	10
CAACGGCTCCTGAAAC-1	T	1
CAACGGCTCTGGTACA-1	Epithelial	15
CAACGTAAGGCCTCTG-1	T	1
CAACGTAGTACAACGG-1	T	17
CAACGTATCGGGAATG-1	Epithelial	13
CAACGTATCTATACCT-1	T	1
CAAGAAAAGTCCCGCA-1	T	14
CAAGAAACAAGGACCA-1	T	6
CAAGAAAGTGGACCAA-1	T	7
CAAGAAAGTGGTCGAA-1	B	8
CAAGCTACACGCGTTG-1	T	7
CAAGCTACACTCCTCA-1	B	8
CAAGCTACACTGCTCT-1	B	8
CAAGCTAGTCTCGGGT-1	T	12
CAAGCTAGTGAATCAA-1	Epithelial	3
CAAGCTAGTTCCAGTA-1	T	1
CAAGCTATCGATTACG-1	T	6
CAAGGCCAGAAGACTT-1	Myeloid	4
CAAGGCCCAAGAGATT-1	T	10
CAAGGCCCAAGATGCG-1	T	1
CAAGGCCCAATTGCCA-1	Epithelial	13
CAAGGCCCACTCCTCA-1	Epithelial	16
CAAGGCCCAGCGTGAA-1	Epithelial	13
CAAGGCCCATAGGCGA-1	Epithelial	0
CAAGGCCTCAACACGT-1	T	10
CAAGGCCTCGACTGGC-1	T	17
CAATCCCAGTATCTGC-1	T	2
CAATCCCCACTCCACT-1	T	1
CAATCCCCAGCGCGTT-1	Stromal	5
CAATCCCCAGGGAGTT-1	Myeloid	4
CAATCCCGTACGTAGG-1	Epithelial	3
CAATCCCTCAGAACGG-1	T	12
CAATCCCTCAGGCGCT-1	T	12
CAATCCCTCGATGCAT-1	T	1
CAATCCCTCGGTCTAA-1	T	14
CAATCCCTCTGGCGCA-1	Epithelial	16
CACAACAAGTTAGAGT-1	T	1
CACAACACATTGCGAT-1	T	6
CACAACAGTTACCCAA-1	T	10
CACAACAGTTCCCGGA-1	T	1
CACAACAGTTTGTACG-1	Epithelial	0
CACAACATCGCTCTAC-1	Epithelial	13
CACAGATCAACGCACC-1	Myeloid	4
CACAGATCATGCTATG-1	Epithelial	0
CACAGATGTACGGTTT-1	T	1
CACAGATGTTACCCAA-1	Epithelial	13
CACAGATGTTTAAGGA-1	Myeloid	4
CACATGAAGCTACGTT-1	T	1
CACATGACACATTGCA-1	T	14
CACATGACAGGTAGGT-1	Epithelial	0
CACATGAGTCTGTCCT-1	Myeloid	4
CACATGATCGGAAAGC-1	B	18
CACCACTAGGTAAGCC-1	T	1
CACCACTAGTGATATG-1	Epithelial	0
CACCACTCAAATGCTC-1	T	6
CACCACTCACTGGGCT-1	T	12
CACCACTCATCAACTG-1	T	6
CACCACTTCAATTGGC-1	B	18
CACCACTTCGCCTTAC-1	Myeloid	4
CACCTGTAGACCTATC-1	Myeloid	4
CACCTGTCATGTGAGG-1	Epithelial	3
CACCTGTCATTGAACC-1	B	18
CACCTGTTCATACTTC-1	T	12
CACCTTGAGTGGGACT-1	B	8
CACCTTGGTCAGTGCC-1	Stromal	5
CACCTTGGTGAGTAAT-1	Myeloid	4
CACCTTGTCGGTGATT-1	T	1
CACCTTGTCTGACTTT-1	T	14
CACGTTCAGAGGCCTA-1	T	2
CACGTTCAGGCCAGTA-1	T	10
CACGTTCAGTGAGCTG-1	Epithelial	3
CACGTTCCACAGCTTA-1	B	18
CACGTTCCACATTGCA-1	Epithelial	0
CACGTTCCACGAACGA-1	Epithelial	3
CACGTTCCACTCGTGG-1	T	10
CACGTTCCATTGTGAC-1	Stromal	5
CACGTTCCATTGTTCT-1	T	6
CACGTTCGTAAACGGC-1	T	14
CACGTTCTCTTTCGAT-1	T	12
CACTAAGCACTTTGGA-1	T	11
CACTGAAAGTCGAGCA-1	Epithelial	0
CACTGAAGTAGTCCAT-1	T	11
CACTGAAGTGCTTTGA-1	Epithelial	3
CACTGAATCGACTCGG-1	Epithelial	3
CACTGAATCGGTTGTA-1	T	6
CACTGAATCGTTGTAG-1	Stromal	5
CACTGAATCTGAAAGA-1	B	18
CAGCCTTAGACAGTGC-1	T	17
CAGCCTTAGGTAGGAA-1	T	10
CAGCCTTCAATGGTAA-1	T	14
CAGCCTTCATAGACGG-1	B	8
CAGCCTTCATAGCCGC-1	Epithelial	0
CAGCCTTCATTGTTCT-1	T	7
CAGCCTTGTAACGGAC-1	B	8
CAGCCTTGTGCTGTCG-1	NK	9
CAGCCTTTCTGCTACC-1	Stromal	19
CAGCTAAAGGCGCTTC-1	Epithelial	0
CAGCTAAGTATGAAGT-1	T	11
CAGCTAATCACTAGGT-1	Epithelial	0
CAGCTGGAGAAATCTG-1	Stromal	19
CAGCTGGAGCCCATGC-1	T	6
CAGCTGGAGGCGCTTC-1	Epithelial	0
CAGCTGGAGTCGCGTC-1	Epithelial	0
CAGCTGGGTAAAGGCC-1	Epithelial	3
CAGCTGGTCCCACTTG-1	Epithelial	3
CAGCTGGTCGACTATG-1	Epithelial	16
CAGGATTAGCGTCTGC-1	T	14
CAGGATTCAGGACTGA-1	NK	9
CAGGATTGTAGTAACA-1	T	1
CAGGATTGTCCCGAGT-1	Epithelial	0
CAGGATTGTTCTGAAC-1	Epithelial	13
CAGGGCTAGGCAGTGT-1	Epithelial	0
CAGGGCTCATTGTGAC-1	Epithelial	0
CAGGGCTGTACGGAGT-1	Epithelial	0
CAGGGCTGTCCCGTGA-1	T	14
CAGGGCTGTTCTGAGT-1	T	14
CAGGGCTTCACAAGCT-1	Epithelial	0
CAGGGCTTCTCGTGAA-1	B	18
CAGGGCTTCTCTGTTA-1	T	2
CAGGGCTTCTGTAGAC-1	Epithelial	15
CAGTATGGTAACCATC-1	Epithelial	0
CAGTATGGTACCGGCT-1	T	11
CAGTATGGTTTAGACC-1	T	10
CAGTATGTCATTGCCC-1	Stromal	5
CAGTATGTCTTACCTA-1	Epithelial	0
CAGTGCGAGTACCACT-1	T	1
CAGTGCGCAACTCCCT-1	Epithelial	0
CAGTGCGCATGTGGGA-1	T	7
CAGTGCGGTGCCAAGA-1	Epithelial	0
CAGTGCGGTTTCAGCA-1	Myeloid	4
CAGTGCGTCAGCACTA-1	Epithelial	0
CAGTGTACAAAGACGC-1	Stromal	5
CAGTGTACACACACCG-1	B	8
CAGTGTACAGCGTAGA-1	T	6
CAGTGTACATGGCCGT-1	T	10
CAGTGTACATTACTTC-1	Epithelial	3
CAGTGTACATTAGCCA-1	T	1
CAGTGTAGTGATGCTT-1	T	12
CATAACGAGACTAGGC-1	T	14
CATAACGAGGATGTCG-1	T	7
CATAACGAGTGCACAG-1	B	18
CATAACGCACAGAAGC-1	T	2
CATAACGCACTCGTGG-1	Epithelial	3
CATAACGGTAAACGTA-1	T	11
CATAACGGTAGAAAGG-1	Epithelial	3
CATAACGGTGCACTTA-1	B	18
CATAACGGTTTGCCAA-1	Epithelial	3
CATGCCTAGCGTAGCA-1	T	10
CATGCCTAGTGCTAGG-1	T	7
CATGCCTCAACAAACA-1	T	7
CATGCCTCATGCGTTA-1	Epithelial	13
CATGCCTCATGGCCTG-1	T	2
CATGCCTGTAAACGTA-1	T	1
CATGCCTGTATCAGCT-1	B	18
CATGCCTGTCTCGGGT-1	T	7
CATGCCTGTTTCCGGG-1	Epithelial	16
CATGCCTGTTTCGATG-1	T	1
CATGCCTTCCAGTACA-1	Epithelial	15
CATGCCTTCGTGTGCG-1	T	14
CATGTTTAGCGAGAAA-1	T	7
CATGTTTCAGATAAGT-1	T	17
CATGTTTCAGCCGAAA-1	T	10
CATGTTTCATTAACGC-1	T	1
CATGTTTGTGCCAAGA-1	B	8
CATGTTTTCGACCCGA-1	B	18
CATGTTTTCGGTTCCT-1	T	11
CATTCATCAGCAACAG-1	Epithelial	3
CATTCATCAGCCACGT-1	T	7
CATTCATCATCAGCTA-1	Stromal	5
CATTCATGTCAACGGA-1	Epithelial	16
CATTCATGTCCTATTT-1	T	12
CATTCATTCGCCGAAC-1	Epithelial	0
CATTCCGAGTTCCAGT-1	T	10
CATTCCGGTAAACGTA-1	T	6
CATTCCGGTCCAAGTT-1	Stromal	19
CATTCCGTCCCAGCAG-1	Stromal	5
CATTGGAAGGATCCTT-1	Stromal	19
CATTGGACAATCCATG-1	Epithelial	0
CATTGGACATCTCACC-1	T	1
CATTGGAGTCCAAGAG-1	T	11
CATTGGATCGAACCGC-1	T	11
CCAATGAGTAGACACG-1	T	14
CCAATGAGTGGTAGAC-1	Stromal	5
CCAATGAGTTCTTTCA-1	T	1
CCAATGATCTATCCTA-1	T	7
CCACAGGAGCAGAAAG-1	T	14
CCACAGGGTGTGCGTC-1	T	2
CCACAGGTCGCCACTT-1	Epithelial	13
CCACGTTAGCCATTCA-1	Epithelial	16
CCACGTTCATTGTGAC-1	Epithelial	13
CCACGTTGTCGATTAC-1	T	1
CCACGTTGTTGTGACT-1	T	1
CCACGTTTCGATCGCG-1	Stromal	5
CCACGTTTCTTGGCCT-1	Stromal	5
CCAGAATAGGCTTTAC-1	Epithelial	0
CCAGAATCAATCACTG-1	T	1
CCAGAATTCGTCCCAT-1	T	2
CCAGAATTCTTTATCG-1	Epithelial	0
CCAGATACAATGGTAA-1	Myeloid	4
CCAGATACATTACACG-1	T	1
CCAGATACATTTCTTG-1	T	12
CCAGATAGTAACCGAG-1	T	10
CCAGATAGTACGGAGT-1	T	6
CCAGATATCAAAGTAG-1	Myeloid	4
CCATACCAGAATATCG-1	T	12
CCATACCCACCACAGC-1	Epithelial	0
CCATACCCATTAAGGA-1	T	2
CCATACCGTGAGTTGG-1	T	1
CCATACCGTGCCCGAT-1	T	7
CCCACATAGAGTAAGG-1	T	1
CCCACATAGATCTCAC-1	T	7
CCCACATAGCTAGCAG-1	NK	9
CCCACATCAGGTGTGA-1	Stromal	19
CCCACATCAGTTGCAT-1	Epithelial	16
CCCACATGTCTAAGAA-1	Epithelial	3
CCCACATGTTGCAGCC-1	T	1
CCCACATTCATGAACC-1	T	14
CCCAGAGAGAAATCTG-1	T	7
CCCAGAGAGAGATTAC-1	Myeloid	4
CCCAGAGCAGCAAACG-1	T	12
CCCAGAGCATTGTGAC-1	T	14
CCCAGAGGTGATCAGG-1	T	7
CCCAGAGGTTCTGATG-1	Stromal	5
CCCAGAGTCAACGTGT-1	Myeloid	4
CCCGTTAAGCGTGTTT-1	T	6
CCCGTTACACAGGTAG-1	T	12
CCCGTTACATTGATGC-1	Epithelial	0
CCCGTTAGTACAAGCG-1	T	11
CCCGTTAGTCGGCTGT-1	T	2
CCCTAACAGAGAATTC-1	T	10
CCCTAACAGCCATCAT-1	T	10
CCCTAACAGTGTCGCC-1	T	6
CCCTAACGTGCCCAGT-1	T	1
CCCTAACGTTTCACCC-1	NK	9
CCCTAACTCAGGAAGC-1	T	7
CCCTAACTCCTAGAGT-1	Epithelial	0
CCCTAGTCACGCTAAT-1	T	1
CCCTAGTGTGGACCAA-1	Stromal	5
CCCTAGTTCTCTTAAC-1	Stromal	5
CCCTAGTTCTGTCGGG-1	T	2
CCCTAGTTCTGTCGTC-1	T	12
CCCTCTCAGGTTGTGG-1	Epithelial	3
CCCTCTCCAAGATTAG-1	T	12
CCCTCTCCAGTATACC-1	T	1
CCCTCTCCATCTCTCG-1	T	14
CCCTCTCCATCTGCAA-1	T	11
CCCTCTCGTCAAGACG-1	T	17
CCCTCTCGTCTGGTCG-1	NK	9
CCCTCTCGTGGACCAA-1	Epithelial	0
CCCTCTCGTTCCATCC-1	T	10
CCCTCTCTCCATACCC-1	Epithelial	3
CCCTGATAGAAGAGTG-1	B	18
CCCTGATCAACAAACA-1	T	2
CCGAAGCAGGGTAATT-1	T	1
CCGAAGCAGTTGTCCA-1	T	2
CCGAAGCCAGTTCGGC-1	T	1
CCGAAGCGTCAGCTTA-1	Stromal	19
CCGAAGCGTCTCTGCT-1	NK	9
CCGAAGCTCTCTGAGA-1	Epithelial	13
CCGCATTAGCAGGACT-1	Epithelial	0
CCGCATTAGCTAGCAG-1	B	18
CCGCATTGTGTTGGTT-1	T	2
CCGCATTTCGATCGCG-1	B	8
CCGTACTAGACTAATG-1	T	14
CCGTACTAGAGCTGTG-1	T	10
CCGTACTAGGACTAGC-1	Epithelial	3
CCGTACTAGGGTGTTG-1	NK	9
CCGTACTAGTGATTAG-1	T	1
CCGTACTAGTGTCACT-1	Epithelial	0
CCGTACTGTCTGAGCC-1	Epithelial	3
CCGTACTGTTACTACG-1	T	7
CCGTAGGAGTTCGACT-1	T	2
CCGTAGGCATGGCCCA-1	T	1
CCGTAGGGTCGAGAAC-1	T	17
CCGTAGGGTTGAATAG-1	T	10
CCGTAGGTCAATCGTG-1	Stromal	19
CCGTAGGTCACAACAC-1	Stromal	5
CCGTAGGTCCAGTTAG-1	Epithelial	3
CCGTGAGAGATGCGCA-1	T	14
CCGTGAGAGGCAATTA-1	B	18
CCGTGAGCATGCGACC-1	B	18
CCGTGAGTCATTGCCC-1	NK	9
CCGTGAGTCCAAACCA-1	T	10
CCTAAAGAGTAACACA-1	Epithelial	15
CCTAAAGCAGACCTGC-1	T	6
CCTAAAGCATTGATGC-1	Epithelial	16
CCTAAAGGTAGATTAG-1	Epithelial	13
CCTAAAGGTATTCGAC-1	T	14
CCTAAAGTCGCCTTAC-1	Epithelial	15
CCTATTACAACGGACA-1	T	11
CCTATTACACACATTG-1	T	2
CCTATTACAGTTGGAG-1	Epithelial	3
CCTATTACATGATTGC-1	T	2
CCTATTAGTAGCATGG-1	Epithelial	3
CCTATTAGTCATAGCT-1	T	14
CCTATTAGTGATGCTT-1	T	6
CCTATTAGTTCCCTTG-1	Epithelial	3
CCTATTATCTTGTCGC-1	Epithelial	0
CCTCCCTTCAGCACTA-1	T	17
CCTCCCTTCTCTATCA-1	Epithelial	3
CCTGCTAAGACGCCCT-1	Epithelial	3
CCTGCTAGTGTCCCAG-1	T	7
CCTGCTAGTTCCCAAA-1	Myeloid	4
CCTGCTATCAGTGTAC-1	B	18
CCTGCTATCGCGCCAA-1	T	12
CCTGCTATCTCGTAGA-1	T	14
CCTGGGAAGAGATTAC-1	T	17
CCTGGGACAGTGCGTC-1	Stromal	19
CCTGGGAGTGTTTCTT-1	Epithelial	15
CCTGGGATCAAATGGA-1	T	10
CCTGGGATCAGTCTTT-1	Epithelial	3
CCTTAATAGTGAGCAC-1	T	14
CCTTAATGTACCGGCT-1	B	18
CCTTAATGTGAGTCGA-1	Epithelial	0
CCTTAATGTGATTCCA-1	T	6
CCTTGCAAGACCATAA-1	T	7
CCTTGCACAACTGCGC-1	T	10
CCTTGCACACACATGT-1	T	1
CCTTGCACAGCCACGT-1	T	14
CCTTGCATCTGTCGTC-1	Stromal	19
CCTTGGTCAGCAACCC-1	T	6
CGAGTTAAGGCCTCTG-1	Epithelial	0
CGAGTTACAAGCGTCC-1	Epithelial	0
CGAGTTAGTATGGGTG-1	T	1
CGAGTTAGTTCCTGTC-1	B	18
CGAGTTAGTTGCAGAG-1	Epithelial	0
CGAGTTATCAGAGTGG-1	T	12
CGATGATAGCAATGTA-1	Epithelial	13
CGATGATCAGTGCTCG-1	T	12
CGATGATGTGGACAGT-1	Epithelial	3
CGATGATGTTTCGACA-1	T	14
CGATGATTCTCGCGTT-1	B	18
CGCAATAAGCGTAGCA-1	T	1
CGCAATAGTGCAAGAC-1	T	1
CGCAATAGTGGACAGT-1	T	17
CGCAATAGTGTACGCC-1	Stromal	19
CGCAATATCCTCATTA-1	Epithelial	0
CGCAATATCCTTGACC-1	T	1
CGCACAGAGGAGAACA-1	Epithelial	0
CGCACAGAGGCTCAGA-1	Epithelial	15
CGCACAGCACACATGT-1	T	6
CGCACAGCATGGTAAA-1	T	17
CGCACAGGTCATGAGG-1	Epithelial	3
CGCACAGGTGCCAAGA-1	T	17
CGCAGGTAGGCAGTAC-1	T	2
CGCAGGTCAACAAACA-1	T	14
CGCAGGTCACTACACA-1	T	12
CGCAGGTTCAAACCCA-1	NK	9
CGCAGGTTCATGTTCT-1	T	14
CGCAGGTTCCGGGCAT-1	T	14
CGCGCAAAGAACGTCG-1	B	18
CGCGCAAAGGACCGAT-1	T	2
CGCGCAAAGGATGTCG-1	T	6
CGCGCAACAAGCAGGT-1	Epithelial	0
CGCGCAACATCTCTCG-1	T	14
CGCGCAACATGCGACC-1	Epithelial	16
CGCGCAAGTTGAAGCG-1	Epithelial	3
CGCGCAATCGCAAACT-1	T	2
CGCTAGGAGTAGAAGG-1	T	1
CGCTAGGCAAGTCTGT-1	Stromal	19
CGCTAGGCATATACGC-1	T	2
CGCTAGGGTAAGTCTC-1	T	7
CGCTAGGGTGCTTGAT-1	Epithelial	3
CGCTAGGGTTGAAGCG-1	T	17
CGCTAGGTCGAGGTAG-1	T	11
CGCTAGGTCGCTATAG-1	T	6
CGCTAGGTCTCGACCT-1	Epithelial	0
CGCTAGGTCTGACTTT-1	T	10
CGCTAGGTCTGGTACA-1	B	8
CGCTAGGTCTTAACGG-1	Epithelial	0
CGCTATCAGCGAATAT-1	T	12
CGCTATCAGGGAGTTC-1	T	11
CGCTATCAGTATAGTG-1	B	8
CGCTATCAGTGTCACT-1	Epithelial	3
CGCTATCCAATGGTCT-1	T	2
CGCTATCGTAGAAGCC-1	T	7
CGCTATCTCTGACATG-1	T	11
CGCTATCTCTTCACTA-1	T	7
CGCTGGACAGATTGTC-1	Epithelial	13
CGCTGGATCGTTCTAT-1	Epithelial	16
CGGACCAAGAAAGGGT-1	Epithelial	0
CGGACCAAGAGCGGTT-1	Epithelial	0
CGGACCAAGCGTCAAG-1	Epithelial	0
CGGACCAAGTCCGTGC-1	Epithelial	16
CGGACCAAGTTACCAC-1	T	2
CGGACCAGTCCCGTGA-1	NK	9
CGGACCAGTCGCGCTA-1	Epithelial	13
CGGACCAGTGGTGGTA-1	T	2
CGGACCAGTTCTTATC-1	Epithelial	3
CGGACCATCACCACAA-1	Stromal	5
CGGACCATCTGAAAGA-1	Stromal	19
CGGACTGAGGTGATGC-1	Epithelial	13
CGGACTGCACTGTCGG-1	Myeloid	4
CGGACTGCAGGCTACC-1	Epithelial	3
CGGTGCACAAGCAATA-1	T	7
CGGTGCACACAGCTTA-1	Epithelial	3
CGGTGCAGTCATTGGT-1	T	7
CGGTGCATCTGTCGTC-1	Epithelial	3
CGTAAACAGCAGAAAG-1	T	11
CGTAAACAGGCAGTGT-1	Myeloid	4
CGTAAACCACGTTAGT-1	T	7
CGTAAACCATAGACGG-1	Myeloid	4
CGTACAAAGAGGCCTA-1	T	17
CGTACAAAGGTTGTTC-1	T	7
CGTACAACACATCATG-1	Epithelial	13
CGTACAAGTCTCTAAG-1	T	14
CGTACAATCTAGTCGA-1	T	10
CGTGGCAAGTAATCAG-1	T	7
CGTGGCAAGTTATGAG-1	Epithelial	15
CGTGGCACAAGAGATT-1	T	17
CGTGGCACACAAGTGG-1	Epithelial	3
CGTGGCATCAAACCCA-1	T	1
CGTGGCATCCAGTTAG-1	Epithelial	0
CGTGGCATCCGAGAGA-1	T	12
CGTTCCAAGGTACATA-1	Epithelial	3
CGTTCCACAACAACTC-1	T	14
CGTTCCACAATGCCAT-1	Epithelial	3
CGTTCCACACTTACAG-1	Epithelial	13
CGTTCCACAGGCATCC-1	T	10
CGTTCCAGTCTAACCA-1	T	11
CGTTCCATCCCACTAC-1	Epithelial	0
CGTTCCATCCCGCAAG-1	T	2
CGTTCCATCGGGAATG-1	Stromal	5
CTAACTTAGAACGTCG-1	Epithelial	3
CTAACTTAGATACCAA-1	T	2
CTAACTTAGGCAGTGT-1	T	10
CTAACTTCACTCAAGT-1	T	7
CTAACTTCAGCGTACC-1	Epithelial	13
CTAACTTCAGGGTACA-1	T	1
CTAACTTGTCCGGTAC-1	Myeloid	4
CTAACTTTCCAATAGC-1	T	14
CTAACTTTCGCTGATA-1	T	14
CTAACTTTCTTCACTA-1	Myeloid	4
CTACAGAAGAGGAATG-1	T	12
CTACAGAAGTGGGACT-1	T	14
CTACAGACAAGTGGCA-1	T	2
CTACAGACAGAGAGAA-1	T	14
CTACAGACAGCTTACA-1	NK	9
CTACAGAGTGAGTTGG-1	B	8
CTACAGAGTTGAAGCG-1	Myeloid	4
CTACAGATCGGGTCCA-1	T	1
CTACAGATCTTACCTA-1	B	8
CTACTTACAAGGAGGG-1	Epithelial	3
CTACTTACACGATATC-1	T	7
CTACTTATCAATTCCT-1	Stromal	5
CTACTTATCGAGTGTT-1	T	1
CTACTTATCGCGCCAA-1	T	14
CTAGCGGCAAGCCTTA-1	T	7
CTAGCGGCAAGGTCGA-1	Epithelial	0
CTAGCGGCAATGCACT-1	Epithelial	16
CTAGCGGGTGGACTGA-1	Epithelial	16
CTAGCGGGTGTGCGTC-1	Epithelial	13
CTAGCGGTCTTGTCAT-1	T	1
CTAGCGGTCTTTGCAT-1	B	18
CTAGGATAGATGGCAC-1	Myeloid	4
CTAGGATCAAACCCTA-1	T	12
CTAGGATCAAGGCGTA-1	T	10
CTAGGATGTATGTCCA-1	T	1
CTAGGATTCTACTTTG-1	B	18
CTAGGGCAGATTACGA-1	T	7
CTAGGGCTCCACACCT-1	T	2
CTAGGGCTCCCTAAAG-1	Epithelial	16
CTAGGGCTCCTTCGAC-1	Epithelial	3
CTAGGGCTCGATTACG-1	Epithelial	3
CTCAACCAGCTCGGCT-1	T	2
CTCAACCCAGTAACTC-1	Stromal	5
CTCAACCCAGTAAGCG-1	T	6
CTCAACCGTAGCCATT-1	B	18
CTCAACCGTATTCTTC-1	T	10
CTCACCACAGTTACAC-1	B	18
CTCACCAGTATGAAGT-1	B	8
CTCACCAGTGGATTCT-1	Myeloid	4
CTCACCAGTTCATTTC-1	T	14
CTCACCATCACATTCT-1	Epithelial	3
CTCAGAAAGCAGAAAG-1	T	2
CTCAGAAAGCGTCAAG-1	Stromal	5
CTCAGAACACTTGCGG-1	T	10
CTCAGAACATGGTTTG-1	T	10
CTCAGAATCGCGTGAC-1	T	10
CTCAGAATCTGGCTAA-1	T	10
CTCAGCTAGGGAGTTC-1	T	1
CTCAGCTCACAAGTGG-1	T	7
CTCAGCTGTGCAAGCA-1	Stromal	19
CTCAGCTGTTACGAAA-1	Epithelial	0
CTCAGCTTCCTAAGTG-1	T	2
CTCAGCTTCTCGTGAA-1	Epithelial	0
CTCATGCGTCGCTAGC-1	Epithelial	3
CTCCCAACACTCCACT-1	T	1
CTCCCAACAGGCATCC-1	T	2
CTCCCAAGTCTGTGTA-1	Epithelial	0
CTCCCAAGTGAAACAT-1	Epithelial	0
CTCCCAAGTTTGCCCT-1	T	7
CTCCCAATCACCACAA-1	T	10
CTCCCAATCAGTCACA-1	Epithelial	3
CTCCCAATCCCTACCA-1	Myeloid	4
CTCCCAATCCTATCAT-1	T	12
CTCGCTAAGACCAATA-1	Epithelial	15
CTCGCTACAACGCAAG-1	Epithelial	3
CTCGCTACACTCGCAG-1	T	1
CTCTACGCAGCGTGAA-1	T	1
CTCTACGGTACGAGAC-1	T	17
CTCTACGGTCCAAGAG-1	T	11
CTCTACGGTTATAGAG-1	T	10
CTCTACGTCCAGGGAA-1	T	11
CTCTACGTCGACTTAG-1	T	14
CTCTAGCAGCCAGAAC-1	T	12
CTCTAGCAGGTCGTTT-1	T	1
CTCTAGCAGTCTCCAA-1	T	1
CTCTAGCCACTCAGCG-1	T	10
CTCTAGCGTGCACATT-1	T	1
CTCTAGCTCAATCGTG-1	Epithelial	0
CTCTAGCTCAGGAAGC-1	T	1
CTCTAGCTCCATCGAA-1	T	1
CTCTAGCTCCGAGGAA-1	T	14
CTCTCAGCACTGTCGG-1	T	2
CTCTCAGCATGTAGAA-1	T	11
CTCTCAGGTTCCTATT-1	T	14
CTCTCAGTCGGTCTCT-1	T	17
CTCTCAGTCGTTGTAG-1	Epithelial	3
CTCTCGAGTCCTCAGG-1	T	10
CTCTCGATCTATAGGC-1	Stromal	5
CTGAATGAGGCTAAAT-1	NK	9
CTGAATGGTACTTGAC-1	Epithelial	0
CTGAATGTCCATACCC-1	T	1
CTGAATGTCCTTTGAT-1	T	1
CTGAATGTCGCGCTGA-1	Epithelial	13
CTGCGTTCAAGGGAGG-1	T	14
CTGCGTTGTCAACAGG-1	T	2
CTGCGTTTCCATGACA-1	B	18
CTGCGTTTCGATCTTT-1	T	2
CTGCGTTTCTGGAAGG-1	T	12
CTGCTCAAGGCTCCTG-1	T	7
CTGCTCAAGGGTTCTT-1	T	6
CTGCTCACACAAACGG-1	T	2
CTGCTCAGTAGATGAT-1	T	17
CTGGCAGAGTTGCCGC-1	Epithelial	3
CTGGCAGCAACATAAG-1	Stromal	5
CTGGCAGCACATCATG-1	Myeloid	4
CTGGCAGTCTCGTAGA-1	T	7
CTGGGACAGCTCCATA-1	T	14
CTGGGACCAACGTACT-1	T	12
CTGGGACCAGTCAGAG-1	Epithelial	13
CTGGGACGTGAGGGTT-1	Epithelial	0
CTGTATTAGTATGGGC-1	T	10
CTGTATTCAACTAGAA-1	T	7
CTGTATTTCCACACCT-1	Myeloid	4
CTGTTCGCAATTGTGC-1	T	11
CTGTTCGCACGATATC-1	T	12
CTGTTCGCAGAACGAC-1	T	1
CTGTTCGCATAGGCGA-1	T	10
CTGTTCGGTGCTGTCG-1	T	1
CTGTTCGGTTTCACCC-1	T	1
CTGTTCGTCACTGGTA-1	Stromal	19
CTGTTCGTCTGGCTAA-1	Epithelial	0
CTGTTCGTCTGGTACA-1	T	6
CTTAATCAGCCTGGTC-1	Myeloid	4
CTTAATCCAGGACTGA-1	Myeloid	4
CTTAATCGTAAACGGC-1	Myeloid	4
CTTAATCGTCCCGAGT-1	T	12
CTTAATCGTTAGGAAT-1	Stromal	5
CTTAATCGTTGCCTGG-1	T	12
CTTAATCTCCCACGGA-1	T	1
CTTAATCTCGTTCAGA-1	NK	9
CTTCCAGAGAGTTCGG-1	T	14
CTTCCAGCAACTACTG-1	T	17
CTTCCAGCAATACTGC-1	T	1
CTTCCAGGTACGCAAG-1	Epithelial	0
CTTCCAGGTCAGGCTC-1	Myeloid	4
CTTCCAGGTTGGTAAA-1	Stromal	5
CTTCCAGTCTCTTCTC-1	T	6
CTTCCAGTCTGGCACG-1	Epithelial	0
CTTCTAAAGCATACCT-1	T	17
CTTCTAAAGCCATTCA-1	T	14
CTTCTAAAGTCCGTGC-1	T	2
CTTGAAGCAAGATTAG-1	T	6
CTTGAAGCACCCTTTG-1	T	1
CTTGAAGCAGAACTTC-1	T	10
CTTGAAGCATAAAGTG-1	T	14
CTTGAAGGTACCCATA-1	T	2
CTTGAAGTCCCTAAAG-1	T	7
CTTGAAGTCCTGGAAT-1	Epithelial	0
CTTGCCAAGCCCATTA-1	Epithelial	16
CTTGCCAAGGTAGGAA-1	T	11
CTTGCCAAGTCGTATC-1	Stromal	5
CTTGCCAAGTTCAGGG-1	T	1
CTTGCCACAAGAGATT-1	Epithelial	3
CTTGCCACAAGCCAGA-1	NK	9
CTTGCCACACCGATCG-1	Epithelial	0
CTTGCCACAGATTTGC-1	Epithelial	0
CTTGCCACATTTCTTG-1	Epithelial	3
CTTGCCATCAGCACGC-1	T	2
CTTGCCATCCCACTTG-1	T	10
CTTGCTGAGGTAGGAA-1	T	1
CTTGCTGCAACGAGGT-1	Epithelial	3
CTTGCTGGTCTCTGGG-1	NK	9
CTTGCTGGTGTCGTCG-1	T	2
CTTGCTGTCTCGCGTT-1	T	6
CTTGTCGCAAGCGTCC-1	Epithelial	3
CTTGTCGCAGGATGTG-1	Epithelial	0
CTTGTCGGTACTTGAC-1	T	11
CTTGTCGGTCAAGACG-1	Epithelial	3
CTTGTCGGTCAGGCTC-1	Epithelial	3
CTTGTCGGTGAGTAAT-1	T	14
CTTGTCGGTGATGTGG-1	T	14
CTTGTCGGTTCTACCC-1	T	2
CTTGTCGGTTTGCATG-1	T	14
CTTGTCGTCAGGTCTA-1	NK	9
CTTTGCGAGCCATTCA-1	T	14
CTTTGCGAGGATTGAT-1	T	11
CTTTGCGAGGCAAGGG-1	B	18
CTTTGCGAGTACCTCA-1	T	7
CTTTGCGAGTTGCGCC-1	T	7
CTTTGCGCATTATGGC-1	T	17
CTTTGCGGTAAAGCTA-1	T	11
CTTTGCGGTAGAAAGG-1	T	17
CTTTGCGGTCCGCTTT-1	Stromal	5
CTTTGCGTCAGGGTTT-1	Epithelial	0
CTTTGCGTCGTAGCGC-1	Epithelial	0
GAAACAAAGGTCGGTA-1	T	10
GAAACAACAGTAACGG-1	T	17
GAAACAACAGTATACC-1	Epithelial	13
GAAACAACAGTGGTCC-1	T	7
GAAACAAGTAGGGTCA-1	T	1
GAAACAATCACCGCGA-1	T	7
GAAACAATCAGGATCT-1	T	14
GAAATGAAGCCAGAAC-1	T	12
GAAATGACACGCTGTG-1	T	6
GAAATGAGTGATGCTT-1	Stromal	5
GAAATGAGTGCGCATC-1	Epithelial	0
GAAATGATCAGAATGA-1	Epithelial	3
GAACCGCCAAAGCTTC-1	T	7
GAACCGCCAACTCCCT-1	T	11
GAACCGCCAAGGAGTC-1	Stromal	19
GAACCGCCAATTGCCA-1	T	2
GAACCGCCACACTAGT-1	Epithelial	3
GAACCGCGTAGATTAG-1	T	1
GAACCGCTCAGTTGAC-1	Stromal	19
GAACCGCTCCCTAAAG-1	Epithelial	15
GAACCGCTCGGTTAGT-1	T	1
GAACCTAAGCTATCGT-1	T	11
GAACCTACAATGAAAC-1	Epithelial	15
GAACCTAGTTGCAGCC-1	T	14
GAACGTTAGACTCGGA-1	T	17
GAACGTTCACACTAGT-1	T	7
GAACGTTCAGAGAGAA-1	B	18
GAACGTTCATGGATGG-1	Epithelial	3
GAACGTTGTCGGCTGT-1	T	2
GAACGTTGTGCTTCCT-1	Myeloid	4
GAACGTTTCTGGTACA-1	Epithelial	0
GAACTTGCAATGTAAG-1	T	6
GAACTTGCATCCCGGA-1	Stromal	5
GAACTTGGTAAGGTCG-1	Epithelial	3
GAACTTGGTCCATTGA-1	T	17
GAACTTGTCTACTGCC-1	T	17
GAAGAGCAGACAACGC-1	NK	9
GAAGAGCAGTCCGATT-1	T	1
GAAGAGCAGTCTCTAG-1	T	1
GAAGAGCCAAACGACG-1	T	10
GAAGAGCCACAGTTAC-1	T	14
GAAGAGCCATCCATAG-1	Epithelial	15
GAAGAGCGTCACAGGA-1	T	10
GAAGTCTAGTAGACCG-1	Epithelial	13
GAAGTCTAGTAGTCGG-1	T	10
GAAGTCTCAATGGTAA-1	T	7
GAAGTCTCACAGCTTA-1	Epithelial	0
GAAGTCTGTTGGAGGT-1	T	11
GAAGTCTTCTAAACGC-1	Epithelial	13
GAAGTGGAGAGCTACG-1	Epithelial	3
GAAGTGGCACGCGCAT-1	T	7
GAAGTGGCATGCCCTT-1	Epithelial	3
GAAGTGGGTAGTAACA-1	T	6
GAAGTGGTCACCGCGA-1	Stromal	5
GAAGTGGTCCGAGAGA-1	T	2
GAAGTGGTCGCAAACT-1	Epithelial	16
GAATCTGAGCTCGGCT-1	T	2
GAATCTGCAAGTAACA-1	T	7
GAATCTGGTGCGTTTA-1	Epithelial	3
GACCAATAGATGAGGA-1	T	2
GACCAATAGTATACCC-1	T	11
GACCAATTCATTCTTG-1	T	14
GACCAATTCCAGTTAG-1	T	14
GACCCAGCACAGGAAC-1	T	1
GACCCAGCACCTGGTG-1	T	1
GACCCAGCAGGACTGA-1	Epithelial	3
GACCCAGCATATTGGC-1	Stromal	19
GACCCAGGTGGACCAA-1	T	2
GACCCAGTCTCTTCTC-1	Epithelial	0
GACCGACAGAACGTCG-1	T	1
GACCGACAGTCCCGCA-1	T	10
GACCGACAGTCTCGAT-1	T	1
GACCGACCAGTGCGAA-1	T	14
GACCGACGTAAAGCTA-1	T	1
GACCGACTCATACTTC-1	T	1
GACCGACTCCGAGAGA-1	T	2
GACCTTCAGTAGTGTA-1	T	6
GACCTTCCACCGTTGG-1	T	10
GACCTTCGTCGCTACG-1	Myeloid	4
GACTAACCAAATAGTG-1	T	12
GACTAACCAAGGCTTT-1	Epithelial	3
GACTAACGTCAAGACG-1	Stromal	5
GACTAACGTGGCGCTT-1	T	1
GACTAACGTTTGCGAT-1	T	2
GACTAACTCTCTGCAC-1	Epithelial	3
GACTAGTAGATCTCAC-1	B	18
GACTAGTAGTGAATAC-1	T	6
GACTAGTCAACCTCTC-1	Epithelial	16
GACTAGTCACACATTG-1	B	18
GACTAGTCACAGTTAC-1	Myeloid	4
GACTAGTCACGCCGAT-1	Epithelial	13
GACTAGTGTAGCAGCA-1	T	2
GACTAGTTCACCCTTG-1	Epithelial	0
GACTAGTTCTGAAAGA-1	T	1
GAGAACGAGGTGTCGA-1	Myeloid	4
GAGAACGCATCAACTG-1	T	7
GAGACTTAGTGATATG-1	T	1
GAGACTTCAAACCTAC-1	T	14
GAGACTTCACTACACA-1	Epithelial	3
GAGACTTCACTTATGG-1	T	11
GAGACTTCATATTGGC-1	Epithelial	15
GAGACTTGTAAAGGCC-1	T	14
GAGACTTGTGGACAGT-1	T	10
GAGACTTTCTGGCGCA-1	T	2
GAGACTTTCTGGTACA-1	T	14
GAGATTCAGAAAGGGT-1	T	2
GAGATTCAGTTCAGGG-1	T	1
GAGATTCCACATAAAG-1	T	11
GAGATTCCAGGATGTG-1	T	10
GAGATTCGTATGGGTG-1	B	18
GAGATTCGTGCATTGT-1	Epithelial	0
GAGATTCTCATTCTTG-1	B	8
GAGATTCTCCATAACG-1	Epithelial	3
GAGATTCTCGGACGAA-1	T	10
GAGATTCTCGGATGTT-1	T	2
GAGCATTAGTCTGTGT-1	T	12
GAGCATTCAGTTCGGC-1	T	1
GAGCATTGTACTATGC-1	B	18
GAGCATTTCAGGCGCT-1	T	1
GAGCATTTCGATGTAC-1	Myeloid	4
GAGCGCTCAAAGGAAG-1	T	6
GAGCGCTCAACCTCTC-1	Epithelial	3
GAGCGCTCATGGCCTG-1	T	14
GAGGATGAGAGCGGTT-1	T	6
GAGGATGGTTGCAGCC-1	T	10
GAGGATGTCATGTTCT-1	T	10
GAGGCTCAGTCTGTGT-1	NK	9
GAGGCTCCATAGACGG-1	T	14
GAGGCTCGTAATGCAA-1	Epithelial	15
GAGGCTCGTGGACGAT-1	Epithelial	13
GAGGCTCTCCTGTGGG-1	T	14
GAGGCTCTCGGATCGC-1	T	1
GAGGCTCTCTCGTAGA-1	Myeloid	4
GAGGTCCAGAAGAGTG-1	T	14
GAGGTCCAGAGTCCGA-1	T	11
GAGGTCCAGTTGAATG-1	Myeloid	4
GAGGTCCCATACAACC-1	Epithelial	3
GAGGTCCTCCGTTTCG-1	T	1
GAGGTCCTCGAGGTAG-1	T	2
GAGGTCCTCGATCTTT-1	T	11
GAGGTCCTCGCGTTCT-1	Epithelial	16
GAGTGAGAGCTACGCC-1	NK	9
GAGTGAGCAGTAACCT-1	T	17
GAGTGAGCATGGTTTG-1	T	14
GAGTGAGGTATCGCGC-1	NK	9
GAGTGAGGTTTCTACT-1	T	1
GAGTGAGTCTTAATCC-1	Epithelial	15
GATCATGAGTAGACCG-1	T	1
GATCATGCAATAGTGA-1	B	8
GATCATGCACATATCG-1	T	1
GATCATGCACTTACAG-1	NK	9
GATCATGCATTGAACC-1	T	1
GATCATGGTAACGGAC-1	T	1
GATCATGTCTCCCTTT-1	T	12
GATCGTAAGACGACTG-1	T	10
GATCGTAAGAGGCAGG-1	T	1
GATCGTACATGGTTTG-1	T	6
GATCGTAGTCATGAGG-1	NK	9
GATCGTAGTGAATACA-1	T	1
GATCGTAGTGATAAGT-1	T	17
GATCGTATCCCAGCAG-1	Epithelial	0
GATGATCAGGTAAGTT-1	Epithelial	0
GATGATCCACACACAT-1	Stromal	5
GATGATCCAGGGCTTC-1	T	2
GATGATCGTATTGTCG-1	T	2
GATGATCTCTCTTCTC-1	T	2
GATGGCCAGTTCAAGA-1	T	2
GATGGCCCAAGGGTAC-1	T	11
GATGGCCGTAGCAGCA-1	T	2
GATGGCCGTATGAAGT-1	T	14
GATGGCCGTTAACCGT-1	B	8
GATGGCCTCAACTTGG-1	Epithelial	13
GATGGCCTCGCAAGCC-1	Epithelial	3
GATGGCCTCGCACAAT-1	T	2
GATTAGCAGCAGAAAG-1	T	12
GATTAGCCAAAGCTGG-1	B	8
GATTAGCCAATGTGTC-1	Epithelial	0
GATTAGCGTACTAGAA-1	T	14
GATTAGCGTGCCCGAT-1	Epithelial	16
GATTGACGTCATCGTA-1	Epithelial	15
GATTGACGTTTCAGCA-1	Epithelial	0
GATTGACTCTGAAAGA-1	Epithelial	0
GCAAAGGCACTGAAGG-1	Epithelial	13
GCAACCGAGAGGCGGA-1	T	14
GCAACCGCAATCAGGG-1	NK	9
GCAACCGTCTCTGTTA-1	T	2
GCAACCGTCTGTCGGG-1	T	17
GCAACCGTCTTACCTA-1	T	12
GCACCTTAGAAATACC-1	T	1
GCACCTTAGCAACGGT-1	NK	9
GCACCTTAGGATCCTT-1	B	18
GCACCTTCACTCGGAC-1	T	1
GCACCTTTCCAAACCA-1	T	14
GCACCTTTCGCGATGC-1	T	11
GCACCTTTCGTGCTGG-1	T	2
GCACGCAAGTACAGAT-1	Stromal	5
GCACGCACACGAACGA-1	T	10
GCACGCAGTAACCATC-1	Epithelial	3
GCACGCAGTGAAACAT-1	T	7
GCACGCAGTGCTTGAT-1	T	6
GCACGCATCCACGGCA-1	T	7
GCACGGTAGGTGATGC-1	T	11
GCACGGTAGTGCAACG-1	Epithelial	16
GCACGGTCACAAACGG-1	T	1
GCACGGTGTTCCCGGA-1	T	7
GCACGGTTCTGGACAT-1	T	11
GCAGATTAGTGAATAC-1	T	7
GCAGATTTCAAAGTAG-1	Epithelial	3
GCAGCCAAGGCAGTGT-1	Epithelial	3
GCAGCCAAGGTTCGTT-1	T	14
GCAGCCACAGGACCTC-1	Epithelial	3
GCAGCCAGTTAGGAGC-1	T	7
GCAGCCAGTTATGCAC-1	T	11
GCAGCCAGTTCTACGA-1	Myeloid	4
GCAGCCATCGCTATAG-1	T	17
GCAGCCATCGGGAATG-1	T	2
GCAGCTGAGGCGTCCT-1	T	1
GCAGCTGGTGAAACAT-1	T	2
GCAGCTGGTTCTTTGT-1	Epithelial	0
GCAGCTGTCGGGAAAC-1	T	1
GCATGATAGACCCATT-1	T	11
GCATGATAGGCCAATG-1	T	17
GCATGATCAAAGCATA-1	Epithelial	3
GCATGATCACCCATCT-1	B	8
GCATGATCAGCTATAC-1	Epithelial	3
GCATGATCATGTAGAA-1	Epithelial	3
GCATGATGTATACGCT-1	T	10
GCATGATTCAGCCGGT-1	T	2
GCATTCCAGGATATCA-1	Epithelial	3
GCATTCCTCAGTGTAC-1	Stromal	5
GCATTCCTCCTGGAAT-1	T	7
GCATTGAAGTTGCCGC-1	Myeloid	4
GCATTGACATCTGCAA-1	T	1
GCATTGAGTGCAAAGC-1	T	7
GCATTGATCCAGAATC-1	T	2
GCATTGATCTGAACGT-1	T	6
GCCAGACCATCCTCGT-1	T	2
GCCAGACGTAAAGCTA-1	T	2
GCCAGACGTCAGCAAG-1	Myeloid	4
GCCAGCAAGCACCATT-1	T	7
GCCAGCAAGGGATCCA-1	Epithelial	13
GCCAGCAGTCACAGGA-1	Stromal	5
GCCAGCAGTTGCCGCA-1	T	1
GCCAGCAGTTTCAGCA-1	Stromal	5
GCCAGCATCGCTTCAC-1	T	12
GCCAGCATCGTGAGTT-1	T	7
GCCATAAAGAGCCTGA-1	T	1
GCCATAACAGACCTGC-1	Stromal	19
GCCATAAGTCTGCGCA-1	Epithelial	0
GCCATAAGTCTGGGCT-1	T	6
GCCATAAGTTCTGAGT-1	T	12
GCCATAATCCATACCC-1	T	10
GCCCAGAAGAGAGTTT-1	Epithelial	0
GCCCAGAAGAGGCAGG-1	Myeloid	4
GCCCAGAAGTGCCCTG-1	B	8
GCCCAGACAACCTCTC-1	T	6
GCCCAGAGTATCTCAG-1	T	14
GCCCAGATCCTCCCAA-1	T	6
GCCCAGATCGGGACAA-1	T	2
GCCCAGATCGGTACTA-1	T	14
GCCCAGATCTATCCTA-1	T	11
GCCCGAAAGATATGTG-1	T	14
GCCCGAAAGATTGACA-1	NK	9
GCCCGAAGTGAGCTAG-1	T	14
GCCCGAATCGGTCAGC-1	Stromal	5
GCCTACTCAAGCCTTA-1	T	2
GCCTACTCAGAGAGAA-1	Myeloid	4
GCCTACTCATTCACGA-1	T	2
GCCTACTTCCTAAAGC-1	T	6
GCCTAGGTCTAGTCGA-1	T	6
GCCTAGGTCTGTCGTC-1	T	2
GCGAGAAAGTCATCTG-1	T	2
GCGAGAAAGTGAAACT-1	T	1
GCGAGAACAGGAGCAT-1	Epithelial	3
GCGAGAACAGGATGTG-1	NK	9
GCGAGAACATCAACTG-1	Epithelial	3
GCGAGAACATGGAGGT-1	T	11
GCGAGAAGTCTCTGGG-1	Epithelial	0
GCGAGTCCACGGCCAT-1	T	12
GCGAGTCCAGATTGTC-1	Epithelial	0
GCGAGTCCATTAGCAC-1	Epithelial	0
GCGAGTCTCCCTACGT-1	T	11
GCGAGTCTCGAGGTAG-1	Epithelial	3
GCGAGTCTCTCTGACC-1	T	10
GCGATCGAGTCAGGAC-1	T	17
GCGATCGCACACATTG-1	T	1
GCGATCGCACTGCTTC-1	T	14
GCGATCGCATCGACGC-1	T	14
GCGATCGCATTTGGCA-1	Epithelial	0
GCGATCGGTATTCACG-1	Epithelial	3
GCGATCGGTGCTTGAT-1	NK	9
GCGATCGGTTTGCGAT-1	Epithelial	16
GCGATTACAAGTCTCA-1	Epithelial	16
GCGATTAGTGCAAAGC-1	Epithelial	16
GCGATTATCCTAGAGT-1	T	6
GCGATTATCGAGAACG-1	Epithelial	0
GCGATTATCTCTATTG-1	NK	9
GCGCATGAGACCATAA-1	T	7
GCGCATGGTCAAGACG-1	T	10
GCGCATGGTGCGTGTC-1	Epithelial	0
GCGCATGTCATGCTTT-1	T	2
GCGCATGTCCATAACG-1	Stromal	5
GCGCCAAAGAGGCAGG-1	T	2
GCGCCAACACATTCTT-1	T	1
GCGCCAACACGCTCAG-1	T	7
GCGCCAAGTGCAACAG-1	T	6
GCGGAAAAGTATACCC-1	T	14
GCGGAAAAGTCAGCCC-1	T	14
GCGGAAACAAAGCTGG-1	T	11
GCGGAAAGTCTCTAAG-1	T	14
GCGGAAATCAAGAGGC-1	Epithelial	13
GCGGAAATCCAATCCC-1	Epithelial	15
GCGGAAATCTACTTTG-1	T	17
GCGGGTTAGGATGCCA-1	Epithelial	16
GCGGGTTCAGCAGGTA-1	T	14
GCGGGTTGTACAACGG-1	T	10
GCGGGTTGTTCAGAAA-1	T	7
GCGGGTTTCCAGAGAG-1	B	8
GCGGGTTTCTTCATAC-1	T	1
GCGGTGTAGTAATGTG-1	T	1
GCGGTGTAGTGCCCTG-1	Epithelial	0
GCGGTGTCAGCAGGTA-1	Epithelial	15
GCGGTGTTCCATCTAT-1	T	14
GCGGTGTTCGGGATCC-1	T	2
GCGGTGTTCGGTTGTA-1	Epithelial	0
GCGTAGCAGGGTGTTG-1	T	1
GCGTAGCAGTTTACGC-1	Epithelial	3
GCGTAGCCAAGCACTT-1	B	18
GCGTAGCCACACACAT-1	T	14
GCGTAGCGTTAGGCTT-1	T	2
GCGTAGCTCCATACGA-1	B	18
GCGTTGGAGAGAACCC-1	T	7
GCGTTGGCAAGAGATT-1	Epithelial	0
GCGTTGGCAATGCATC-1	T	7
GCGTTGGGTAGCGTTT-1	B	8
GCGTTGGGTAGGTCTT-1	Epithelial	0
GCGTTGGGTATTCACG-1	Myeloid	4
GCGTTGGGTGGACCAA-1	NK	9
GCGTTGGGTTAGCTCA-1	B	18
GCGTTGGTCGTTTGAG-1	T	10
GCTCACTAGAACTAAC-1	T	14
GCTCACTAGGGAAATG-1	T	11
GCTCACTAGGGTATCG-1	T	12
GCTCACTCAGGCATCC-1	T	12
GCTCACTGTACGGTTT-1	Epithelial	3
GCTCACTGTGCTTACA-1	Myeloid	4
GCTCAGGAGGGAGATA-1	Epithelial	3
GCTCAGGAGTAACACA-1	Epithelial	13
GCTCAGGCAAAGACGC-1	T	1
GCTCAGGCAGTTGCAT-1	T	10
GCTCAGGTCAGTGGTT-1	Epithelial	0
GCTCAGGTCGTAGCGC-1	Stromal	5
GCTCCTAAGGTGTTGG-1	T	1
GCTCCTAAGGTTAACA-1	Epithelial	0
GCTCCTACAAAGGCCA-1	T	14
GCTCCTACAACCTCCT-1	T	11
GCTCCTACAGGGAGTT-1	T	11
GCTCCTACAGTAACGG-1	T	1
GCTCCTAGTGGACCAA-1	T	1
GCTCCTAGTTCTTAGG-1	Epithelial	0
GCTCCTATCACAGGGA-1	Epithelial	0
GCTCCTATCTTCCGTG-1	Myeloid	4
GCTCCTATCTTGGCCT-1	T	12
GCTCGAGAGAATACTG-1	Epithelial	16
GCTCGAGGTCACATTG-1	NK	9
GCTCGAGGTGATAAGT-1	B	18
GCTCGAGTCGGTCTAA-1	T	10
GCTCGAGTCGTTCTAT-1	T	1
GCTGAGCCAGAGTCGA-1	T	14
GCTGAGCGTTTAGAAG-1	T	7
GCTGAGCTCCGTACGG-1	B	18
GCTGAGCTCTGCTACC-1	T	2
GCTGCGAGTAAAGGCC-1	Epithelial	16
GCTGTTCAGCTGAGGT-1	T	7
GCTGTTCCATTAACGC-1	Stromal	5
GCTGTTCTCACAACAC-1	B	8
GCTGTTCTCCATACGA-1	T	2
GCTGTTCTCTTACCTA-1	B	18
GCTTAAGAGAAATACC-1	Stromal	5
GCTTAAGAGAGTGGTC-1	T	2
GCTTAAGAGGATTAAC-1	T	10
GCTTAAGGTGCGTGTC-1	NK	9
GCTTGCTAGGGCATTG-1	Epithelial	16
GCTTGCTAGTCCCTCT-1	Stromal	19
GCTTGCTCACACATTG-1	T	10
GCTTGCTCATACCCGG-1	T	7
GCTTGCTGTACAACGG-1	Epithelial	3
GCTTGCTTCGAGGTCC-1	T	17
GCTTGCTTCGGGACAA-1	T	12
GCTTTCGAGAGCTGTG-1	T	14
GCTTTCGCAGGTGTGA-1	Stromal	5
GCTTTCGCAGTTCGGC-1	Epithelial	3
GGAACCCAGCGCACAA-1	B	18
GGAACCCAGGCGCTTC-1	Stromal	5
GGAACCCGTAAGCCGA-1	T	14
GGAACCCGTTTGCATG-1	Stromal	19
GGAACCCTCTGGCACG-1	T	1
GGAACCCTCTGGCTAA-1	T	2
GGAACTTCAACTAGAA-1	T	1
GGAACTTGTCCGGTAC-1	Epithelial	15
GGAACTTGTCTGATTG-1	Epithelial	13
GGAACTTTCGGTTGTA-1	Epithelial	0
GGAACTTTCTTGTACT-1	T	7
GGAATCTCAAATTGAG-1	B	18
GGAATCTCATCACAGT-1	NK	9
GGAATCTGTAAAGCTA-1	Epithelial	3
GGAATCTGTAACTCCA-1	T	14
GGAATCTGTCAACTGT-1	NK	9
GGAATCTGTCGCTACG-1	Epithelial	3
GGAATCTGTTGCAGAG-1	T	10
GGAATCTGTTTGATCG-1	T	14
GGACACCCACATATCG-1	T	6
GGACACCGTATATGGA-1	Epithelial	16
GGACACCGTCTGTTGA-1	Stromal	5
GGACACCGTGCTTCCT-1	Stromal	5
GGACACCTCCAGAGAG-1	NK	9
GGACACCTCCGCTCTA-1	T	6
GGACACCTCGCTACCT-1	T	14
GGAGAACAGAACGTTA-1	T	1
GGAGAACAGTTCTCCC-1	Epithelial	0
GGAGAACCACTGTAAC-1	Epithelial	3
GGAGAACCAGGATAGC-1	T	7
GGAGAACCAGGCATTT-1	Epithelial	16
GGAGAACCAGTAAGAT-1	T	10
GGAGAACCATTCACCC-1	T	1
GGAGAACGTCTGTTGA-1	Stromal	19
GGAGAACTCGATAGGG-1	T	11
GGAGAACTCTACTTTG-1	Epithelial	3
GGAGGATAGTCCGATT-1	Stromal	5
GGAGGATCAGTTGCAT-1	Epithelial	3
GGAGGATTCAGTGTGT-1	T	1
GGAGGATTCCACGAGC-1	NK	9
GGAGGATTCTCGCGGA-1	B	18
GGAGTAGAGAATACTG-1	T	1
GGAGTAGCAATTCTCT-1	Epithelial	13
GGAGTAGCATAAAGTG-1	Epithelial	16
GGAGTAGCATAGATAG-1	Myeloid	4
GGAGTAGGTGTGCTTA-1	Epithelial	3
GGAGTAGTCCTATCAT-1	Epithelial	3
GGAGTAGTCCTGTGGG-1	T	10
GGATAGGAGAGAGGTA-1	T	12
GGATAGGAGATCGCCC-1	Epithelial	3
GGATAGGAGCACACCC-1	T	14
GGATAGGAGCTTACCA-1	T	7
GGATAGGCACAAACAA-1	T	11
GGATAGGCAGGGTACA-1	Stromal	5
GGATGAGAGATGGCAC-1	T	2
GGATGAGAGCTGATTC-1	T	7
GGATGAGAGTGAGTGC-1	B	18
GGATGAGCATTTGTTC-1	T	14
GGATGAGTCATGCTTT-1	T	10
GGATGAGTCCGAGAGA-1	Epithelial	15
GGCACGTAGGTGATGC-1	Epithelial	13
GGCACGTAGTCTAGAA-1	T	17
GGCACGTCAACTAGAA-1	T	10
GGCACGTCAGCGTAGA-1	Epithelial	0
GGCACGTGTACGGAGT-1	Epithelial	3
GGCACGTGTCAACAGG-1	T	1
GGCACGTGTCACAGTT-1	T	1
GGCACGTTCTTTGCAT-1	T	17
GGCATTAAGTGAGTGC-1	NK	9
GGCATTACACACATTG-1	Epithelial	13
GGCATTAGTCGCTAGC-1	Epithelial	3
GGCATTATCGATAGCT-1	T	14
GGCGAAAAGACAACGC-1	Stromal	19
GGCGAAAAGCCGCAAA-1	T	1
GGCGAAAGTGCTGAAG-1	NK	9
GGCGAAATCACGTCAA-1	Epithelial	16
GGCGAAATCCATATCT-1	Epithelial	0
GGCGTTGAGGTACATA-1	T	2
GGCGTTGAGTACTCTG-1	T	1
GGCGTTGCAAGGAGGG-1	Epithelial	15
GGCGTTGTCCGATTGA-1	Epithelial	16
GGGAACACAGTAACCT-1	Epithelial	0
GGGAACACATCCCGGA-1	T	17
GGGAACAGTTGCTTGA-1	Myeloid	4
GGGAACAGTTTGTGAC-1	Epithelial	3
GGGACCTAGATCCGAG-1	T	10
GGGACCTAGTAACTCC-1	T	6
GGGACCTCAGGGCTTC-1	Epithelial	3
GGGACCTTCTGGAAGG-1	NK	9
GGGCCATAGCAGGAGG-1	T	10
GGGCCATAGCTGGAGT-1	T	14
GGGCCATAGGGTGTTG-1	B	18
GGGCCATCAGGTCTGC-1	Epithelial	3
GGGCCATGTACAAATG-1	Epithelial	3
GGGCCATGTTGTGAGG-1	T	1
GGGCCATTCGCCTTAC-1	T	14
GGGCCATTCGTGATAC-1	T	10
GGGTCTGAGGATTGAT-1	T	1
GGGTCTGAGGGTGTTG-1	T	1
GGGTCTGCAACTCGAT-1	T	10
GGGTCTGCACTCAGCG-1	Epithelial	3
GGGTCTGGTCATCAAC-1	B	18
GGGTCTGGTGCGACCT-1	Epithelial	16
GGGTCTGTCCCGGGTA-1	Stromal	19
GGGTCTGTCTTGTACT-1	Epithelial	3
GGGTGTCAGCGCCTAC-1	T	1
GGGTGTCAGCTTCAAC-1	T	12
GGGTGTCAGGAAACTT-1	T	14
GGGTGTCAGGTTAGTA-1	Epithelial	0
GGGTGTCCAAGCGAAC-1	T	2
GGGTGTCCACCGAATT-1	T	1
GGGTGTCCAGTAACTC-1	T	10
GGGTGTCCATCGACGC-1	Epithelial	3
GGGTGTCGTGCTGTCG-1	T	2
GGGTGTCTCCTGTAGA-1	T	2
GGGTTATAGAAGCCGT-1	T	2
GGGTTATAGCAGAAAG-1	B	18
GGGTTATAGCGAGCTA-1	B	18
GGGTTATAGGATTGCG-1	T	2
GGGTTATAGGTAGGAA-1	Epithelial	3
GGGTTATAGTACAACA-1	T	10
GGGTTATCACGGCCAT-1	Epithelial	3
GGGTTATCATCCCTCA-1	T	1
GGGTTATTCCCTATTA-1	T	12
GGGTTATTCGATGAAA-1	T	14
GGGTTATTCGTCAACA-1	B	18
GGTACCGAGGAAACTT-1	Epithelial	0
GGTACCGGTGGTCGAA-1	Epithelial	16
GGTACCGTCAAGAGAT-1	B	18
GGTACCGTCCATGTTT-1	Epithelial	0
GGTACCGTCGGATAAA-1	B	8
GGTAGGACAAATTGAG-1	T	6
GGTAGGACACTACACA-1	Stromal	19
GGTAGGAGTGCCCTAG-1	T	11
GGTAGGAGTGGTAGAC-1	T	6
GGTAGGATCAGCGGTC-1	Stromal	19
GGTCATACACCTACCT-1	T	14
GGTCATATCCTCATTA-1	T	12
GGTGAAGAGCTAGCAG-1	Epithelial	13
GGTGAAGCAGACCTGC-1	T	11
GGTGAAGGTGTGACCC-1	T	11
GGTGAAGGTTTGCCCT-1	Epithelial	15
GGTGAAGTCTGCGTCT-1	Epithelial	13
GGTGCTGAGATCTAAG-1	Myeloid	4
GGTGCTGAGGGTAATT-1	B	8
GGTGCTGCAAGACACG-1	T	1
GGTGCTGTCTCTATTG-1	T	1
GGTGTCGAGTATGCTC-1	T	1
GGTGTCGGTCCATTGA-1	T	1
GGTGTCGGTCGCGCTA-1	NK	9
GGTGTCGGTGAGTTGG-1	T	14
GGTGTCGGTTGCAGCC-1	Epithelial	0
GGTGTCGTCGTCAACA-1	NK	9
GGTGTCGTCGTTCTAT-1	NK	9
GGTTGCGAGGTAGGAA-1	T	6
GGTTGCGCAGACCTGC-1	T	7
GGTTGCGCATGGCCTG-1	Epithelial	16
GGTTGCGGTGGAGTGT-1	Epithelial	0
GGTTGCGTCACCCTTG-1	T	17
GTAATCGAGTGTGTAA-1	T	14
GTAATCGGTCGTAATC-1	Epithelial	0
GTAATCGGTTTAAGCC-1	Epithelial	0
GTACTTTAGAAGCCTG-1	T	2
GTACTTTAGACCCTAT-1	T	1
GTACTTTAGTGCTAGG-1	NK	9
GTACTTTAGTTGCCGC-1	Myeloid	4
GTACTTTCAAGAGATT-1	NK	9
GTACTTTCAATTCGTG-1	T	12
GTACTTTGTGCTGAAG-1	T	2
GTAGACTCAACCTCTC-1	Epithelial	13
GTAGACTCAGATAAGT-1	T	2
GTAGACTCAGCAACCC-1	Epithelial	3
GTAGACTGTGCAAGAC-1	T	7
GTAGACTTCACTCGGG-1	T	14
GTAGGAGAGTATGGGC-1	T	7
GTAGGAGCAGCAGGTA-1	Epithelial	3
GTAGGAGGTCATAGAA-1	T	1
GTAGGAGTCCGAATTG-1	T	12
GTAGTACAGAGTAAGG-1	B	8
GTAGTACAGTCCGGAA-1	T	10
GTAGTACGTACCGGCT-1	Epithelial	0
GTAGTACGTTTGATCG-1	T	14
GTAGTACTCATTCTTG-1	Epithelial	15
GTCACAAAGACGCCAA-1	B	18
GTCACAAAGCTACGTT-1	T	6
GTCACAAAGGTACATA-1	Epithelial	16
GTCACAAAGGTTGACG-1	T	17
GTCACAAAGTATAGTG-1	T	2
GTCACAAGTTGCAGCC-1	T	10
GTCACAATCCGCCTAT-1	T	14
GTCACCTAGAACCATA-1	T	11
GTCACCTCACTCGGAC-1	T	6
GTCACCTCATTAGCAC-1	Epithelial	3
GTCACCTGTAATGCAA-1	Epithelial	0
GTCACCTGTCCGCTTT-1	Epithelial	16
GTCACCTGTCGCGCTA-1	T	11
GTCACCTGTGCTGTCG-1	Epithelial	0
GTCACCTTCAAGGCCC-1	T	12
GTCACCTTCGCGTGAC-1	T	2
GTCACGGCACTGATTG-1	B	18
GTCACGGCAGCAACAG-1	Epithelial	16
GTCACGGGTACTTCGA-1	T	6
GTCACGGTCCCGTAGG-1	B	18
GTCACTCCAATGGTCT-1	Myeloid	4
GTCACTCGTCATAGCT-1	T	17
GTCACTCTCGGACGAA-1	T	12
GTCCATCGTAAGCCGA-1	T	6
GTCCATCGTAGCTGTT-1	B	18
GTCCATCGTGCATTCA-1	T	10
GTCCATCTCCCACTTG-1	T	10
GTCCATCTCCCTACCA-1	Epithelial	3
GTCCATCTCTCTGACC-1	T	7
GTCGTAAAGCGTTAGG-1	T	11
GTCGTAAGTAAGTGCG-1	T	6
GTCGTAAGTTGGAGGT-1	Epithelial	13
GTCTACCCAGTGCGAA-1	T	1
GTCTACCGTCTAAAGA-1	T	10
GTGACATAGCTGAGGT-1	T	2
GTGACATCATCATAGC-1	Stromal	5
GTGACATGTCAAATCC-1	T	10
GTGATCAGTGAGAGTC-1	B	18
GTGATCAGTTAACCAC-1	T	1
GTGATCATCGGGTCCA-1	T	10
GTGATCATCTTGTCAT-1	T	11
GTGCACGAGTGTCCCG-1	Epithelial	15
GTGCACGCAAAGAGAG-1	Epithelial	15
GTGCACGCAGCAACGA-1	Epithelial	3
GTGCACGGTAGTCCAT-1	T	6
GTGCCAGAGGTCCTCG-1	T	7
GTGCCAGAGTTGACAA-1	B	8
GTGCCAGCAAGGTTCT-1	NK	9
GTGCCAGCATCATCGA-1	Epithelial	3
GTGCCAGGTCAACTGT-1	T	2
GTGCCAGGTCAAGACG-1	Myeloid	4
GTGCCAGGTCCAAGAG-1	T	1
GTGCCAGGTGTGACCC-1	Epithelial	15
GTGCCAGGTTTCCGGG-1	T	10
GTGCCAGTCTCTCAAT-1	Epithelial	3
GTGCCAGTCTGTCGGG-1	B	18
GTGCTGGAGAGAAGCA-1	T	10
GTGCTGGAGTAATCAG-1	T	10
GTGCTGGCAGTATACC-1	T	17
GTGCTGGGTACGGTTT-1	T	2
GTGCTGGGTATTCTGG-1	NK	9
GTGCTGGTCGAACCGC-1	T	1
GTGCTGGTCTTGTCAT-1	T	14
GTGGATTAGAGGCGGA-1	Epithelial	13
GTGGATTAGATTGACA-1	Epithelial	3
GTGGATTAGCAGAGCT-1	Myeloid	4
GTGGATTCAGGCATTT-1	Epithelial	3
GTGGATTCAGTATACC-1	B	8
GTGGATTGTCAACTAC-1	Epithelial	3
GTGGATTGTGTGTGCC-1	T	1
GTGGATTGTTAACCGT-1	Epithelial	13
GTGGCGTGTTAGAGAT-1	T	17
GTGTCAACACGCTGTG-1	T	2
GTGTCAACAGAACAGC-1	Epithelial	16
GTGTCAACAGTAGGCA-1	Epithelial	3
GTGTCAACATGGTAAA-1	T	10
GTGTCAAGTATTCTCT-1	Myeloid	4
GTGTCAATCTATATCC-1	Epithelial	15
GTGTCAATCTCTGCAC-1	T	6
GTGTCCTAGTTGGAAT-1	T	7
GTGTCCTCAAACAGTA-1	T	1
GTGTCCTCAAGTCTCA-1	T	6
GTGTCCTTCACCACAA-1	Epithelial	0
GTGTCCTTCACGTGTA-1	T	10
GTGTCCTTCCAATCCC-1	Epithelial	16
GTGTCCTTCTTCATAC-1	T	11
GTGTCCTTCTTGCGCT-1	T	12
GTGTGATAGGTTCGAG-1	T	6
GTGTGATCATATACGC-1	T	2
GTTACGACAAGCGTCC-1	T	12
GTTACGATCCCGTAGG-1	T	12
GTTACTTAGTCGTATC-1	T	10
GTTACTTAGTGCCCTG-1	T	11
GTTACTTGTGATGCTT-1	T	10
GTTATGGAGAACCCGA-1	B	18
GTTATGGAGTAGTTCC-1	Epithelial	3
GTTATGGAGTGAAGGA-1	T	2
GTTATGGCACAAACAA-1	Epithelial	0
GTTATGGCAGCGTACC-1	T	14
GTTATGGGTACAAGCG-1	Epithelial	3
GTTATGGGTATTCTTC-1	Epithelial	0
GTTATGGGTCACAGTT-1	T	14
GTTATGGGTGCTAGTT-1	T	14
GTTATGGGTTCCCAAA-1	Epithelial	0
GTTATTCAGTGGGACT-1	T	17
GTTATTCCAAACCCTA-1	T	1
GTTATTCGTATCATGC-1	T	7
GTTATTCGTCGCTACG-1	T	1
GTTATTCGTGACAAGC-1	T	10
GTTCAAGAGCGCGTTC-1	T	17
GTTCAAGAGGGAAGCG-1	T	2
GTTCAAGCAAGTCTGT-1	T	7
GTTCAAGGTACTAGAA-1	T	14
GTTCAAGTCACAGGGA-1	T	11
GTTCAAGTCCGGCGAT-1	T	14
GTTGGGCCAAGTCTGT-1	T	17
GTTGGGCCAATGCACT-1	T	2
GTTGGGCGTAACTCCA-1	Epithelial	3
GTTGGGCGTATGGGTG-1	T	11
GTTGGGCGTGGGTAGT-1	B	18
GTTGGGCGTTTGTCTT-1	T	14
GTTGGGCTCCTCATTA-1	T	1
GTTGGGCTCGCAAACT-1	T	14
GTTGGGCTCGCTCTAC-1	Epithelial	13
GTTGGTAAGCTACGTT-1	T	2
GTTGGTACAAAGGCCA-1	Epithelial	13
GTTGGTAGTGCCCTAG-1	Epithelial	0
GTTGGTAGTTCTTAGG-1	Epithelial	3
GTTGGTATCCAGGTCG-1	Myeloid	4
TAAACCGAGCCATCAT-1	T	2
TAAACCGAGCCCATGC-1	T	11
TAAACCGCAGTTGCAT-1	T	1
TAACAGCAGTGTCCCG-1	Epithelial	0
TAACAGCCACAAACGG-1	Epithelial	13
TAACAGCCAGTGCGAA-1	Epithelial	13
TAACAGCGTAAGTGCG-1	T	11
TAACAGCTCCAAGAGG-1	T	12
TAACAGCTCCCAGCAG-1	T	14
TAACGGTCAGGGTAAC-1	T	12
TAACGGTCATTTCACT-1	T	7
TAACGGTGTATATGGA-1	T	14
TAACGGTGTGGCCTCA-1	T	14
TAACGGTTCACAACAC-1	Epithelial	3
TAACGGTTCTCCTTAA-1	T	1
TAACTTCAGTCCGTGC-1	Myeloid	4
TAACTTCAGTGGGACT-1	T	7
TAACTTCCAAGGTTCT-1	T	12
TAACTTCGTCTGTTGA-1	Epithelial	0
TAACTTCTCAACTTGG-1	Stromal	5
TAACTTCTCCAGCACG-1	Epithelial	0
TAACTTCTCGACTTAG-1	Stromal	5
TAAGCCAGTAGATGAT-1	Epithelial	3
TAAGCCAGTATCACAC-1	Epithelial	16
TAAGCCAGTTAGTAGA-1	T	10
TAAGCCATCAATTGGC-1	T	1
TAAGCCATCTCGCGTT-1	Epithelial	13
TAAGTGCGTGCAAAGC-1	B	18
TAAGTGCTCAATCGTG-1	Epithelial	0
TAATCGGAGCGTTGCC-1	NK	9
TAATCGGAGGGTCTGA-1	T	12
TAATCGGCAAGCGGTA-1	T	1
TAATCGGCAGGTTATC-1	Epithelial	3
TAATCGGTCCGGGCAT-1	Epithelial	3
TAATCGGTCGCCGAAC-1	Epithelial	16
TAATTCCCACGTTAGT-1	T	6
TACAGCAAGAACCCGA-1	T	7
TACAGCAAGAGGAACA-1	Epithelial	15
TACAGCACACCGATCG-1	T	2
TACAGCACACGAACGA-1	B	8
TACAGCACATCTCTCG-1	T	1
TACAGCAGTTGAAGCG-1	Epithelial	3
TACAGCATCGTGGGTC-1	Epithelial	0
TACATGGAGAGCTGTG-1	T	17
TACATGGAGATATGTG-1	T	11
TACATGGAGGCTTAAA-1	Epithelial	16
TACATGGCATAGCCGC-1	Epithelial	16
TACATGGTCGCAAACT-1	T	1
TACATTCAGCGCGTTC-1	Epithelial	16
TACATTCAGTCGTGAG-1	T	1
TACATTCGTAACAATG-1	Epithelial	13
TACATTCGTCTCTGCT-1	T	10
TACATTCGTGCCCGAT-1	B	18
TACATTCTCATGAACC-1	T	2
TACCCTGCATTACACG-1	Epithelial	15
TACCCTGGTAATGTAG-1	T	17
TACCCTGGTCCGTAGC-1	Epithelial	13
TACCCTGGTTTGAAGA-1	Stromal	5
TACCCTGTCATCGCTC-1	T	14
TACCTATAGCTTCAAC-1	T	12
TACCTATTCCAGTACA-1	T	7
TACCTATTCTTAATCC-1	B	18
TACCTCGTCCATATCT-1	Epithelial	15
TACCTCGTCGGTCCGA-1	Epithelial	0
TACGCAAAGTCCAGAG-1	Epithelial	13
TACGCAACACAAGGGT-1	Epithelial	16
TACGCAACAGGTTATC-1	T	7
TACGCAACAGTAGTCT-1	T	12
TACGCAACATCCCAAA-1	Myeloid	4
TACGCAAGTAATGTGA-1	Epithelial	0
TACGCAAGTACATGGG-1	Epithelial	0
TACGCAAGTGCTGTGC-1	B	8
TACGCAATCACTAGCA-1	Myeloid	4
TACGCAATCAGGTTTG-1	T	2
TACGCAATCGGAAAGC-1	T	7
TACGCAATCGTTCCGT-1	T	6
TACGCCTAGAGTTTGA-1	T	2
TACGCCTAGTCTCTAG-1	T	10
TACGCCTCAATTCAGC-1	T	11
TACGCCTCAGCGTGAA-1	Epithelial	3
TACGCCTCAGGACCTC-1	Myeloid	4
TACGCCTGTAGCGAGT-1	T	2
TACGCCTGTATCCCTC-1	T	1
TACGCCTGTCCTATTT-1	T	14
TACGCCTGTCTGTTGA-1	T	10
TACGCCTGTGCACATT-1	NK	9
TACGCCTTCCATACCC-1	T	2
TACGCCTTCGTAGCGC-1	T	17
TACGGATAGAAATGGG-1	NK	9
TACGGATAGAAGGGCG-1	T	6
TACGGATCACTGTAAC-1	Epithelial	3
TACGGATCAGCAATGG-1	T	14
TACGGATGTGTTTCTT-1	T	1
TACGGATGTTTGTAGC-1	T	10
TACTAGGAGCTTACCA-1	T	1
TACTAGGAGTAGGTCG-1	NK	9
TACTAGGAGTTCAGGG-1	T	1
TACTAGGCAAAGGCCA-1	Stromal	5
TACTAGGTCATCGCTC-1	T	1
TACTAGGTCGTTCTAT-1	Myeloid	4
TACTCGCAGGTCTTGT-1	T	2
TACTCGCAGTCGTATC-1	T	14
TACTCGCAGTTGCGCC-1	T	1
TACTCGCCACAGAAGC-1	T	12
TACTCGCCAGATGGCA-1	Epithelial	0
TACTCGCCAGCAACGA-1	Epithelial	3
TACTCGCGTGCGCATC-1	Stromal	5
TACTCGCTCCAGGCCA-1	T	2
TACTCGCTCGCTAGTA-1	Epithelial	3
TACTCGCTCGGAAAGC-1	T	12
TACTGCCCAAGGTTCT-1	T	2
TACTGCCCACCTCGTT-1	Stromal	19
TACTGCCCACTTGCGG-1	Epithelial	13
TACTGCCCATGCCTTC-1	T	12
TACTGCCCATGGGTGA-1	T	10
TACTGCCGTGCAAGCA-1	B	18
TACTGCCTCAATCGTG-1	T	10
TACTGCCTCGGTTAGT-1	T	1
TACTGCCTCTTTATCG-1	T	2
TAGACTGCAACGCAAG-1	Myeloid	4
TAGACTGCATTACTCT-1	T	6
TAGACTGGTAAACGGC-1	Epithelial	16
TAGACTGGTTAGCTCA-1	NK	9
TAGCACAAGCCCATGC-1	T	17
TAGCACAAGTGTCGGA-1	T	2
TAGCACACACGCTGTG-1	Myeloid	4
TAGCACAGTTCAGTAC-1	T	2
TAGCACATCACCCGGA-1	T	6
TAGCACATCGTTCAGA-1	T	17
TAGCACATCTCATCCG-1	Epithelial	0
TAGCACATCTGATCTT-1	T	1
TAGCATGAGACGCCAA-1	Epithelial	3
TAGCATGCAAGGCGTA-1	T	14
TAGCATGCATAGAATG-1	T	12
TAGCATGGTAAACGGC-1	Stromal	19
TAGCATGGTGACAAGC-1	T	1
TAGCATGTCATGTTCT-1	T	14
TAGCATGTCCGATGCG-1	Epithelial	16
TAGCATGTCGCGATGC-1	B	18
TAGCATGTCTATCTAC-1	Epithelial	0
TAGCCCTAGCGTTAGG-1	Epithelial	0
TAGCCCTAGGGACGTT-1	T	2
TAGCCCTGTGCTAGTT-1	Epithelial	15
TAGCCCTGTTCACGTA-1	B	18
TAGCCCTTCAGTCACA-1	T	7
TAGCCGGAGGGAGTTC-1	Epithelial	15
TAGCCGGAGTCTGGGA-1	T	11
TAGCCGGCACCACGAC-1	T	1
TAGCCGGGTACAACGG-1	Epithelial	0
TAGCCGGGTCCAAGTT-1	T	11
TAGCCGGGTTCTCGAA-1	Myeloid	4
TAGCGGCAGAGTCCGA-1	T	12
TAGCGGCAGTTCGCGC-1	Epithelial	3
TAGCGGCTCAGGAATA-1	Epithelial	13
TAGCGGCTCGTGAACT-1	T	17
TAGCTTTAGCACACCC-1	T	2
TAGCTTTCAAGCAATA-1	Epithelial	16
TAGCTTTCAAGCCTTA-1	T	14
TAGCTTTGTTTGACCA-1	T	1
TAGGAGGAGCAGTAGC-1	Myeloid	4
TAGGAGGGTAAACGGC-1	Epithelial	16
TAGGAGGGTGAGGGTT-1	Stromal	19
TAGGAGGTCAGAGTGG-1	Epithelial	3
TAGGAGGTCGTGAGTT-1	T	10
TAGGAGGTCTCTTAAC-1	T	7
TAGGTCAAGGCTCAGA-1	Myeloid	4
TAGGTCACACCACCAG-1	Epithelial	13
TAGGTCACATCTCACC-1	Myeloid	4
TAGGTCAGTGAATGGC-1	B	18
TAGGTCAGTGCAAAGC-1	T	6
TAGGTCATCTTCTTCC-1	T	2
TAGGTGTAGGCGCTTC-1	Epithelial	3
TAGGTGTTCGTCAACA-1	Epithelial	15
TAGGTGTTCTGGCGCA-1	T	17
TAGTCCCAGCCTTTGA-1	T	11
TAGTCCCAGGATGTAT-1	Myeloid	4
TAGTCCCCACGTTAGT-1	T	12
TAGTCCCCATAAAGTG-1	T	12
TAGTCCCTCAAGAGAT-1	Myeloid	4
TAGTCCCTCCTTTGAT-1	NK	9
TAGTCCCTCTTCACTA-1	T	11
TATCGAGAGAACCATA-1	T	2
TATCGAGAGTAGAAGG-1	T	11
TATCGAGCAATGTGTC-1	T	6
TATCGAGCAATTGCCA-1	Epithelial	3
TATCGAGCATCGACGC-1	T	14
TATCTGTAGATTCCGT-1	Epithelial	0
TATCTGTGTTCCTATT-1	T	1
TATCTGTTCATCGCCT-1	T	10
TATCTGTTCCTTTGCG-1	T	10
TATGTGGAGATAGGTT-1	T	1
TATGTGGAGCAAGGTC-1	T	12
TATGTGGCAGGATGTG-1	Stromal	5
TATGTGGTCTCGCGTT-1	T	14
TATGTGGTCTGTAGAC-1	T	1
TATGTTCAGGTTTCTG-1	T	7
TATGTTCAGTGTTCCA-1	T	7
TATGTTCGTACGACCC-1	Epithelial	3
TATGTTCGTAGCAGCA-1	T	10
TATGTTCGTCTGGTTA-1	T	7
TATTGCTAGTGATATG-1	T	2
TATTGCTCAAAGACGC-1	T	10
TATTGCTGTTAAGTCC-1	Epithelial	3
TATTGCTTCGGTCTCT-1	T	1
TATTGCTTCTTCAGAG-1	Myeloid	4
TCAAAGCAGAGCCACA-1	T	1
TCAAAGCAGGATGCCA-1	NK	9
TCAAAGCAGGATGTCG-1	T	1
TCAAAGCAGTATCTGC-1	Epithelial	3
TCAAAGCCAGATGGCA-1	Epithelial	3
TCAAAGCCATTTCTTG-1	Stromal	19
TCAAGACAGAACGACC-1	Epithelial	16
TCAAGACCATGGGAAC-1	T	12
TCAAGACTCTTGTCAT-1	T	6
TCAAGCAAGTTGGAAT-1	T	14
TCAAGCACATCCCAAA-1	T	11
TCAAGCAGTCAGAAGC-1	Stromal	5
TCAAGCATCGCACCGA-1	T	10
TCAAGCATCTCCACTG-1	T	2
TCAAGGTAGCACCATT-1	T	1
TCAAGGTAGCGCACAA-1	T	11
TCAAGGTAGGATGTAT-1	Epithelial	13
TCAAGGTAGGGTATCG-1	T	2
TCAAGGTAGTGGTGTG-1	Epithelial	3
TCAAGGTCACCACGAC-1	T	7
TCAAGGTTCTTACTCA-1	Epithelial	0
TCAATTCAGATACCAA-1	T	12
TCAATTCCAGCTGATT-1	Epithelial	3
TCAATTCGTCAGAGTG-1	T	17
TCAATTCGTGACAAGC-1	T	2
TCAATTCTCCCAATAG-1	Stromal	19
TCAATTCTCGATGAAA-1	Epithelial	3
TCACAAGCAACGTCGC-1	Stromal	5
TCACAAGGTGGTACTT-1	T	10
TCACAAGGTTCCAGTA-1	B	8
TCACAGAAGTTCCCGG-1	T	10
TCACAGAGTGAATGTA-1	T	14
TCACAGATCCGGCGAT-1	Myeloid	4
TCACAGATCGAGGTAG-1	T	14
TCACCACAGAGAGTAG-1	Epithelial	0
TCACCACCACGAACGA-1	Epithelial	3
TCACCACCACGCGCAT-1	Stromal	19
TCACCACGTCCTCAGG-1	Epithelial	16
TCACCACGTTATGCAC-1	NK	9
TCACCACGTTCACGTA-1	T	1
TCACCTGAGAACGACC-1	T	2
TCACCTGCATTGTTCT-1	Epithelial	0
TCACCTGTCCTCATTA-1	Epithelial	0
TCACCTGTCGGTTCCT-1	Epithelial	0
TCACCTGTCTGCGTCT-1	T	2
TCACTCGAGCCTGTAT-1	B	8
TCACTCGCATTCACCC-1	T	12
TCACTCGGTACGTAGG-1	T	14
TCACTCGGTAGTATCC-1	Epithelial	16
TCACTCGGTGGATTCT-1	T	11
TCACTCGGTGTCTCGG-1	Stromal	19
TCACTCGGTTTCGATG-1	T	1
TCACTCGTCGGTGATT-1	Epithelial	15
TCAGCTCAGCGAGCTA-1	T	1
TCAGCTCCAGGCATTT-1	T	1
TCAGCTCGTTACTTTC-1	Epithelial	16
TCAGGGCAGTCTGGGA-1	Epithelial	0
TCAGGGCAGTTTACGC-1	T	14
TCAGGGCGTAGAGAGA-1	T	12
TCAGGGCTCCAGGTCG-1	T	2
TCAGGGCTCCCGCAAG-1	Stromal	19
TCAGGGCTCGCGTGAC-1	Stromal	5
TCAGGTAAGAGGTCCA-1	T	7
TCAGGTAGTTACACTG-1	Myeloid	4
TCAGGTATCGCCACTT-1	Epithelial	0
TCAGGTATCGGATGTT-1	T	10
TCAGTCCGTCAGTGCC-1	Epithelial	0
TCAGTCCTCTTTATCG-1	Stromal	5
TCAGTTTAGATGGGAA-1	T	6
TCAGTTTAGGGCATTG-1	T	7
TCAGTTTGTCTAAGAA-1	T	11
TCAGTTTGTGTGTGCC-1	Epithelial	13
TCCAGAAAGCGTTAGG-1	Epithelial	3
TCCAGAAGTTGCTTGA-1	Epithelial	16
TCCAGAAGTTTCCACC-1	T	17
TCCAGAATCACGATTG-1	Epithelial	3
TCCAGAATCACTCCCA-1	T	11
TCCAGAATCGGCTATA-1	Epithelial	0
TCCATCGAGGCGTAGT-1	B	8
TCCATCGAGTTCTCCC-1	T	11
TCCATCGCACGCTGTG-1	Epithelial	0
TCCATCGCAGTATCTG-1	Stromal	5
TCCATCGCATCTCACC-1	T	7
TCCATCGCATGACTGT-1	T	6
TCCATCGGTGCGTTTA-1	Epithelial	0
TCCATCGGTTAACCAC-1	Epithelial	3
TCCATCGTCATTCATC-1	T	2
TCCATCGTCGCACCTT-1	T	1
TCCCACAAGACACTTC-1	T	12
TCCCACAAGTACAGTA-1	T	6
TCCCACACAAGATTAG-1	T	11
TCCCACAGTAACCATC-1	NK	9
TCCCACAGTACCTATG-1	Myeloid	4
TCCGACTCACAAGGGT-1	T	2
TCCGACTTCCGAGGAA-1	T	2
TCCGACTTCCGGACTG-1	Epithelial	3
TCCGACTTCGCCAGAC-1	Stromal	5
TCCGACTTCTGCTACC-1	T	1
TCGAGCGAGCAACTGG-1	T	17
TCGAGCGCACTGCTTC-1	T	10
TCGAGCGGTACTTGAC-1	Epithelial	0
TCGAGCGGTCTAAAGA-1	Epithelial	16
TCGAGCGTCTACATCT-1	T	11
TCGATTTGTCACAGTT-1	T	12
TCGATTTGTCTGAGCC-1	Epithelial	3
TCGATTTGTGAATGGC-1	T	17
TCGATTTGTTTGGATC-1	Epithelial	3
TCGATTTTCTTGTACT-1	T	1
TCGCAGGAGAAAGGGT-1	T	6
TCGCAGGAGTATAGTG-1	T	1
TCGCAGGAGTCGTGAG-1	T	12
TCGCAGGCAGGACCTC-1	T	12
TCGCAGGTCTGACTTT-1	Epithelial	13
TCGCCTAAGCGCCTAC-1	T	2
TCGCCTAAGTCTGTGT-1	T	2
TCGCCTACAGCGTCGT-1	T	17
TCGCCTACATGTGGGA-1	Epithelial	0
TCGCCTAGTAGCAGGT-1	Epithelial	0
TCGGGACAGCAGTAGC-1	T	7
TCGGGACAGGCTTAAA-1	T	17
TCGGGACCAATGACTC-1	T	11
TCGGGACCACTGCTCT-1	Myeloid	4
TCGGGACGTCCAAGAG-1	Stromal	5
TCGGGACTCGATGTGT-1	T	10
TCGGGACTCTCATCCG-1	Epithelial	3
TCGTTCGAGAACTCCT-1	B	8
TCGTTCGAGTCATACC-1	Epithelial	16
TCGTTCGGTACAAGCG-1	Epithelial	0
TCGTTCGGTAGCAGGT-1	Epithelial	0
TCGTTCGGTATTCGCA-1	T	12
TCGTTCGGTGCATTGT-1	NK	9
TCGTTCGTCGCCACTT-1	T	2
TCTAGTTAGGTCGGTA-1	T	2
TCTAGTTTCGTCAACA-1	T	1
TCTATTGGTTCTGAGT-1	Myeloid	4
TCTATTGGTTGAATAG-1	Epithelial	16
TCTATTGTCCGATTGA-1	T	2
TCTATTGTCCGGAAAG-1	T	14
TCTATTGTCGGTAGGA-1	T	14
TCTCAGCAGTCGTATC-1	Epithelial	3
TCTCAGCCACGCGTTG-1	Epithelial	0
TCTCAGCCACGCTGTG-1	T	2
TCTCAGCCAGAAAGAG-1	T	1
TCTCAGCCATGGTAAA-1	Epithelial	0
TCTCAGCGTAAGCCGA-1	T	1
TCTCTGGAGTTCCCGG-1	T	2
TCTCTGGCAAAGAGAG-1	B	18
TCTCTGGCAAGGTCGA-1	T	2
TCTCTGGCACGTTAGT-1	T	7
TCTCTGGCAGAATGCG-1	T	1
TCTCTGGCATCAGAAA-1	T	14
TCTCTGGCATTACTTC-1	T	14
TCTCTGGGTCAACAGG-1	T	17
TCTCTGGTCCAGAATC-1	Epithelial	15
TGAATCGAGAAGGGCG-1	T	12
TGAATCGAGACCTATC-1	B	8
TGAATCGAGCGTCAAG-1	T	1
TGAATCGCACGGCCAT-1	Epithelial	15
TGAATCGCACTGGGCT-1	Epithelial	16
TGAATCGCATCAACTG-1	T	1
TGAATCGCATTGCGAT-1	T	1
TGAATCGGTAGACGCA-1	T	14
TGAATCGTCATCATGG-1	B	18
TGACAACTCACATCCC-1	Stromal	19
TGACAACTCTATGAGC-1	T	10
TGACAACTCTTGTCAT-1	T	7
TGACTCCAGCGCCTAC-1	Stromal	5
TGACTCCCACGACGAA-1	Epithelial	3
TGACTCCCACTCAAGT-1	Stromal	5
TGACTCCCAGAAAGAG-1	Epithelial	3
TGACTCCGTTGGCTAT-1	Epithelial	13
TGACTCCTCCAGGTCG-1	T	1
TGACTCCTCCTTGACC-1	B	18
TGACTCCTCGCTAGTA-1	T	6
TGAGCCGCACAGTTAC-1	T	14
TGAGCCGGTCACTCTC-1	Epithelial	16
TGAGCCGTCTCTATTG-1	Epithelial	16
TGAGTCAAGAGACTCG-1	Epithelial	16
TGAGTCACATCATGTG-1	T	2
TGAGTCAGTACCGGCT-1	Epithelial	13
TGAGTCATCGATCGCG-1	T	1
TGATCAGCACAAGTGG-1	B	8
TGATCAGGTCACAGGA-1	Epithelial	13
TGATCAGGTGCTGTCG-1	Epithelial	13
TGATCAGGTGTCCAGC-1	B	18
TGATCAGGTGTCTACA-1	T	17
TGATCAGTCGACTGGC-1	T	1
TGATCAGTCGCTACCT-1	T	11
TGATCAGTCTACTGCC-1	T	14
TGATGCAAGAGAAGCA-1	T	6
TGATGCAAGCAATAAC-1	Stromal	19
TGATGCAAGGTTGACG-1	T	10
TGATGCACATCCCAAA-1	Epithelial	15
TGATGCAGTCACAGGA-1	NK	9
TGATGCAGTTAGCTCA-1	B	18
TGATGCATCTCGTGAA-1	T	7
TGATGCATCTTAATCC-1	Epithelial	16
TGATTTCCACACACAT-1	T	1
TGATTTCCATTTCTTG-1	Myeloid	4
TGATTTCGTAACTGAA-1	T	6
TGATTTCTCTGTGTCC-1	Myeloid	4
TGATTTCTCTTAACGG-1	Epithelial	3
TGCACCTAGAAAGCAG-1	T	10
TGCACCTAGAACGCCA-1	Epithelial	0
TGCACCTAGGTAGGCT-1	Epithelial	0
TGCACCTCAATTGGCT-1	Epithelial	0
TGCACCTCACCGAATT-1	Epithelial	15
TGCACCTGTGCTGTGC-1	B	18
TGCACCTTCAAGTTGC-1	T	11
TGCATGAAGCGTCTGC-1	T	1
TGCATGAAGGTAGGCT-1	T	2
TGCATGACACAGTTCA-1	T	6
TGCATGACACCTGGTG-1	T	7
TGCATGACATAAAGTG-1	Epithelial	3
TGCATGAGTGATAAGT-1	Epithelial	16
TGCATGAGTGGATTTC-1	T	6
TGCATGAGTTGCCGCA-1	T	12
TGCATGATCGTTTGAG-1	T	11
TGCATTTAGAGACTCG-1	Epithelial	0
TGCATTTCAATTCGTG-1	Epithelial	13
TGCATTTCATTTGGTG-1	T	1
TGCATTTTCACTCGGG-1	T	12
TGCATTTTCGTTCTAT-1	T	17
TGCCTCAAGGTAAGTT-1	T	17
TGCCTCAAGTATAGTG-1	T	10
TGCCTCACACTAGGAG-1	T	11
TGCCTCAGTCCTCAGG-1	T	2
TGCCTCATCCAATAGC-1	Stromal	19
TGCCTGTAGGATTGCG-1	T	1
TGCCTGTAGTGTGTAA-1	T	12
TGCCTGTCAACTCGAT-1	T	10
TGCCTGTCAGCAACGA-1	B	18
TGCCTGTCAGGTCCTG-1	T	10
TGCCTGTCATTGCACA-1	T	2
TGCCTGTGTTGCAGCC-1	T	17
TGCCTGTTCGAACACT-1	Stromal	5
TGCCTGTTCTGAAAGA-1	Myeloid	4
TGCGTAACAGTTACAC-1	T	11
TGCGTAAGTACTTGAC-1	Epithelial	3
TGCGTAAGTCTGTTGA-1	Epithelial	3
TGCGTAAGTTCAGAAA-1	T	11
TGCGTAATCACTGGTA-1	T	10
TGCGTAATCCTGTAGA-1	T	14
TGCGTAATCTACTTTG-1	T	2
TGCTATTAGCATACCT-1	Epithelial	3
TGCTATTAGCGAGAAA-1	T	2
TGCTATTAGTTGAATG-1	Epithelial	0
TGCTATTCATCCATAG-1	T	7
TGCTATTGTACGTATC-1	NK	9
TGCTATTGTTATGCAC-1	Myeloid	4
TGCTATTGTTTCCGGG-1	T	10
TGCTATTTCTGTTGCC-1	T	2
TGCTCACAGAGAACCC-1	Myeloid	4
TGCTCACAGAGCCACA-1	T	14
TGCTCACAGGAAGGTA-1	T	12
TGCTCACCAGGCATCC-1	B	18
TGCTCACGTATCACAC-1	T	1
TGCTCACGTCAGAAAT-1	T	1
TGCTCGTAGATCTAAG-1	T	17
TGCTCGTAGGCCAATG-1	Myeloid	4
TGCTCGTCAGGTAGGT-1	Epithelial	16
TGCTCGTCATCATCGA-1	T	2
TGCTCGTGTACCCATA-1	T	17
TGCTCGTTCCTCCAGT-1	T	10
TGCTCGTTCTCTTCTC-1	T	1
TGCTTCGAGAAGGGCG-1	T	1
TGCTTCGAGCTTCAAC-1	T	1
TGCTTCGAGGATTGAT-1	T	1
TGCTTCGTCAGATACC-1	Epithelial	3
TGCTTCGTCTTCCAGC-1	T	17
TGCTTTAAGAGCCACA-1	B	8
TGCTTTAAGCTGAGGT-1	Epithelial	13
TGCTTTACAACAAACA-1	T	2
TGCTTTACAAGCCCTG-1	T	17
TGCTTTAGTAGAAGCC-1	T	17
TGCTTTAGTGATGTGG-1	Epithelial	0
TGGAAGGAGCACCATT-1	T	14
TGGAAGGAGGTTCGAG-1	Epithelial	3
TGGAAGGCAAGCGAAC-1	T	1
TGGAAGGCATTACCTT-1	Myeloid	4
TGGAAGGCATTTCTTG-1	T	2
TGGAAGGTCCCATAGA-1	Epithelial	0
TGGAAGGTCGGTTGTA-1	B	8
TGGACATAGGCCAGTA-1	T	1
TGGACATAGGCCTCTG-1	T	1
TGGACATCAAAGGCCA-1	Epithelial	0
TGGACATCAATCACTG-1	Epithelial	3
TGGACATCACATAAAG-1	T	10
TGGACATCATAGGCGA-1	B	18
TGGACATTCTCTTCTC-1	Epithelial	0
TGGCAATAGACTCGGA-1	T	1
TGGCAATAGAGAGGTA-1	T	7
TGGCAATAGAGTGGAA-1	Epithelial	3
TGGCAATCAGAGAGAA-1	Epithelial	16
TGGCAATGTGACCAGA-1	Epithelial	15
TGGCAATGTTTCGTTT-1	T	1
TGGCAATTCTTTGCAT-1	Epithelial	13
TGGCCTTGTCGCTACG-1	T	14
TGGCCTTGTGAATACA-1	T	11
TGGCCTTTCATTGCCC-1	T	11
TGGCCTTTCGATAGCT-1	Myeloid	4
TGGCGCAAGGCGACTA-1	Epithelial	15
TGGCGCAAGTTCGACT-1	T	11
TGGCGCACACATAAAG-1	T	17
TGGCGCACACGTTAGT-1	T	2
TGGCGCACAGGTGTGA-1	Epithelial	13
TGGCGCAGTTTCCACC-1	T	17
TGGCGCATCACCCTTG-1	Epithelial	13
TGGCGCATCAGGCCGT-1	Epithelial	0
TGGCGCATCCATGTTT-1	T	7
TGGCGCATCCGGCTGA-1	Myeloid	4
TGGCGCATCGATAGGG-1	T	2
TGGGTGCGTGCCGGTT-1	T	2
TGGGTGCTCGATGCAT-1	T	10
TGGGTTAAGTCCGGAA-1	T	1
TGGGTTACAAGTCTGT-1	T	2
TGGGTTACAGTTACAC-1	T	10
TGGGTTATCAGGTTTG-1	T	11
TGGTCAACAAGATGCG-1	Epithelial	0
TGGTCAACATAGTCCA-1	T	14
TGGTCAACATATAGAG-1	T	12
TGGTCAAGTTCAGTTG-1	Epithelial	0
TGGTCAATCACAAGCT-1	B	18
TGGTCAATCATGTTCT-1	B	8
TGGTCCTCACGGCCAT-1	T	14
TGGTCCTGTGCCCTAG-1	T	11
TGGTCCTTCTCTTCTC-1	Epithelial	15
TGTAAGCAGGCACTAG-1	T	17
TGTAAGCGTGCATCAT-1	B	18
TGTAAGCGTTCTGATG-1	Epithelial	0
TGTACAGCAAAGAAGG-1	T	10
TGTACAGCATTTGGCA-1	Epithelial	0
TGTACAGGTCAACTAC-1	T	2
TGTACAGGTCGCTAGC-1	Epithelial	16
TGTACAGTCAGGTCTA-1	T	6
TGTACGACACTTTGGA-1	Epithelial	16
TGTACGACAGTGCGAA-1	Epithelial	0
TGTACGACATGGGAAC-1	T	14
TGTACGAGTCTTAGCA-1	Epithelial	3
TGTACGATCCACGAGC-1	Epithelial	0
TGTACGATCCACGCTT-1	T	1
TGTAGCAAGACAGCTG-1	T	12
TGTAGCAAGTCATACC-1	T	10
TGTAGCACATACCCGG-1	T	11
TGTAGCAGTCGACTGC-1	T	10
TGTAGCATCGTTTGAG-1	T	2
TGTAGCATCTATATCC-1	T	1
TGTGACAAGGTTAACA-1	B	18
TGTGACAAGTCCGGAA-1	NK	9
TGTGACAGTAAAGCTA-1	Epithelial	0
TGTGACATCTTCCACG-1	Epithelial	15
TGTGGCGAGAATACTG-1	Epithelial	16
TGTGGCGAGCGTATCT-1	T	10
TGTGGCGCACTTATGG-1	T	17
TGTGGCGCAGTGCGAA-1	B	8
TGTGGCGCAGTGGTCC-1	T	1
TGTGGCGGTACGGATG-1	B	8
TGTGGCGGTGGACGAT-1	T	14
TGTGGCGGTTTGTACG-1	Myeloid	4
TGTGGCGTCCGTGCGA-1	T	2
TGTGGCGTCGCGATGC-1	T	10
TGTGTCCAGAATGCTA-1	Myeloid	4
TGTGTCCAGACCTATC-1	T	1
TGTGTCCAGGGTATCG-1	Epithelial	3
TGTGTCCCATGTATCG-1	T	14
TGTGTCCTCAGTACAC-1	B	18
TGTTAGGAGCTATCCA-1	T	1
TGTTAGGAGGCTTTAC-1	Epithelial	0
TGTTAGGGTAACATAG-1	Epithelial	3
TGTTAGGGTTTAGGAA-1	T	14
TGTTAGGTCCAGGTAT-1	T	17
TTAACGGAGCCTGTAT-1	T	12
TTAACGGCAGTAAGCG-1	T	14
TTAACGGGTCGCGCTA-1	T	10
TTAACGGTCGTCAACA-1	T	7
TTACCCGAGAACCCGA-1	T	14
TTACCCGAGTGCTAGG-1	T	1
TTACCCGCAAAGGAAG-1	T	2
TTACCCGCACAGGTAG-1	NK	9
TTACCCGCACTTATGG-1	T	14
TTACCCGTCGATTACG-1	Stromal	5
TTACCGCAGGCAAGCT-1	T	10
TTACCGCAGTGAGTTA-1	T	2
TTACCGCGTGGCCTTG-1	Epithelial	0
TTACCGCTCGTGAGTT-1	T	7
TTACGGAAGACTCTTG-1	Epithelial	15
TTACGGACACCGAAAG-1	Epithelial	0
TTACGGACATCGTACA-1	T	2
TTACGGATCAGGCCGT-1	T	17
TTACGGATCTATACCT-1	Myeloid	4
TTACGTTAGACGACTG-1	Epithelial	3
TTACGTTAGGATTAAC-1	T	10
TTACGTTAGTCATACC-1	T	2
TTACGTTGTATGAAGT-1	T	14
TTACGTTTCCGTCAAA-1	Epithelial	0
TTACTCACACGATTAC-1	Epithelial	3
TTACTCACAGGACTGA-1	T	14
TTACTCATCAGAATGA-1	T	17
TTACTTGAGAGAGGTA-1	T	7
TTACTTGAGTATAGTG-1	T	6
TTACTTGCACAGTTAC-1	Epithelial	3
TTACTTGGTATGAAGT-1	B	8
TTACTTGTCCTCCTGA-1	T	14
TTAGCGAAGTGCAACG-1	T	6
TTAGCGACACCAAGGA-1	Epithelial	0
TTAGCGAGTCATTGCA-1	T	12
TTAGCGATCACTCCCA-1	T	1
TTAGCGATCCGCTCTA-1	T	11
TTAGCGATCGAGGCTC-1	T	1
TTAGCTTAGTCTCGAT-1	T	2
TTAGCTTAGTGAAACT-1	Epithelial	0
TTAGCTTGTACTAGAA-1	B	8
TTAGCTTGTATTGTCG-1	T	17
TTAGCTTGTGATAAGT-1	T	1
TTAGCTTGTGTGAGGT-1	T	6
TTAGCTTGTTAAGTCC-1	Epithelial	13
TTAGCTTTCCTTCGAC-1	T	12
TTAGCTTTCGATTACG-1	T	14
TTAGCTTTCGCTTGAA-1	T	7
TTAGGTGAGACGAAAG-1	Epithelial	0
TTAGGTGAGAGCACTG-1	T	6
TTAGGTGAGGAGAACA-1	T	2
TTAGGTGAGTGAGCAC-1	T	14
TTAGGTGCAAGAGCGT-1	Epithelial	0
TTAGGTGTCTTCGTTA-1	Epithelial	16
TTATGTCAGGTAAGTT-1	T	11
TTATGTCCACAACGGA-1	T	6
TTCAACTAGTATAGTG-1	B	18
TTCAACTAGTATGCTC-1	Epithelial	16
TTCAACTCAATACTGC-1	Epithelial	0
TTCAACTTCACTGGTA-1	Myeloid	4
TTCATCACACTGAAGG-1	Epithelial	3
TTCATCAGTTGCAGCC-1	T	11
TTCATTGGTTAAGGGC-1	Epithelial	3
TTCATTGTCCAACCTC-1	Epithelial	3
TTCGATTCAACTTGGT-1	Epithelial	0
TTCGATTCACGACGAA-1	T	7
TTCGATTGTCTGTCCT-1	T	14
TTCGATTTCACAGGGA-1	T	1
TTCGATTTCGATGCAT-1	Epithelial	0
TTCGCGTAGAAAGCAG-1	T	7
TTCGCGTCAGTAACCT-1	Stromal	19
TTCGCGTGTCCCGTGA-1	T	14
TTCGCGTTCACTCGGG-1	T	7
TTCGCGTTCATGAACC-1	B	8
TTCGCGTTCCTCCCAA-1	T	12
TTCGGTCAGACACTTC-1	Myeloid	4
TTCGGTCAGACGCCAA-1	Epithelial	16
TTCGGTCAGAGGTGGG-1	T	14
TTCGGTCGTCACAGGA-1	Epithelial	0
TTCGGTCTCGAGTTAC-1	Myeloid	4
TTCGTTAAGACACAAT-1	T	2
TTCGTTACAGAACAGC-1	Epithelial	0
TTCGTTAGTTTGACCA-1	Epithelial	3
TTCGTTATCTTAACGG-1	T	1
TTCTAACAGAACCATA-1	T	11
TTCTAACAGAACCCGA-1	T	11
TTCTAACCACAGTTCA-1	Epithelial	3
TTCTAACCATTAGCCA-1	T	1
TTCTAACGTACCAAGG-1	T	2
TTCTAACGTAGTACAA-1	T	1
TTCTAACTCTCGACAA-1	T	2
TTCTGTAAGTGATTAG-1	NK	9
TTCTGTACACAAGTGG-1	Epithelial	0
TTCTGTAGTAATGCCT-1	T	2
TTCTGTAGTCACAGTT-1	Myeloid	4
TTCTGTAGTGAAACAT-1	Epithelial	3
TTCTGTAGTGCGACCT-1	T	10
TTCTGTATCCCGTAGG-1	T	7
TTCTGTATCCGTACGG-1	Stromal	5
TTGACGAAGAAACGCC-1	NK	9
TTGACGACAAACCCTA-1	Epithelial	0
TTGACGACATGCCTTC-1	T	14
TTGACGAGTCATTGCA-1	B	18
TTGACGATCTACCCGT-1	Epithelial	15
TTGAGCAGTCATAAGA-1	T	6
TTGAGCATCCGTGCGA-1	T	17
TTGAGTGAGGATATCA-1	Myeloid	4
TTGAGTGCATTTGGTG-1	Epithelial	0
TTGAGTGGTTATAGAG-1	B	8
TTGCACCAGAGGAACA-1	T	1
TTGCACCAGTTACCAC-1	T	12
TTGCACCCATGGTAAA-1	T	10
TTGCACCGTGGCCTCA-1	T	7
TTGCACCGTTTGCCAA-1	T	6
TTGCACCTCAGTCACA-1	T	2
TTGCACCTCCACGCTT-1	T	2
TTGCAGAAGAGCAGCT-1	T	10
TTGCAGAAGTACAGAT-1	T	2
TTGCAGACAGCAACAG-1	Epithelial	3
TTGCAGACAGTCAGCC-1	T	10
TTGCAGACATGGCCTG-1	Epithelial	13
TTGCAGAGTTTCCACC-1	NK	9
TTGCAGATCCTCATTA-1	B	18
TTGCAGATCTAGCAGT-1	Epithelial	3
TTGCCCACACTTGCGG-1	Stromal	19
TTGCCCATCCATACCC-1	T	1
TTGCGAACACGTTACA-1	Epithelial	16
TTGCGAAGTACCGGCT-1	T	2
TTGCGAATCTCTATTG-1	Myeloid	4
TTGCGGGAGAACGACC-1	T	17
TTGCGGGAGTAGTTCC-1	T	1
TTGCGGGCACCGAAAG-1	Stromal	5
TTGCGGGGTAAGGTCG-1	T	10
TTGCGGGGTATGGTTC-1	Epithelial	0
TTGCGGGTCCGGCGAT-1	Epithelial	16
TTGCGGGTCGGTCTAA-1	Epithelial	0
TTGCTATCAACGGGTA-1	T	6
TTGCTATCACGTGAAG-1	T	12
TTGCTATGTAACATAG-1	T	7
TTGCTATGTGCTGAAG-1	T	2
TTGCTATGTGTAGGAC-1	T	2
TTGCTATTCCAGTTAG-1	Myeloid	4
TTGCTATTCGATCTTT-1	T	2
TTGCTATTCTGGTACA-1	Epithelial	0
TTGCTTAAGGCGTAGT-1	T	1
TTGCTTACAGAAGTGC-1	T	14
TTGCTTAGTAGCAGGT-1	Epithelial	0
TTGCTTATCAGCCGAC-1	Epithelial	3
TTGGTCCAGCTCGGCT-1	T	14
TTGGTCCAGTCTGCTA-1	NK	9
TTGGTCCCAAGTAATG-1	T	2
TTGGTCCCAGGCATTT-1	NK	9
TTGGTCCGTACAAATG-1	Myeloid	4
TTGGTCCTCTTCTCTC-1	Epithelial	0
TTGTCTAAGGTCTTTG-1	Stromal	5
TTGTCTAGTAACGGTG-1	T	2
TTGTCTAGTGGTTCTA-1	T	6
TTGTCTATCGGAAAGC-1	T	12
TTGTCTATCTCTTCCT-1	T	11
TTGTTCAAGATTGACA-1	T	10
TTGTTCATCGCTCTAC-1	T	1
TTGTTCATCTCGCGTT-1	NK	9
TTGTTGTAGGCCAATG-1	Stromal	5
TTGTTGTCAAGATGCG-1	T	2
TTGTTGTCAATGATGA-1	T	17
TTGTTGTCACTGTAAC-1	T	10
TTGTTGTTCGATCGCG-1	T	6
TTTACGTAGATCGAGC-1	T	1
TTTACGTTCGCATACA-1	Epithelial	13
TTTACGTTCTTCGTTA-1	Stromal	19
TTTGAGGAGGGTAATT-1	Myeloid	4
TTTGAGGAGTGGACGT-1	Myeloid	4
TTTGAGGCAATGATGA-1	Epithelial	0
TTTGAGGCAGTAAGCG-1	B	18
TTTGAGGCATGCCCTT-1	T	2
TTTGAGGTCAGATACC-1	T	1
TTTGAGGTCGAGCGCT-1	Epithelial	16
TTTGAGGTCGATAGCT-1	T	1
TTTGCGCCAAGCCTTA-1	T	1
TTTGCGCCACGCGATC-1	T	14
TTTGCGCGTCCTCAGG-1	Stromal	5
TTTGCGCGTTCCTATT-1	T	10
TTTGCGCGTTGGTAAA-1	Epithelial	0
TTTGCGCTCCAAACCA-1	T	1
TTTGCGCTCGGGTCCA-1	T	2
TTTGGCCAGCGCACAA-1	T	7
TTTGGCCGTACGGATG-1	Epithelial	15
TTTGGCCTCTTCTTCC-1	T	2
TTTGGTTCACAGTTAC-1	Epithelial	13
TTTGGTTGTCTAACCA-1	T	14
TTTGGTTGTGTCCTTC-1	Myeloid	4
TTTGTGTAGTATGCTC-1	T	11
TTTGTGTCAAGCACTT-1	T	10
TTTGTGTCACCCATCT-1	B	18
TTTGTGTGTAACACTC-1	Epithelial	16
TTTGTGTGTGCAAAGC-1	T	10
TTTGTGTGTGCAAGCA-1	T	7
