gene,axis,NK_detected,NK_frac_ge_floor,NK_detection_rate,NK_CPM,Myeloid_CPM,NK_soup_frac,NK_over_Myeloid,ratio_test_applies,gating_excluded,passes_witness_filter,verdict,quadrant,NK_log2FC,NK_SE,CD8T_log2FC,CD8T_SE,CD4T_log2FC,CD4T_SE,B_log2FC,B_SE,Myeloid_log2FC,Myeloid_SE
CCR1,receptor_inflammatory,False,0.224,0.845,9.88,36.67,0.289,0.269,True,False,False,BELOW DETECTION FLOOR,,,,,,,,,,,
CCR2,receptor_inflammatory,False,0.0,0.517,2.32,5.41,0.373,0.429,True,False,False,BELOW DETECTION FLOOR,,,,,,,,,,,
CCR3,receptor_inflammatory,False,0.0,0.121,0.18,0.08,0.121,2.255,False,False,False,BELOW DETECTION FLOOR,,,,,,,,,,,
CCR5,receptor_inflammatory,False,0.069,0.776,6.83,7.26,0.262,0.94,True,False,False,BELOW DETECTION FLOOR,,,,,,,,,,,
CXCR1,receptor_inflammatory,False,0.207,0.81,9.22,0.1,0.009,88.105,False,False,False,BELOW DETECTION FLOOR,,,,,,,,,,,
CXCR2,receptor_inflammatory,False,0.448,0.879,18.34,1.51,0.013,12.118,False,False,False,BELOW DETECTION FLOOR,,,,,,,,,,,
CXCR3,receptor_inflammatory,False,0.483,0.948,24.38,8.81,0.199,2.766,False,False,False,BELOW DETECTION FLOOR,,,,,,,,,,,
CXCR6,receptor_inflammatory,False,0.31,1.0,25.85,2.5,0.262,10.352,False,False,False,BELOW DETECTION FLOOR,,,,,,,,,,,
CX3CR1,receptor_inflammatory,True,0.638,0.983,75.85,8.8,0.013,8.618,False,False,True,MEASURABLE,,,,,,,,,,,
CCR4,receptor_homing,False,0.0,0.5,4.36,1.04,0.3,4.211,False,False,False,BELOW DETECTION FLOOR,,,,,,,,,,,
CCR6,receptor_homing,False,0.103,0.845,8.84,9.01,0.331,0.981,True,False,False,BELOW DETECTION FLOOR,,,,,,,,,,,
CCR7,receptor_homing,False,0.293,0.845,18.15,13.86,0.38,1.309,False,False,False,BELOW DETECTION FLOOR,,,,,,,,,,,
CCR8,receptor_homing,False,0.0,0.034,0.02,0.06,0.847,0.343,True,False,False,BELOW DETECTION FLOOR,,,,,,,,,,,
CCR9,receptor_homing,False,0.0,0.103,0.75,0.03,0.078,21.361,False,False,False,BELOW DETECTION FLOOR,,,,,,,,,,,
CCR10,receptor_homing,False,0.017,0.431,1.59,1.28,0.342,1.238,False,False,False,BELOW DETECTION FLOOR,,,,,,,,,,,
CXCR4,receptor_homing,True,1.0,1.0,1585.76,511.5,0.131,3.1,False,False,True,MEASURABLE,unclassified,0.4952122832940542,0.1504629674411811,0.0348192360037613,0.0563079555306891,0.1050975520763893,0.0699953971906478,0.7070080536488458,0.1680803539001916,0.4296451364220356,0.1521230670687028
CXCR5,receptor_homing,False,0.017,0.259,0.98,0.41,0.539,2.379,False,False,False,BELOW DETECTION FLOOR,,,,,,,,,,,
XCR1,receptor_homing,False,0.0,0.138,0.17,1.47,0.376,0.112,True,False,False,BELOW DETECTION FLOOR,,,,,,,,,,,
ACKR1,receptor_atypical,False,0.19,0.328,46.91,14.02,0.093,3.345,False,False,False,BELOW DETECTION FLOOR,,,,,,,,,,,
ACKR2,receptor_atypical,False,0.0,0.172,0.61,0.38,0.068,1.621,False,False,False,BELOW DETECTION FLOOR,,,,,,,,,,,
ACKR3,receptor_atypical,False,0.086,0.448,1.98,7.72,0.256,0.257,True,False,False,BELOW DETECTION FLOOR,,,,,,,,,,,
ACKR4,receptor_atypical,False,0.017,0.362,1.16,0.61,0.14,1.887,False,False,False,BELOW DETECTION FLOOR,,,,,,,,,,,
CCRL2,receptor_atypical,False,0.207,0.845,12.4,54.98,0.439,0.226,True,False,False,BELOW DETECTION FLOOR,,,,,,,,,,,
S1PR1,retention_egress,False,0.397,0.81,18.68,2.43,0.058,7.676,False,False,False,BELOW DETECTION FLOOR,,,,,,,,,,,
S1PR5,retention_egress,True,0.845,0.983,147.94,0.56,0.009,264.403,False,False,False,MEASURABLE,,,,,,,,,,,
SELL,retention_egress,True,0.793,0.983,71.94,30.24,0.1,2.379,False,False,True,MEASURABLE,Q4,-0.0306839945646826,0.1375436786642661,0.5289750984332471,0.1616442692286799,0.817723348741952,0.1678674154546259,0.6774451767679903,0.1953265613482026,-0.270490424014599,0.1534002954695816
SELPLG,retention_egress,True,0.914,0.983,102.47,57.62,0.066,1.778,False,False,True,MEASURABLE,unclassified,-0.5212570121029737,0.1017869964517407,-0.0682969525858744,0.0644104596827127,-0.1406307004215591,0.0454417490483802,-0.1853876793488131,0.1618526255311897,-0.7908310921905941,0.1332277282315705
CD69,retention_egress,True,0.983,0.983,971.11,153.82,0.107,6.313,False,False,True,MEASURABLE,unclassified,0.6938477058954179,0.1423519672242768,0.1242004593749814,0.0655990981578632,0.1952825808165236,0.0729976090560565,0.029693726914515,0.1628663580633663,0.6058388459917974,0.1987442411259453
ITGAE,retention_egress,True,0.828,0.983,66.53,30.82,0.131,2.159,False,False,True,MEASURABLE,unclassified,0.1048872280184468,0.1412663025258411,0.4547897543659548,0.1196144216105902,0.1015580403703574,0.0995142698199587,0.4723105811780311,0.1016179292708076,0.0464435974578776,0.0784119523288442
ITGA1,retention_egress,False,0.328,0.931,29.77,4.95,0.075,6.014,False,False,False,BELOW DETECTION FLOOR,,,,,,,,,,,
KLRG1,retention_egress,True,0.81,0.983,79.18,5.0,0.046,15.822,False,False,True,MEASURABLE,unclassified,-0.3290532174911024,0.1596153049239152,-0.4900543664276123,0.1206418752564165,-0.3791636077722589,0.1192375164126655,-0.973356416899676,0.1635423836999855,0.3462896212562943,0.1568560441115151
CCL3,ligand_lymphoid,True,0.948,0.966,2293.61,995.81,0.046,2.303,False,False,True,MEASURABLE,unclassified,-0.2236155135149788,0.1696588525628017,0.0639714809452413,0.1738399583248471,-0.3448923304330897,0.1834636688205403,-0.7198790088984096,0.2710543613919615,0.4484730809687287,0.2033545978468048
CCL3L3,ligand_lymphoid,True,0.897,0.966,212.21,231.86,0.116,0.915,True,False,True,MEASURABLE,unclassified,0.3505992171748472,0.1707718625618202,0.1645577427630138,0.1712247170284325,0.0247962661035286,0.2289611685730083,-0.3475013735319939,0.2270750751840233,0.6397463909027814,0.2465678632622475
CCL4,ligand_lymphoid,True,0.983,1.0,5294.98,738.15,0.039,7.173,False,False,True,MEASURABLE,unclassified,-0.3850408699461596,0.1669656856380632,-0.3938791403369858,0.0985418629061462,-1.015881776339384,0.1507517188504495,-0.960651162665946,0.2329751553055901,0.1551249052441424,0.1793218062534369
CCL4L2,ligand_lymphoid,True,0.948,0.983,856.79,246.58,0.057,3.475,False,False,True,MEASURABLE,unclassified,-0.1137392517688704,0.1740422271944056,0.3130744802120106,0.1555245574236345,-0.1781095852323578,0.1922051317890074,-0.7639876484092665,0.2748545980997546,0.5274023280627873,0.2399015353659922
CCL5,ligand_lymphoid,True,0.983,1.0,2332.02,54.77,0.039,42.58,False,False,True,MEASURABLE,unclassified,-0.3625712516850163,0.17937300376198,-0.2613124246513274,0.0685771640682517,-0.7591633369282721,0.1069538450705651,-0.8243139577980637,0.2272944832643132,0.2490513250736157,0.1901022252550803
XCL1,ligand_lymphoid,True,0.845,0.983,128.2,2.64,0.035,48.635,False,False,True,MEASURABLE,unclassified,0.5660116078376567,0.2572864307857831,-0.6422026955969244,0.1550036409735621,-1.2104552774521888,0.1610534810456179,-1.105414151930921,0.2505022390038093,-0.0586345240860224,0.2269263992364198
XCL2,ligand_lymphoid,True,0.948,1.0,221.96,2.2,0.021,100.754,False,False,True,MEASURABLE,Q4,0.0521540865003895,0.2119426050908956,-0.2722512542807299,0.1016779378162533,-1.283700858827562,0.1780745982784369,-1.141506696662216,0.2537226475039394,-0.3288037138182885,0.2539945627209877
CCL2,ligand_myeloid_stromal,True,0.5,0.862,76.39,157.51,0.239,0.485,True,False,True,MEASURABLE,unclassified,0.8188473139061269,0.4384996027450865,-1.1780426545514928,0.3896012967785382,-0.7347741918635774,0.4141917768355126,-1.8026568548586903,0.3624236511010232,1.7199455949734,0.3064010647255777
CCL7,ligand_myeloid_stromal,False,0.034,0.207,3.39,9.25,0.357,0.367,True,False,False,BELOW DETECTION FLOOR,,,,,,,,,,,
CCL8,ligand_myeloid_stromal,False,0.086,0.414,4.62,16.06,0.368,0.288,True,False,False,BELOW DETECTION FLOOR,,,,,,,,,,,
CCL13,ligand_myeloid_stromal,False,0.172,0.552,12.8,37.89,0.343,0.338,True,False,False,BELOW DETECTION FLOOR,,,,,,,,,,,
CCL14,ligand_myeloid_stromal,False,0.052,0.207,1.93,0.76,0.064,2.547,False,False,False,BELOW DETECTION FLOOR,,,,,,,,,,,
CCL15,ligand_myeloid_stromal,False,0.0,0.103,0.08,1.0,0.727,0.081,True,False,False,BELOW DETECTION FLOOR,,,,,,,,,,,
CCL17,ligand_myeloid_stromal,False,0.172,0.638,6.81,144.74,0.852,0.047,True,False,False,BELOW DETECTION FLOOR,,,,,,,,,,,
CCL18,ligand_myeloid_stromal,True,0.707,0.879,371.95,1677.3,0.372,0.222,True,False,True,MEASURABLE,unclassified,0.4247041396702133,0.4883505757917164,-0.5452846517845754,0.2648921600821057,-0.6693120757089003,0.3270243457460101,-0.8913983639332678,0.4399404378786616,-0.2646893886513299,0.4079318946571503
CCL19,ligand_myeloid_stromal,False,0.052,0.259,3.77,7.71,0.209,0.49,True,False,False,BELOW DETECTION FLOOR,,,,,,,,,,,
CCL20,ligand_myeloid_stromal,True,0.621,0.897,67.3,373.51,0.618,0.18,True,False,True,AMBIENT-INDISTINGUISHABLE,unclassified,0.9961692993519972,0.349989656648245,0.8524703368679313,0.203993397963428,0.5169696726843722,0.1864918572490677,-0.968956259654527,0.2923165366599439,-0.058352501473917,0.2098443910516108
CCL21,ligand_myeloid_stromal,False,0.103,0.241,7.36,14.94,0.096,0.493,True,False,False,BELOW DETECTION FLOOR,,,,,,,,,,,
CCL22,ligand_myeloid_stromal,False,0.069,0.345,2.85,7.65,0.295,0.373,True,False,False,BELOW DETECTION FLOOR,,,,,,,,,,,
CCL23,ligand_myeloid_stromal,False,0.138,0.69,9.03,31.57,0.28,0.286,True,False,False,BELOW DETECTION FLOOR,,,,,,,,,,,
CCL24,ligand_myeloid_stromal,False,0.0,0.017,0.01,0.18,1.0,0.055,True,False,False,BELOW DETECTION FLOOR,,,,,,,,,,,
CCL28,ligand_myeloid_stromal,False,0.293,0.914,11.58,3.46,0.068,3.35,False,False,False,BELOW DETECTION FLOOR,,,,,,,,,,,
CXCL1,ligand_myeloid_stromal,False,0.328,0.69,25.52,59.3,0.308,0.43,True,False,False,BELOW DETECTION FLOOR,,,,,,,,,,,
CXCL2,ligand_myeloid_stromal,True,0.828,0.931,208.57,858.66,0.283,0.243,True,False,True,MEASURABLE,unclassified,0.5984103684605859,0.3478352953108055,-0.4529660990632559,0.2783505857551505,-0.5726111867021982,0.3014163860333713,-2.5144479799653743,0.386984162515506,-0.013744158439909,0.1656523205193193
CXCL3,ligand_myeloid_stromal,True,0.776,0.931,154.76,878.93,0.493,0.176,True,False,True,AMBIENT-INDISTINGUISHABLE,unclassified,0.4207267204986845,0.3410376681784955,-0.6457180668689587,0.2664383369608324,-0.4902915965291841,0.3003151389696489,-1.5314807796932322,0.3178962767067895,-0.6013836194495769,0.1870361449470605
CXCL5,ligand_myeloid_stromal,False,0.155,0.431,8.88,38.05,0.232,0.233,True,False,False,BELOW DETECTION FLOOR,,,,,,,,,,,
CXCL6,ligand_myeloid_stromal,False,0.034,0.224,1.35,4.84,0.308,0.279,True,False,False,BELOW DETECTION FLOOR,,,,,,,,,,,
CXCL8,ligand_myeloid_stromal,True,0.845,0.931,245.44,1247.56,0.475,0.197,True,False,True,AMBIENT-INDISTINGUISHABLE,unclassified,1.0609317038885595,0.2865524244290622,-0.321902159935003,0.2814235896922589,-0.2669285740967392,0.3443760478168844,-1.2989449886652935,0.3104192612881375,0.1414813725796312,0.1917992285204602
CXCL9,ligand_myeloid_stromal,False,0.121,0.448,5.4,68.57,0.994,0.079,True,False,False,BELOW DETECTION FLOOR,,,,,,,,,,,
CXCL10,ligand_myeloid_stromal,False,0.276,0.69,22.12,166.39,0.734,0.133,True,False,False,BELOW DETECTION FLOOR,,,,,,,,,,,
CXCL11,ligand_myeloid_stromal,False,0.034,0.328,1.76,15.2,0.526,0.115,True,False,False,BELOW DETECTION FLOOR,,,,,,,,,,,
CXCL12,ligand_myeloid_stromal,False,0.086,0.5,4.7,3.94,0.055,1.193,False,False,False,BELOW DETECTION FLOOR,,,,,,,,,,,
CXCL13,ligand_myeloid_stromal,False,0.069,0.379,9.91,6.24,1.0,1.587,False,False,False,BELOW DETECTION FLOOR,,,,,,,,,,,
CXCL14,ligand_myeloid_stromal,False,0.328,0.948,27.77,25.34,0.268,1.096,False,False,False,BELOW DETECTION FLOOR,,,,,,,,,,,
CXCL16,ligand_myeloid_stromal,True,0.603,0.897,35.13,267.42,0.506,0.131,True,False,True,AMBIENT-INDISTINGUISHABLE,unclassified,0.4771728416207203,0.267109046714158,-0.5332941156678547,0.1975172488425401,-0.3191127799518659,0.2143546961437686,-1.2296280274698677,0.1987794252958187,-0.5401558671240277,0.1343335600223376
CXCL17,ligand_myeloid_stromal,False,0.431,0.672,54.38,66.28,0.167,0.82,True,False,False,BELOW DETECTION FLOOR,,,,,,,,,,,
CX3CL1,ligand_myeloid_stromal,False,0.086,0.552,4.83,2.94,0.101,1.642,False,False,False,BELOW DETECTION FLOOR,,,,,,,,,,,
KLRD1,control_positive,True,0.983,1.0,1049.81,4.97,0.013,211.171,False,True,True,MEASURABLE,,,,,,,,,,,
NKG7,control_positive,True,0.983,1.0,3614.67,32.41,0.013,111.513,False,True,True,MEASURABLE,,,,,,,,,,,
GNLY,control_positive,True,0.983,1.0,5188.38,23.92,0.012,216.871,False,True,True,MEASURABLE,,,,,,,,,,,
C1QA,control_negative,True,0.741,0.914,325.78,2770.01,0.586,0.118,True,False,True,AMBIENT-INDISTINGUISHABLE,unclassified,-0.1670126321749344,0.3645394863877821,-0.6561830207071836,0.2458302926790141,-0.7737310818289224,0.3184596704133698,-1.242986332840374,0.3581330934420247,-0.8817096376719913,0.1963719148354851
LYZ,control_negative,True,0.81,0.966,377.74,5372.86,1.0,0.07,True,True,True,AMBIENT-INDISTINGUISHABLE,,,,,,,,,,,
IGKC,control_negative,True,0.845,0.966,8338.04,2530.58,0.402,3.295,False,False,True,AMBIENT-INDISTINGUISHABLE,Q3,3.72111923012834,0.7272999610374348,3.241948990231123,0.659721011678508,2.83711771913224,0.5690572842693195,2.271338162475105,0.5308779662202276,3.227898449405936,0.6273956970554133
