batch,condition,lineage,n_cells,n_empty_droplets,total_counts,rho,removed_frac,val_before,val_after,est_before,est_after
2,Tumor,NK,53,154153,103807.0,0.026904487956657903,0.024576419820162898,9.633261726087836e-06,3.067306477974598e-06,0.00015413218761740538,5.463958820365404e-06
2,Tumor,CD8T,264,154153,515587.0,0.009479544319977768,0.0088877241594425,9.69768438692209e-06,9.350224121620766e-06,5.4307032566763705e-05,5.951062491951403e-06
2,Tumor,CD4T,415,154153,915504.0,0.010486578975380178,0.009884100420333275,1.5292123245775004e-05,1.2349283956085762e-05,6.007619846554466e-05,1.4678892674290557e-06
2,Tumor,B,203,154153,1021777.0,0.5699291039042765,0.4549368404260421,7.535890903788204e-05,9.695959837179707e-06,0.0001350588239899704,2.522745105784718e-05
2,Tumor,Myeloid,829,154153,7791241.0,0.017923166420579128,0.017897405030019686,5.942570637976671e-05,4.4651274115876146e-05,0.00010267940627173515,8.517215119454629e-06
1,Normal,NK,311,159086,498565.0,0.010887545965959047,0.010561316738722404,1.6046052169727118e-05,1.7264127274805226e-06,8.825328693349915e-05,8.161004194503244e-07
1,Normal,CD8T,474,159086,881401.0,0.011197357914003588,0.010977784446215999,1.5883803172449315e-05,8.95392577049265e-07,9.076458955685323e-05,7.015047696525928e-06
1,Normal,CD4T,528,159086,1037783.0,0.010461048898504547,0.0101220394214796,6.745148070454035e-06,0.0,8.479614717142216e-05,6.6244584340411315e-06
1,Normal,B,400,159086,1380992.0,0.8386506882765055,0.6509631722054638,0.0008421482528501251,0.0003016136836853976,0.0008073906293447029,7.288907733272986e-05
1,Normal,Myeloid,896,159086,6680326.0,0.011191133584710107,0.011146357273269958,9.730064071723447e-06,0.0,9.071413580714474e-05,1.552750419814484e-05
3,Normal,NK,746,213493,1516556.0,0.00743795940750827,0.007347860957953922,4.483843656284371e-05,2.1931790910625167e-05,6.593887729829957e-06,4.3558671123386625e-07
3,Normal,CD8T,547,213493,1285266.0,0.013164685715501436,0.013029872772652662,4.823904156804895e-05,7.353352821312187e-06,1.1670735863237649e-05,7.172426741350211e-07
3,Normal,CD4T,687,213493,1728623.0,0.0058729253113558024,0.005836484859459312,7.636135814460411e-05,5.8419982438519444e-05,5.206456237132099e-06,1.5653830897359721e-06
3,Normal,B,337,213493,1075452.0,1.0,0.765625830397741,0.0020781959585365038,0.0028805785480210274,0.0011195292769923715,0.00024432698412948077
3,Normal,Myeloid,1117,213493,10334507.0,0.011460717057498505,0.011347201923121997,8.99897789028543e-06,8.024046853823133e-06,1.0160136327741614e-05,1.8235011496440693e-06
6,Tumor,NK,85,104379,148958.0,0.16919563113004665,0.16210344437844815,0.0007787430013829401,0.00014428938492787617,0.00627022382147988,0.0002929604074962797
6,Tumor,CD8T,217,104379,473468.0,0.03613305873823305,0.034002073543753286,0.00013939696030143537,7.118236302407568e-06,0.0013390556489562124,0.0004789668078165156
6,Tumor,CD4T,223,104379,535056.0,0.16511462315345773,0.14139133350600308,9.718608893274722e-05,0.0,0.006118985676265662,0.0009661182285883104
6,Tumor,B,391,104379,2255660.0,0.42581549425790133,0.3325203167932125,0.00010684234326095245,0.0,0.00010019240488371475,5.118643529945282e-05
6,Tumor,Myeloid,766,104379,4252655.0,0.15977871440606448,0.15559280241068285,0.0014898927846251342,0.0,0.005921242141673848,0.00010090620137578798
5,Normal,NK,355,184556,901225.0,0.019008343055118584,0.018933180145226824,0.002424477794113568,0.002407611643622871,2.219201642209215e-05,2.296129986010034e-06
5,Normal,CD8T,235,184556,232058.0,0.02952846955476518,0.028939949209543903,0.0002887209232174715,0.0001974216399325253,3.447414008566824e-05,6.368871610158052e-06
5,Normal,CD4T,282,184556,348306.0,0.017214110263524703,0.0170095134103041,0.0006172733171406752,0.00057050295395177,2.0097270790626634e-05,2.6594684737580792e-06
5,Normal,B,1098,184556,1934311.0,0.9941738613374145,0.6896165067932689,0.0005940099601356762,0.0,4.5494235415090954e-05,6.521530232011873e-05
5,Normal,Myeloid,2532,184556,12234711.0,0.01106141962501681,0.011042981106138106,4.331937223527389e-06,0.0,1.291407700598731e-05,1.2682005529706433e-06
4,Tumor,NK,341,234493,529911.0,0.0213228291683123,0.02094211760707365,0.00045856757078075377,0.00037842888738526736,0.00037364765026579933,4.160295900505188e-05
4,Tumor,CD8T,797,234493,1544959.0,0.14050964018281487,0.13100932761501438,0.00023431042506629626,8.430975001302223e-06,0.00246220126229887,0.0006479978890938968
4,Tumor,CD4T,654,234493,1645066.0,0.018558934008825263,0.018370855979068623,0.00039025789846729554,0.0003194781518976428,0.00032521491538941297,5.1200315790258476e-05
4,Tumor,B,1239,234493,6203246.0,0.30241349174591303,0.2714746592896078,0.00019280228448138282,0.0,7.350990110661419e-05,1.1690107231307825e-06
4,Tumor,Myeloid,3057,234493,18497046.0,0.06135493059269936,0.06012679766539797,0.00039530636405402244,0.0,0.001075144647420999,9.621870543781096e-05
8,Tumor,NK,312,206431,527134.0,0.03585413449584609,0.03543223038797216,0.00015935227095956626,1.5078314800336269e-05,0.00012330830490918818,4.32682076879214e-06
8,Tumor,CD8T,852,206431,1934206.0,0.04164126924459588,0.041240059891268666,0.00015820445185259482,6.017438687753075e-06,0.00014321121948747962,7.955407912191195e-06
8,Tumor,CD4T,996,206431,2650580.0,0.026437661732865044,0.026280364375015353,0.0001305374672713142,2.382730482260888e-05,9.0923495989557e-05,5.495154540386522e-06
8,Tumor,B,647,206431,2798160.0,0.49005743473853636,0.45619763342949715,0.0005843125482459902,0.0,0.0004027646739285816,2.5697832163201918e-05
8,Tumor,Myeloid,1673,206431,13375959.0,0.03654178013109287,0.03645540495834976,1.1886998158412418e-05,1.1451422275730591e-06,0.00012567323210246084,1.1751037319984418e-05
9,Tumor,NK,165,285461,360069.0,0.055437662677203216,0.054733267404942776,0.0002943880200739303,0.00013682550682414876,0.0005054586759759935,3.089370939735745e-06
9,Tumor,CD8T,378,285461,1491706.0,0.054261573244112724,0.053692478029116475,0.0003009976496709137,0.00014735984945583394,0.0004947355578109896,1.3654368059135482e-05
9,Tumor,CD4T,907,285461,3725871.0,0.21020859762641386,0.19905399046885264,0.00014144343698426488,6.102374388775769e-06,0.0019165988301795742,0.00019456528018795585
9,Tumor,B,717,285461,4654828.0,0.5097929813903023,0.46115877425956675,0.0002958218864370499,3.2030894874152125e-05,0.0001587598940283078,2.8219333190202834e-05
9,Tumor,Myeloid,2038,285461,15561522.0,0.12607499839863537,0.12507537972490712,6.978751821319278e-05,0.0,0.0011495019574563464,0.00015171636171600975
7,Normal,NK,1360,220010,1484710.0,0.8390129548333455,0.7473966655559239,0.0020071259707282905,0.0,0.0003738103737430205,0.00022206634318248686
7,Normal,CD8T,2340,220010,2038263.0,0.3788048569642957,0.3471599492415126,0.0007854727284948017,0.0,0.00016877115465472315,0.00010059151751477187
7,Normal,CD4T,1500,220010,1531880.0,0.0703288973546367,0.07008629980668679,0.0008727837689636264,0.0004085364736685957,3.133404705329399e-05,2.012822725432632e-06
7,Normal,B,2450,220010,3304246.0,0.5514437833182629,0.5219594137617918,0.0014787034621514257,0.0,0.00020609845634979963,4.105403146189542e-05
7,Normal,Myeloid,8804,220010,28473948.0,0.04761091941313849,0.04756901247686918,3.0905443811304285e-06,0.0,2.121237279775885e-05,2.02841271738076e-06
11,Tumor,NK,113,218573,517686.0,0.8304834987769584,0.7575125753789245,0.00015839717512159882,0.0,0.10130658352746645,0.006202025681030666
11,Tumor,CD8T,238,218573,686794.0,0.9620116559318117,0.8029112365109227,0.0004397242841376017,0.00039996101796247954,0.11735105431905346,0.018796952020562807
11,Tumor,CD4T,239,218573,1007043.0,0.7239332083875984,0.6669933705174892,0.0003942234840021727,0.0001009326919378425,0.08830903943525747,0.004488663964166541
11,Tumor,B,1603,218573,12517898.0,0.16693089795780494,0.1610951366132759,3.3951387045972096e-05,0.0,8.132355767717551e-05,3.9826952227366925e-05
11,Tumor,Myeloid,1312,218573,13780190.0,0.09640105970473216,0.09575656462577598,0.00291527185038813,0.0014096972218533637,0.011759489528083429,0.0003865785028913564
14,Normal,NK,106,168434,202422.0,0.03301684289676492,0.03230708056600917,0.00021242750293940383,0.0001240804199252492,9.386331525229471e-05,8.945160075796781e-06
14,Normal,CD8T,272,168434,857916.0,0.049611259948816155,0.04913781733185141,0.000150364371337054,1.1565188548455872e-05,0.00014103944908359326,4.762301911708608e-06
14,Normal,CD4T,492,168434,1473949.0,0.03913821774192028,0.03890419883681129,0.00017096928048392448,6.349271136585509e-05,0.00011126572221969689,4.211719540186696e-06
14,Normal,B,563,168434,2879663.0,0.20502664600393442,0.20170925685433683,0.0002281516969173129,8.036519823694781e-06,0.00014376682271501908,1.393441893901963e-05
14,Normal,Myeloid,969,168434,10944620.0,0.04496314500984659,0.04492755208367605,1.6537805789511194e-05,2.524443001123647e-06,0.00012782536077086276,1.0388761217162528e-06
10,Normal,NK,703,239168,985168.0,0.07697742178039733,0.07663429490794627,0.0009328358208955224,0.0002877804278802978,8.221947931723321e-05,9.837216199086112e-06
10,Normal,CD8T,280,239168,542147.0,0.036265266624342034,0.03599740366297288,0.0005957793734909536,0.0002920052109797947,3.8734881867832894e-05,9.258025336992998e-06
10,Normal,CD4T,517,239168,1546144.0,0.04602060161551589,0.0459331523389207,0.0017656828859407663,0.0014323777059815582,4.915454187966968e-05,1.3968652371301967e-06
10,Normal,B,475,239168,2005025.0,0.7250597260572071,0.6693435084503637,0.003794466403162055,0.0,0.0002778020224186731,0.00010785306654953922
10,Normal,Myeloid,3563,239168,35745086.0,0.04295523909485994,0.0429262945889437,3.832694653469291e-06,1.2778346964117164e-06,4.588043234809954e-05,2.0391720947564933e-06
15,Tumor,NK,116,203705,313596.0,0.12615733880742155,0.12459902586171523,0.0002646717432620314,1.915382921064529e-05,0.0007780711488666948,4.4922411067292504e-05
15,Tumor,CD8T,429,203705,1481853.0,0.06838614158711659,0.06784091523031865,0.00016195938463531807,2.958480839127061e-05,0.00042176923082114085,2.7604045099842824e-06
15,Tumor,CD4T,661,203705,2126185.0,0.0517799863760117,0.05139489900887495,0.00015050430700997325,5.1395951574772434e-05,0.000319351326436787,1.9089616915375467e-05
15,Tumor,B,914,203705,6506044.0,0.21343778744251288,0.21073583830106846,0.0001893623836543374,0.0,0.00012788109026007203,1.1596027473626964e-05
15,Tumor,Myeloid,1410,203705,11865348.0,0.06955534508219448,0.06948239242242826,0.00016830521953506967,3.4138213325224365e-05,0.0004289802540978992,1.9596667927450684e-05
16,Normal,NK,370,188055,700750.0,0.04288952909837149,0.04254525286807331,0.00029254370317516944,0.00014278719596683763,7.27791651801641e-05,9.313001184161178e-07
16,Normal,CD8T,211,188055,681429.0,0.03113336741294491,0.03093925728405944,0.0004050311918042819,0.00030150723062152444,5.283015545273242e-05,2.359889467185517e-06
16,Normal,CD4T,395,188055,1249258.0,0.9307202311126266,0.6510006653625879,0.0004210499352415594,5.902426676680127e-06,0.001579337494736876,0.0005443945396331368
16,Normal,B,1147,188055,5363646.0,0.3723968186918464,0.3343637760783479,0.0003238468758005282,0.0,0.000147474311317339,6.551701910641623e-05
16,Normal,Myeloid,1648,188055,17112628.0,0.0789644388416978,0.07847649504794785,0.00023882947727257321,0.00021853153974991303,0.00013399461497088584,1.2285731120622707e-05
17,Tumor,NK,226,212260,437143.0,0.49938442446439696,0.47535668960761224,0.0001349672761544849,0.0,0.06878527163880012,0.0071426304239854445
17,Tumor,CD8T,652,212260,1997722.0,0.19414065799090607,0.18767427356010902,0.0001086237224198362,3.8539927415482204e-05,0.02674095795110631,0.0008433699550436499
17,Tumor,CD4T,773,212260,3049859.0,0.1773676197394831,0.17339413736374243,0.00010164404321642411,3.558098675668686e-05,0.024430637613083096,0.00024552751491932365
17,Tumor,B,1907,212260,17879836.0,0.12870626881961708,0.1261197969228205,6.621984675922083e-05,0.0,0.0001705272911899192,1.653094820202349e-05
17,Tumor,Myeloid,1140,212260,11196790.0,0.26512545719781383,0.25879224003779844,0.006150066224337511,0.0,0.03651841286654479,0.0014318951948082525
22,Normal,NK,74,104159,139224.0,0.04916223514056544,0.047577400206764375,3.5913348273286214e-05,7.351352173496981e-06,5.02786875826007e-05,5.133271776321177e-06
22,Normal,CD8T,82,104159,172727.0,0.039626480082500616,0.03850171492751975,5.789482825499198e-06,0.0,4.052637977849439e-05,4.098541278559687e-06
22,Normal,CD4T,119,104159,306380.0,0.022340110402800716,0.021916541275430523,1.631960310725243e-05,0.0,2.2847444350153403e-05,2.0471024246666308e-06
22,Normal,B,142,104159,190225.0,0.4209502962767005,0.3990277441533917,0.000578262583782363,0.0,0.0010408726508082534,0.0002439624251131558
22,Normal,Myeloid,126,104159,527165.0,0.23556178648367904,0.2272319958685437,0.0,0.0,0.00024091128963417527,2.2950134802868075e-05
23,Tumor,NK,51,107158,71345.0,0.11374802168902383,0.1067417422020619,0.0,0.0,0.0004765575723596608,0.00031998247388765027
23,Tumor,CD8T,94,107158,176310.0,0.009476535022174151,0.009212355953996387,3.4030968181044753e-05,2.026103047025576e-05,3.970279621121888e-05,3.6503574249792785e-06
23,Tumor,CD4T,241,107158,650852.0,0.013569003600797198,0.013410438139013214,2.9192504593978354e-05,1.485756273749354e-05,5.684856157774732e-05,1.0533557110302637e-05
23,Tumor,B,81,107158,288126.0,0.10141820375129562,0.09877599139858928,5.900196441834475e-05,0.0,9.023829852217433e-05,2.746726038281796e-05
23,Tumor,Myeloid,156,107158,754295.0,0.02246702648034186,0.022248883834490862,3.181779012190191e-05,2.1395587325417026e-06,9.412762911062648e-05,4.992425830196193e-06
18,Normal,NK,189,230131,306291.0,0.015559267841154684,0.015410730797941974,0.0010480229585590173,0.0009672228678832025,3.591355932756757e-05,2.6916492817895395e-06
18,Normal,CD8T,529,230131,1916516.0,0.015824000873718845,0.01577889299546642,0.0002979364638750733,0.00020357671844846136,3.6524610282408286e-05,7.909804827016036e-07
18,Normal,CD4T,924,230131,3483467.0,0.015421999759162443,0.015391182445456675,0.00025520551795093794,0.00016285062132719944,3.5596720164135326e-05,1.2568572656933819e-06
18,Normal,B,464,230131,1751681.0,0.5668939969413168,0.49932040629258045,0.0008277762903177006,1.100078703075678e-05,0.0006097000538340029,0.00014369696563565793
18,Normal,Myeloid,2342,230131,30879898.0,0.0158818568506086,0.01587125044994131,5.569966584734185e-06,3.220441598065082e-08,3.665815217394824e-05,1.1453316434788273e-06
19,Tumor,NK,530,278584,719013.0,1.0,0.7829751089807231,0.00015437829357744574,0.0,0.04826616486767277,0.09623615530159375
19,Tumor,CD8T,428,278584,1870881.0,0.0538011176205153,0.052867885777975965,0.0004570039462691641,0.00039928676882406555,0.0014731027788512472,0.00015964574159830266
19,Tumor,CD4T,1110,278584,5274118.0,0.33590910466581225,0.3091341797016548,0.0004076510991980081,0.00021175650877331833,0.009197367218556733,0.000469592686081819
19,Tumor,B,2277,278584,8262441.0,0.2469539158090096,0.2317968800569402,5.603670876439541e-05,1.9049102463224359e-06,5.2163761290398324e-05,9.001775111380852e-06
19,Tumor,Myeloid,1606,278584,17591040.0,0.07596565252086446,0.07550804221255769,0.0006286154769700939,0.00013460969615380124,0.0020799793531252274,0.0003907608394883787
26,Normal,NK,20,107895,36644.0,0.03077740692255411,0.02758745884317082,5.457919441109049e-05,0.0,0.00010915838882218098,2.8705654918424468e-05
26,Normal,CD8T,42,107895,105353.0,0.026762581494358798,0.025292006946037615,6.6443290651429e-05,0.0,9.491898664489858e-05,4.312291711275392e-06
26,Normal,CD4T,130,107895,428593.0,0.024340615731587252,0.023735202408437295,3.966467021159935e-05,0.0,8.632898810759858e-05,1.424777375860148e-05
26,Normal,B,76,107895,186558.0,0.22861331451293887,0.21355853868482777,0.00013936684569946074,5.995985944380936e-07,0.00021977079514145736,7.056908355356242e-05
26,Normal,Myeloid,95,107895,433213.0,0.032541939509839066,0.03222490031945602,3.2316666397361115e-05,0.0,0.00011541666570486112,1.1415281185999787e-05
24,Normal,NK,58,101998,77603.0,0.195639812425246,0.1861111273814392,2.577219952836875e-05,1.2378332506192045e-05,2.577219952836875e-05,2.8211083386205125e-05
24,Normal,CD8T,86,101998,222820.0,0.0,0.0,1.3463782425276007e-05,1.3463782425276007e-05,0.0,0.0
24,Normal,CD4T,323,101998,949169.0,0.00799764655379409,0.007947315445980152,2.5285275857091834e-05,8.679380423924883e-06,1.0535531607121598e-06,1.4481724845258425e-07
24,Normal,B,169,101998,270637.0,0.6377300096223842,0.5657409993843919,0.00017366435483692178,0.0,0.0003879735586782295,0.00017585236936487917
24,Normal,Myeloid,201,101998,858156.0,0.0,0.0,1.1652892947203073e-06,1.1652892947203073e-06,0.0,0.0
25,Tumor,NK,26,113646,36119.0,0.010101885804184182,0.009282194964524315,5.537251861900939e-05,4.862618881390159e-05,5.537251861900939e-05,1.5469059627063914e-05
25,Tumor,CD8T,72,113646,189489.0,0.013478830399280694,0.013159261047577475,2.1109404767559067e-05,1.5614453710927986e-05,7.388291668645673e-05,2.224628385800906e-05
25,Tumor,CD4T,236,113646,773968.0,0.007542844424809883,0.007484730600824663,6.460215409422612e-06,2.3650324291007876e-06,4.1345378620304716e-05,1.1151781405551918e-06
25,Tumor,B,40,113646,135126.0,0.10966244884045634,0.10623504195395228,1.480100054763702e-05,0.0,5.920400219054808e-05,1.8229148614032696e-05
25,Tumor,Myeloid,104,113646,649421.0,0.007584825837750757,0.007532678133739701,3.079666348947755e-06,2.3514164920954383e-06,4.157549571079469e-05,5.576470093974448e-06
27,Tumor,NK,6,105239,8845.0,0.12218521061836778,0.08826167288233977,0.0,0.0,0.0010175240248728094,0.00017144029404507147
27,Tumor,CD8T,21,105239,101019.0,0.034472192194498534,0.03279520168232897,6.92938952078322e-05,3.8836447219217075e-05,0.0002870747087181619,2.5125200795059986e-05
27,Tumor,CD4T,116,105239,479611.0,0.031046061936308433,0.03047998983379452,3.961543834482529e-05,1.0032797577719587e-05,0.0002585428607767545,1.2763912391475424e-05
27,Tumor,B,28,105239,174044.0,0.1154117072505526,0.10834056300719908,5.171106157063731e-05,0.0,8.618510261772885e-05,3.633176885235659e-05
27,Tumor,Myeloid,48,105239,716742.0,0.1184487628833838,0.1160162278847372,1.674242614497267e-05,0.0,0.0009864079403746396,0.00012616138545313232
28,Normal,NK,157,190653,348651.0,0.173108706709717,0.16712951483044858,0.00017496006034687983,2.1003180086882725e-05,0.009685903668711691,0.0020660512696789013
28,Normal,CD8T,329,190653,1785008.0,0.03003722821349419,0.029542092653684238,7.843102103744073e-05,2.303547394538014e-05,0.001680664736516587,0.00024526214912002487
28,Normal,CD4T,745,190653,3011674.0,0.08564407573699656,0.08039137824425246,6.674029127986628e-05,8.587585357855624e-08,0.004792019322144429,0.0008705059020766236
28,Normal,B,708,190653,4277367.0,0.20818052569216014,0.2038485507158463,0.00018001728633526185,2.817151304473197e-05,0.00015430053114451017,1.84123861039754e-05
28,Normal,Myeloid,993,190653,6223140.0,0.034962501054109064,0.034551502583839544,0.0005219230163550876,0.00032201853377729963,0.0019562471678284594,0.0003864266363541272
29,Tumor,NK,140,188669,354400.0,0.4356702407949616,0.39395584111857074,0.00021444695259593678,0.0,0.04261286681715576,0.0224132219255264
29,Tumor,CD8T,360,188669,1339550.0,0.12710150596825665,0.11832379031609841,7.091933858385278e-05,1.1176579738173764e-06,0.012431786794072636,0.0015962331318005855
29,Tumor,CD4T,744,188669,2447372.0,0.09531399305748926,0.0891699112431672,4.290316306634218e-05,0.0,0.00932265303353965,0.000778897664344373
29,Tumor,B,555,188669,6729634.0,0.1560657369949044,0.1516032051718732,8.395701757331826e-05,0.0,7.99449123087526e-05,1.1117593941608222e-05
29,Tumor,Myeloid,985,188669,5532733.0,0.06355282535789662,0.061817596357395255,0.003227157356048087,0.0018037112811877677,0.006216096095727012,0.0014054068744640085
30,Normal,NK,153,201165,360806.0,0.004366429867860676,0.004300784027699289,0.00012749233660194122,0.00012343476468039248,2.771572534824809e-06,2.4606724252630552e-06
30,Normal,CD8T,389,201165,1110438.0,0.0042562504927875465,0.004206552723313051,1.981200211087877e-05,1.5323085931803925e-05,2.701636651483469e-06,5.896551063893016e-07
30,Normal,CD4T,680,201165,2124486.0,0.003707800604248131,0.0036841935294900097,3.530265673673538e-05,3.142698538055913e-05,2.353510449115692e-06,1.1433278433033007e-06
30,Normal,B,835,201165,3204421.0,0.24880580703827362,0.24500067236457712,0.00016352408126148218,4.495273654993185e-07,0.00012045857894452695,2.1678266723507997e-05
30,Normal,Myeloid,1163,201165,6659965.0,0.07900867162180511,0.07743422608089945,1.5015093923166263e-06,0.0,5.0150413703375315e-05,7.0404536589854635e-06
32,Normal,NK,857,117003,1037919.0,0.035446545436613776,0.0349667078469198,5.4917580273605163e-05,0.0,0.000583860590277276,3.301204618352467e-05
32,Normal,CD8T,414,117003,528236.0,0.03597336761699179,0.035291460306899114,5.11135174429611e-05,4.458937629680372e-06,0.0005925381836906231,5.8502091271198075e-05
32,Normal,CD4T,354,117003,584543.0,0.02627657827812123,0.02586488486163019,7.869395408036705e-05,1.5481636632040416e-05,0.0004328167474420188,4.658844169354135e-06
32,Normal,B,303,117003,697649.0,0.2675861482653017,0.26061907084185976,0.0009675352505342944,0.00012701468180131048,0.0010220039016754843,8.619625510394982e-05
32,Normal,Myeloid,1035,117003,2110506.0,0.030002847268742045,0.029858415521946347,2.3691001115372332e-05,0.0,0.0004941942832666668,4.768200371160676e-06
33,Tumor,NK,280,106256,292722.0,0.14871954870197945,0.14157139408394415,7.174042265357575e-05,0.0,0.007238950266806048,0.0020554172507673855
33,Tumor,CD8T,440,106256,541738.0,0.03504089071369281,0.03423526164036983,5.3531411863299236e-05,3.0656915256841496e-06,0.001705621536609948,2.8029053475557155e-05
33,Tumor,CD4T,426,106256,600878.0,0.033164839261136045,0.0323343176188593,4.493424621969851e-05,8.335372661125273e-07,0.0016143044012262057,4.239912685713368e-05
33,Tumor,B,427,106256,1004405.0,0.05562972863158477,0.054347078704513496,6.471493073013376e-05,2.5458583836949075e-06,8.064475983293592e-05,1.1419604343546986e-05
33,Tumor,Myeloid,513,106256,907322.0,0.10060216748737602,0.09627595070552364,0.00016973026114213037,0.0,0.004896828248405748,0.001111000436211255
31,Tumor,NK,133,268429,289408.0,0.2923093338983006,0.2861611664372743,0.00039045223352498896,1.5559816646880746e-05,0.010093017470145953,0.00028526768054851627
31,Tumor,CD8T,762,268429,2336474.0,0.18402217605537416,0.1740564223619553,0.0001309665761313843,5.4659595629504916e-06,0.006354018919106311,0.0006708752231339
31,Tumor,CD4T,839,268429,3161486.0,0.19143191244374907,0.18305237524871554,0.00014297074223956709,5.954014935130228e-06,0.006609866372965119,0.0002725963133387395
31,Tumor,B,1149,268429,8284137.0,0.3780489175605372,0.35383038903458186,0.00019181237586968927,1.5027822980037487e-05,0.000198089432852209,9.09700395312151e-06
31,Tumor,Myeloid,1901,268429,11296136.0,0.2093020407672571,0.208179961925962,0.002633024248291628,0.00012674184554965757,0.007226895993461835,0.00013905224483296022
36,Tumor,NK,244,162806,256406.0,0.5944438378333314,0.5437604825067961,0.00022620375498233272,0.0,0.005456190572763508,0.0005751514706428536
36,Tumor,CD8T,551,162806,509398.0,0.12084049924028763,0.11891741385208332,0.00013938020958072076,0.0,0.001109152372015595,4.4954774068901325e-06
36,Tumor,CD4T,667,162806,755629.0,0.11303911378313156,0.11134292083724773,0.00013763368002022157,1.1361178538252774e-05,0.0010375462032293625,1.326610981701491e-05
36,Tumor,B,1075,162806,1954253.0,0.13031877653507504,0.12836919272990743,9.722384972672423e-05,3.193636922650915e-06,6.03811277250182e-05,3.322791357022825e-06
36,Tumor,Myeloid,870,162806,5705433.0,0.12904788056318953,0.12780534216407624,5.976759344996252e-05,0.0,0.00118448503382653,3.643790905742547e-05
37,Normal,NK,296,354559,538885.0,0.06852341100971249,0.06810574761425692,0.000554849364892324,0.000389686579280465,0.00014474331258060625,5.107227004787791e-06
37,Normal,CD8T,798,354559,1826789.0,0.036281072247924324,0.03613398733290529,0.0002189634380325259,0.0001222147712680385,7.663720331138408e-05,3.252979104113538e-06
37,Normal,CD4T,983,354559,2699202.0,0.04595220652772539,0.045758240899617886,0.0002704503034600597,0.00014853531293221696,9.706572535141868e-05,3.105807572760517e-06
37,Normal,B,1857,354559,7172543.0,0.3315363667122505,0.31862625779031784,0.00026712980319532417,2.749054252945088e-06,0.00013983882703805332,3.1672731736130094e-05
37,Normal,Myeloid,3008,354559,21151378.0,0.052083262717070845,0.05202708832488201,5.78685700761435e-05,4.504021972908587e-05,0.00011001647268560942,1.0422679678211739e-05
39,Normal,NK,165,182801,289744.0,1.0,0.7346243524475147,6.557512838919874e-05,0.0,0.00827627146722624,0.021000536443582997
39,Normal,CD8T,339,182801,665576.0,0.024204144351126184,0.023729943154742972,0.0001141868096205392,6.006978172503e-06,6.761061095952979e-05,5.231283677086796e-06
39,Normal,CD4T,820,182801,2147304.0,0.02400732837924417,0.02371749757805819,6.752653559998957e-05,2.1080933319084465e-06,6.70608353544724e-05,4.924013621975933e-06
39,Normal,B,464,182801,967193.0,0.2226830071567483,0.21730217963168064,0.00031327770155491197,2.156401491154559e-05,0.0002388354754428537,2.1351303399194385e-05
39,Normal,Myeloid,877,182801,3633683.0,0.01990119734526052,0.01986281443564364,1.3209737888527976e-05,4.377751951898261e-06,5.559098028088856e-05,5.4462756610771075e-06
40,Tumor,NK,117,208009,173638.0,0.02782112461761356,0.02666165501119455,4.03137562054389e-05,0.0,0.001140303389810986,7.548739244607075e-05
40,Tumor,CD8T,453,208009,999007.0,0.027768102231240717,0.027128022373809846,5.5054669286601596e-05,4.203835678531491e-06,0.0011381301632521093,2.7000813894879768e-05
40,Tumor,CD4T,1149,208009,3220814.0,0.028239989088404718,0.027532946171642703,3.818910374830711e-05,7.805183748828577e-07,0.001157471372143812,0.0001175205414859386
40,Tumor,B,601,208009,3526315.0,0.141514053095286,0.13654170011077582,8.904479605480509e-05,0.0,0.00011059703968590441,1.618777081374382e-05
40,Tumor,Myeloid,869,208009,4331721.0,0.05687601446492337,0.05547566198760279,0.00027725700708794497,0.0,0.002331175068754428,0.00024132021084955895
38,Tumor,NK,292,358291,539974.0,0.3298082033649702,0.3242081444388527,0.0004296503164967202,4.5532918639539005e-06,0.005287291610336794,0.002355000546836116
38,Tumor,CD8T,1661,358291,3698262.0,0.5888676319464179,0.535771826799374,0.00019333405799805422,0.0,0.009440380373267226,0.0014353784848677338
38,Tumor,CD4T,1185,358291,2967432.0,0.14338227397522957,0.1402262171094939,0.0001947812114986965,4.369639147574268e-05,0.002298620490713856,1.3120525735916495e-05
38,Tumor,B,2052,358291,5630472.0,0.5823596590463365,0.5566684979627734,0.0002724460755687978,0.0,0.00037101685258358446,6.905507567714292e-05
38,Tumor,Myeloid,4140,358291,18009866.0,0.1650159501663141,0.16447891847851137,0.000382512562836392,1.6199959795456297e-06,0.0026454388944370825,9.124380723328816e-05
41,Normal,NK,384,219010,788708.0,0.03007315342585244,0.029870532025795926,0.0004361563468355843,0.0003443370741004444,0.00027006192405807977,1.2196914949163428e-05
41,Normal,CD8T,569,219010,1321097.0,0.025961610063407737,0.025774467042650517,0.00013776429739829852,5.113142723135648e-05,0.0002331395802125052,1.3447691075962904e-05
41,Normal,CD4T,1226,219010,3656925.0,0.02615728852542312,0.026033719156144497,0.00018212022395865378,9.558051454587111e-05,0.0002348968053761015,2.444134154950688e-05
41,Normal,B,597,219010,2081551.0,0.287485710644736,0.2838990413078196,0.0007470391068967323,0.0,0.00017054590543301605,1.2994469713143367e-05
41,Normal,Myeloid,2009,219010,7938132.0,0.056434843979004015,0.05626538656470037,3.9933828260855326e-05,0.0,0.0005067942936700977,1.7978753328400948e-05
42,Tumor,NK,79,226042,192477.0,0.055676946573198986,0.054349696097176325,0.00041563407575970115,0.0003065700448571454,0.0009507629483003164,2.6253091801411376e-06
42,Tumor,CD8T,285,226042,671907.0,0.04070154321204901,0.039808784697604405,9.822787975121557e-05,1.2345682270485715e-05,0.0006950366643002678,5.187989685745497e-05
42,Tumor,CD4T,720,226042,2457696.0,0.03833814030942393,0.03760111172755243,6.713604937307136e-05,3.377344824521579e-06,0.0006546782026743747,4.27838464644865e-05
42,Tumor,B,354,226042,1768279.0,0.2860966551754973,0.25436353204057205,9.104898039280001e-05,0.0,8.313167774994783e-05,1.2144312774046948e-05
42,Tumor,Myeloid,974,226042,8681211.0,0.04237608012088875,0.04191544859269292,0.00017509077938550278,2.6893546244183165e-05,0.0007236317605919267,4.26555612505602e-05
43,Tumor,NK,185,266939,266049.0,0.5339430366150203,0.4982585304516446,0.0011501640675213964,0.0,0.02157873173738672,0.003575325082185884
43,Tumor,CD8T,605,266939,1001543.0,0.06386456502382316,0.06270151369001209,0.00039638837274086087,1.8823930295906173e-05,0.00258101749001291,0.00013698258828498907
43,Tumor,CD4T,1525,266939,3073912.0,0.08686388978251386,0.08475910526170394,0.0003598021023373473,3.84384564966903e-06,0.0035105103854632144,0.00014844080459831412
43,Tumor,B,1251,266939,5437661.0,0.10972625795326098,0.10819937872836938,0.0004481706380739807,1.5193383716172513e-06,1.618342886766939e-05,2.2484079229712373e-06
43,Tumor,Myeloid,1759,266939,9084780.0,0.17493319700724072,0.17406910035435474,0.0010883037343777174,0.0003779502443891086,0.007069736416291864,3.7083955177508313e-05
44,Normal,NK,386,271126,634725.0,0.047295618319277366,0.04685128973172581,0.0010098861711764938,0.0007978044436222282,0.0003245500019693568,1.9031737378785393e-05
44,Normal,CD8T,712,271126,1464012.0,0.038223097598615356,0.03791994576859603,0.000366800272128917,0.0001711416379758219,0.00026229293202514734,2.0738768548512124e-05
44,Normal,CD4T,701,271126,1859185.0,0.03629089473764,0.03605199129577852,0.00043083394067830797,0.0002483725905790749,0.0002490338508540032,1.1587603357392496e-05
44,Normal,B,791,271126,2835085.0,0.44652168498638334,0.42210476784103357,0.000664177617249571,0.0,0.00015696178421458263,6.994097841708505e-05
44,Normal,Myeloid,2139,271126,12016513.0,0.03907386457305299,0.03896142473784936,8.4633537200018e-05,0.0,0.0002681310293593491,1.2864454699586759e-05
45,Tumor,NK,143,304003,218846.0,0.34770405038553265,0.329707733115878,0.0002056240461328971,0.0,0.017372947186606105,0.012849000400333032
45,Tumor,CD8T,713,304003,1943925.0,0.08107879914684021,0.0786298436896915,7.407693198040047e-05,6.347421042291604e-06,0.004051082217678151,0.00044979968228461766
45,Tumor,CD4T,1124,304003,3921056.0,0.063655287608939,0.062331104222196454,8.849656827140444e-05,9.518072574092453e-06,0.003180520757673443,6.995461435115013e-05
45,Tumor,B,1332,304003,10197529.0,0.15302386580889846,0.14967348708553907,0.00010943827666486656,0.0,7.158596950300411e-05,5.353248370510213e-06
45,Tumor,Myeloid,1650,304003,9586511.0,0.1295983283986641,0.1265373242344907,0.002088455330620285,0.0,0.006475348539213067,0.0002575457646033679
46,Normal,NK,262,227635,481715.0,0.021660006547430912,0.021302058392027035,7.88848177864505e-05,1.8541873291866624e-05,7.680890152891233e-05,6.212120246770102e-06
46,Normal,CD8T,459,227635,867903.0,0.027618161544757037,0.027255381071202844,8.756738944329032e-05,1.0541414749164538e-05,9.793721187736417e-05,2.9113287184927184e-06
46,Normal,CD4T,721,227635,1793354.0,0.02783263152122474,0.027555104851244905,5.7991896747658295e-05,3.2680314600660206e-07,9.869774734938e-05,4.117162324986062e-06
46,Normal,B,549,227635,1441339.0,0.6144105223171558,0.5628292737577321,0.0007437528575858976,0.0001671202557892128,0.000487047113829571,0.00018257646441711674
46,Normal,Myeloid,1185,227635,7366792.0,0.071583054836073,0.07127593087240858,2.2262064681614466e-05,0.0,0.00025384183508914056,3.799142295042979e-05
47,Tumor,NK,330,258626,450914.0,0.16193989569917713,0.15513555712240268,0.00015745796315927204,7.193350732255422e-06,0.007256372612072369,0.0020660480860909256
47,Tumor,CD8T,886,258626,2192301.0,0.08210929352663686,0.07839348830650794,4.5614174330988305e-05,4.0109610407057855e-06,0.003679239301537517,0.00031594921590051046
47,Tumor,CD4T,1297,258626,3513191.0,0.09651083121279953,0.09164353953834381,4.2696226877502536e-05,4.045995177131762e-07,0.004324558499665974,0.00041557463557783655
47,Tumor,B,1085,258626,6231810.0,0.17700868607996714,0.17189444158278255,0.00012355960788278206,0.0,0.0001493947986219092,8.623034178316402e-06
47,Tumor,Myeloid,1873,258626,9796816.0,0.08188188204478059,0.0809749621871999,0.0008013828166212369,5.814439121478473e-07,0.00366904920945744,0.0001477843937306051
48,Tumor,NK,54,232546,62745.0,0.055081838148056624,0.051814523939405666,0.000749063670411985,0.0002819223003201372,0.0014662522910192047,6.239173918925521e-05
48,Tumor,CD8T,249,232546,475351.0,0.07389191467144748,0.07089954220922046,0.0007615425233143509,0.00012407639231556982,0.001966967567124083,0.0003098652006650884
48,Tumor,CD4T,348,232546,814485.0,0.02582882546180682,0.02525509529824288,0.0010681596346157388,0.0008640816519357972,0.0006875510291779468,5.90614207386198e-05
48,Tumor,B,410,232546,1744077.0,0.26169816857670664,0.22452033755204437,0.0008589070322009866,3.0574097013528164e-06,8.027168525242864e-05,2.0382731342352132e-05
48,Tumor,Myeloid,807,232546,2857277.0,0.0345519638488289,0.033918867334778224,0.0003310844555848103,0.00015624970988883458,0.0009197568174174223,0.00029611952866055204
48,Normal,NK,112,232546,144803.0,0.18445556492947893,0.17606192794289677,0.0011671028915146786,0.0,0.004910119265484831,0.0022110351627755475
48,Normal,CD8T,243,232546,292307.0,0.17671084495867073,0.1568088034956,0.0004242115310273103,2.0336930112168572e-06,0.004703958509375417,0.0005450379401186202
48,Normal,CD4T,346,232546,592999.0,0.024959850622087096,0.024456126142387458,0.0005295118541515247,0.00031901334331958195,0.0006644193329162443,1.757191349405088e-05
48,Normal,B,195,232546,846277.0,0.23114101449563718,0.21629217690495506,0.0007267124121298345,1.0554345824225023e-05,7.089877191510581e-05,8.863205470150358e-06
48,Normal,Myeloid,1280,232546,6698146.0,0.02490164752407212,0.024751021471551504,0.00010465582565683101,2.4552561622214204e-08,0.0006628699941745074,3.66282265511733e-05
49,Normal,NK,285,276770,349050.0,0.3468903918124507,0.3227052957889861,0.0006961753330468415,0.0,0.004394785847299814,0.0009488792388110405
49,Normal,CD8T,574,276770,842396.0,0.057812722518454165,0.05728558241219439,0.00039411393216492004,6.365192776946133e-05,0.0007324346269450472,7.532266414020252e-05
49,Normal,CD4T,1092,276770,1941071.0,0.05453080517186929,0.05418837489563744,0.0003348666792713919,1.867634975157971e-05,0.0006908557183122102,4.144995817496251e-05
49,Normal,B,1158,276770,3306377.0,0.20270863568543676,0.19728587750425253,0.0004070921132103205,0.0,0.00010222669707658866,1.511710990706828e-05
49,Normal,Myeloid,2177,276770,16119441.0,0.06288357765881919,0.0626767908275968,9.125626626878687e-05,0.0,0.000796677750797934,1.2155115521979555e-05
50,Tumor,NK,149,247079,215804.0,0.9690005441289473,0.77428620231714,0.0006348353135252359,0.0,0.029169987581323793,0.051379795793898966
50,Tumor,CD8T,602,247079,975738.0,0.09580289897358209,0.09303260361703547,0.0004417169363087222,1.4819715094097502e-05,0.0028839709020249287,0.00025594680400215967
50,Tumor,CD4T,1143,247079,2215733.0,0.068470163101954,0.06720419932289523,0.00044545078310428195,1.945937943850193e-05,0.0020611689224288307,0.00015705321006846318
50,Tumor,B,757,247079,3625595.0,0.138369565795326,0.13463659780290127,0.00042227551615665843,0.0,4.688885548441015e-05,5.175827714207649e-06
50,Tumor,Myeloid,1637,247079,8900081.0,0.1237120036580889,0.1226077019783468,0.0005274109303050164,0.0,0.0037241234096633503,0.00015287621012891197
51,Tumor,NK,82,292343,131785.0,0.14445198480694377,0.1332540222607076,9.10574041051713e-05,0.0,0.006184315362142884,0.0011608390377741478
51,Tumor,CD8T,306,292343,710174.0,0.01457037882805893,0.01431134546834012,8.73025483895496e-05,4.219683131532065e-05,0.0006237907892995238,3.466196522165098e-05
51,Tumor,CD4T,650,292343,2087473.0,0.013192430773068099,0.013059479086393377,8.958199698870357e-05,4.883296314637381e-05,0.0005647977243298476,4.1777435385337575e-05
51,Tumor,B,409,292343,2522440.0,0.35056477193725744,0.3089169881923701,8.325272355338482e-05,0.0,0.00029019520781465566,0.00012891240296344992
51,Tumor,Myeloid,997,292343,5083815.0,0.014817395275958543,0.014704240887708497,0.00015283797699168833,7.766804865659317e-07,0.0006343661207183975,4.852205863532593e-05
51,Normal,NK,158,292343,255704.0,0.02146654870777074,0.020770228810033986,0.00014078778587742078,7.707057836497753e-05,0.0009190313800331633,4.471507172661113e-05
51,Normal,CD8T,190,292343,362281.0,0.01650540910106494,0.01593623197737626,4.140432426762651e-05,5.199474975270329e-06,0.0007066338008341591,5.568515893690771e-05
51,Normal,CD4T,252,292343,667848.0,0.014969180493168243,0.01452761433655303,0.00010331692241348331,5.718699790397568e-05,0.0006408643883039255,5.09052364943081e-05
51,Normal,B,148,292343,586698.0,0.0761842421787951,0.07369360107081524,6.988263126855725e-05,2.108851262213475e-06,6.306481358381996e-05,7.071754077225705e-06
51,Normal,Myeloid,712,292343,2098890.0,0.01739406887210056,0.017167256544904808,0.00015246153919452662,0.0,0.000744679330503266,6.396997439075025e-05
52,Tumor,NK,108,313428,210187.0,0.02211239489046132,0.021482798937292213,0.00014748771332194664,9.478692350329814e-05,0.0011799017065755731,7.860486267861583e-05
52,Tumor,CD8T,253,313428,656180.0,0.015536953385588272,0.01516726730082818,0.00020116431466975525,0.00016205720490574586,0.0008290408119723246,3.9053922678385925e-05
52,Tumor,CD4T,611,313428,2069905.0,0.01294719163346984,0.01271190621373186,6.763595430708172e-05,3.429932843976432e-05,0.0006908529618509062,7.226068360987745e-05
52,Tumor,B,410,313428,3322036.0,0.40083973700809633,0.3459709730504339,9.662748988873088e-05,0.0,0.000322994693615602,0.00014967812575289192
52,Tumor,Myeloid,872,313428,4752527.0,0.05379518490350424,0.05213686596068123,0.0003044696011195728,0.0,0.0028704729084127246,0.0004283877437183705
52,Normal,NK,147,313428,272398.0,0.0674924269357972,0.06440277581060172,0.00011747516501589585,1.279288886324866e-06,0.0036013480275185576,0.0008326628677186695
52,Normal,CD8T,150,313428,347078.0,0.013715024339486973,0.01332272818628566,6.0505131411383034e-05,2.5466993101392987e-05,0.0007318239704043472,8.245002516740837e-05
52,Normal,CD4T,239,313428,747867.0,0.013130971812312119,0.012856992887786634,0.00015109638478499519,0.00011750799496291074,0.000700659341834845,6.812738614273331e-05
52,Normal,B,125,313428,370648.0,0.8504473586028484,0.6378412756654753,0.00015378472297166045,0.0,0.0006852863093824869,0.0005379797684767948
52,Normal,Myeloid,668,313428,1997983.0,0.02548518567292466,0.024989090550666337,0.00018668827512546404,0.0,0.0013598714303374954,4.344042588491309e-05
54,Tumor,NK,148,306398,244777.0,0.21843384241640876,0.20670708815292338,0.0007680460173954253,0.0,0.0006577415361737418,0.0003104607732576917
54,Tumor,CD8T,581,306398,1048902.0,0.03926010246905812,0.03879527554076856,0.0002993606647713514,7.809571084574439e-06,0.00011821886124728525,1.3259565878889838e-06
54,Tumor,CD4T,820,306398,1837055.0,0.03868621771118413,0.03822773845340288,0.00026400951522953856,2.563560475243761e-06,0.00011649079641055929,8.402343802208217e-07
54,Tumor,B,545,306398,1680942.0,0.22368188657180188,0.2112535338981224,0.00040275036259430723,0.0,0.00010291848261272548,7.448543894981507e-06
54,Tumor,Myeloid,1404,306398,8266409.0,0.11457695838664649,0.11362868052723041,2.6250818221067937e-05,0.0,0.0003450107537626072,2.8258439174548673e-05
54,Normal,NK,271,306398,439323.0,0.04233199571804506,0.04168280113443723,0.00044841722377385204,0.00011953123402626033,0.00012746885548901377,1.1797140158849356e-05
54,Normal,CD8T,586,306398,974914.0,0.03883320196249568,0.03823060786767818,0.0003107966446271158,1.1951732422880586e-05,0.00011693339104782575,6.860032945084603e-06
54,Normal,CD4T,753,306398,1501063.0,0.034956088000690604,0.03459379081540903,0.0003424240021904477,6.818513856937643e-05,0.00010525873997293918,1.7899553720402217e-06
54,Normal,B,254,306398,400891.0,0.6939386959991064,0.5769503209378886,0.00044650540920100477,0.0,0.0003192887842331207,5.091814882680448e-05
54,Normal,Myeloid,1391,306398,5345660.0,0.03907634809691262,0.038927312419797855,1.8519696351806885e-05,0.0,0.00011766554550794476,4.744702501108626e-06
53,Tumor,NK,122,386886,246195.0,0.04693842296130214,0.04611612049828129,0.0003899348077743252,0.00024173223280968072,8.123641828631775e-05,1.286043812832216e-05
53,Tumor,CD8T,172,386886,239327.0,0.060356776716363914,0.05872728085234624,0.0003050219991893936,0.00010636446217922686,0.00010445958876349096,8.178869389682304e-06
53,Tumor,CD4T,205,386886,328315.0,0.03343802381526854,0.0327041454081749,0.0001401093462071486,2.6660932704347532e-05,5.787125169425704e-05,9.464363250706104e-07
53,Tumor,B,134,386886,591721.0,0.15812902585191746,0.15385663865509702,0.00011660900998950519,0.0,3.3799713040436286e-05,1.5978244153195655e-05
53,Tumor,Myeloid,1092,386886,5028038.0,0.034359779174763364,0.03424672329185974,6.1654267529402124e-06,0.0,5.9466535455778176e-05,6.775042515033311e-06
53,Normal,NK,618,386886,1159166.0,0.046356969959827736,0.046190214908015115,0.00036664291395710366,0.00021706859363968507,8.023009646590739e-05,1.1130582906113438e-05
53,Normal,CD8T,1238,386886,1500168.0,0.04968525692734259,0.04945367353891006,0.00018331280229947578,1.4144759325508272e-05,8.599036907866319e-05,1.337322699866235e-05
53,Normal,CD4T,1805,386886,2619835.0,0.04300692568399856,0.04281118686737584,0.00014581070945307624,1.3146775731051699e-06,7.443216843808865e-05,3.5105811112103095e-06
53,Normal,B,735,386886,2534758.0,0.11074224676216322,0.10921938673660936,0.00011283128409102565,0.0,2.367089876035503e-05,5.3146416542758545e-06
53,Normal,Myeloid,2406,386886,8353779.0,0.04184563088022473,0.041809394341613015,7.661203390704974e-06,0.0,7.242231330275796e-05,6.79492270188447e-06
55,Tumor,NK,176,408403,308097.0,1.0,0.7551448105166276,0.00039273345732025955,0.0,0.024505269444363303,0.08924421767357886
55,Tumor,CD8T,574,408403,1006760.0,0.035777439808905215,0.03532037879279393,0.0002791131948031308,2.1221379570650812e-05,0.00012416067384480908,8.544473103016913e-06
55,Tumor,CD4T,780,408403,1776961.0,0.14918842530748777,0.1382231225614009,0.00025099031436255496,2.4738613372023972e-06,0.0005177378681918174,0.00011647038966085247
55,Tumor,B,511,408403,1527058.0,0.2010937479840298,0.19500130610511823,0.0008847077190257344,0.0,0.00010412178188385772,2.8120104948397625e-06
55,Tumor,Myeloid,1254,408403,7401150.0,0.08475872627630376,0.08423081465827675,0.0003735905906514528,0.00032207110404452896,0.00029414347770278945,0.00011167535233991972
55,Normal,NK,262,408403,410106.0,0.061831779814529524,0.06056378851104338,0.0005096243410240279,7.274092198646947e-05,0.00021457866990485386,2.8463081643110236e-05
55,Normal,CD8T,508,408403,847333.0,0.037067865294229896,0.03653613953023427,0.00027852095929227353,1.0950992629635455e-05,0.00012863891763922802,1.628198921494619e-05
55,Normal,CD4T,665,408403,1254547.0,0.0310078768879719,0.030681943041843462,0.0002789851635690014,5.665997723525772e-05,0.00010760856309090054,4.1097455062351985e-06
55,Normal,B,204,408403,393399.0,0.3829290619310219,0.3520047367143413,0.00043213124588522086,3.1762372282177672e-06,0.00019827198340616016,2.4066105152265357e-05
55,Normal,Myeloid,1323,408403,5130747.0,0.03689860679300354,0.03676273860119805,1.9100532534541265e-05,0.0,0.00012805152933871033,2.9969499114334013e-06
89,Tumor,NK,104,597241,140308.0,0.18306711718249188,0.17847605683884327,0.0015038344214157425,0.00037709776620763706,0.0004846480599823246,8.953822081548236e-05
89,Tumor,CD8T,320,597241,881197.0,0.0878748739584842,0.08726840750526554,0.0008238793368565712,0.00026501687155842615,0.00023263810475977563,1.780425627183148e-05
89,Tumor,CD4T,708,597241,2171789.0,0.07235350352323175,0.07200841049598095,0.0006625873876329606,0.00019762510526856266,0.00019154715306137014,1.2284270731281492e-05
89,Tumor,B,556,597241,1853073.0,0.17019181847469778,0.16819145742738784,0.000700997748064971,0.0,6.097978870773035e-05,1.0880458441913533e-07
89,Tumor,Myeloid,1387,597241,20857277.0,0.05476562418985399,0.05466731188662155,1.8410840494662846e-05,0.0,0.00014498536889546993,3.730672382815383e-06
89,Normal,NK,282,597241,646344.0,0.14142803533478848,0.14018850971207397,0.0011170522198705333,0.00021913097362604358,0.0003744136249427549,0.00011596690969916132
89,Normal,CD8T,192,597241,501567.0,0.17170769413663942,0.16863737337384044,0.0008792444479002805,0.0,0.00045457536081919264,0.00023610966627760232
89,Normal,CD4T,346,597241,1123842.0,0.06419659192501946,0.06378368455997352,0.0006486676952810092,0.00024058492338735574,0.00016995271577321366,1.2458974433927587e-05
89,Normal,B,263,597241,731767.0,0.5110751223967589,0.4658133361933606,0.0008131003447818773,0.0,0.00018311839697608665,0.0001271961657826115
89,Normal,Myeloid,1130,597241,12172358.0,0.049558033312025,0.04945316028965352,1.2980229467454047e-05,0.0,0.00013119890164255767,2.836558843242513e-06
56,Tumor,NK,521,509722,913082.0,0.1229707683636892,0.12144087535405923,0.0005607382469482478,0.00010375937330207848,0.0013865129309306283,0.00017322706736836845
56,Tumor,CD8T,673,509722,1303615.0,0.28030176306033444,0.26392040716575627,0.00042957468270923545,0.0,0.003160442308503661,0.0019519840750716099
56,Tumor,CD4T,1220,509722,2848091.0,0.09827908297824393,0.09734767206179795,0.00036937022026332727,0.0,0.0011081106607899818,0.00014044048760759648
56,Tumor,B,911,509722,6335843.0,0.3292900843834742,0.3083154977538576,0.00045802902628742535,0.0,0.0001669864609965872,2.308533357521517e-05
56,Tumor,Myeloid,1999,509722,10677570.0,0.11226741378190955,0.11144030420714024,0.00027777855823000926,0.0,0.00126583108328955,0.00018097316439197761
56,Normal,NK,498,509722,820848.0,0.1136660996589664,0.11243363873423162,0.0005457770500750444,0.0001270225363353848,0.0012816014658012201,0.00015283609661528608
56,Normal,CD8T,777,509722,1358158.0,0.11212383960244239,0.1109216679059537,0.00042189494889401677,3.675058245075448e-07,0.0012642122639633974,0.00018378474874812076
56,Normal,CD4T,1092,509722,2164346.0,0.10523162865562612,0.10412306649496339,0.00041767813464205813,1.872466528355869e-05,0.0011865016037177051,0.00014983096005870072
56,Normal,B,832,509722,2246610.0,0.7083424019520342,0.6348600663174453,0.0008888948237566823,0.0,0.0003592078731956147,2.629466956077212e-05
56,Normal,Myeloid,3096,509722,30016037.0,0.06778256885848374,0.06730643723532215,0.00016614451801215464,0.0,0.0007642581197511184,0.00010817663156865224
88,Tumor,NK,161,597292,325416.0,0.14889133792700485,0.14735790034476126,0.0018530127590530275,0.0005987822526512188,0.00047324040612631215,0.00020191523557004952
88,Tumor,CD8T,693,597292,1404331.0,0.0638503072249647,0.06355107918039249,0.0008559235678768039,0.0002971212159054056,0.00020294360802403422,1.1000192472829224e-05
88,Tumor,CD4T,1404,597292,3076107.0,0.05819671118672654,0.05799787919196686,0.0007168151172894831,0.00020199659333975485,0.00018497405974499586,2.6248217331322526e-06
88,Tumor,B,1303,597292,3594711.0,0.2633384701629115,0.2559319793295508,0.0008782347176170769,0.0,7.956133330328919e-05,7.088459043012643e-06
88,Tumor,Myeloid,3827,597292,46013721.0,0.04469703800982269,0.04466428098757047,1.4517408839854529e-05,0.0,0.00014206631973971416,9.911203970864342e-06
88,Normal,NK,603,597292,1142462.0,0.06581785905807704,0.065499972038084,0.0009479527546649254,0.0003771713447165972,0.0002091973299768395,2.0739205530421024e-05
88,Normal,CD8T,426,597292,867466.0,0.575225771533265,0.4737390799284331,0.000753920038364616,0.0,0.0018283137321808579,0.0002738172985201939
88,Normal,CD4T,855,597292,2021117.0,0.05277106479080749,0.05254924070215394,0.0006387556979630571,0.00017025714029090584,0.00016772903300501653,6.572682409965645e-06
88,Normal,B,557,597292,1177387.0,1.0,0.7316805630694074,0.000946162986341789,0.0,0.0005206444440103382,0.0011624437875585964
88,Normal,Myeloid,3197,597292,28919841.0,0.039055856084797,0.0390245692460397,1.1618321138072648e-05,5.7297331563730135e-08,0.00012413622882643095,7.151509049603424e-06
90,Tumor,NK,272,476615,477986.0,0.5146703956194166,0.4988128133644709,0.000336829948994322,0.0,0.06508140405785943,0.0063121746850005505
90,Tumor,CD8T,360,476615,759294.0,0.19064790589044522,0.186368158956846,0.0001725286911262304,0.0,0.02410792130584464,0.0006128085495151255
90,Tumor,CD4T,670,476615,1856578.0,0.1586111664575867,0.15394948528101093,0.0001330404647690536,0.0,0.020056792658320846,0.0003877598468425812
90,Tumor,B,1584,476615,21041569.0,0.06021246551150081,0.06005143515739597,8.359642762381455e-05,0.0,3.212688179289292e-05,5.594932574008499e-06
90,Tumor,Myeloid,1321,476615,6500658.0,0.1577372883904668,0.1553729717115725,0.004195729109268631,0.0005875531649564655,0.019946288514178102,0.0008066153929148731
90,Normal,NK,378,476615,705937.0,0.27578887130721674,0.26637846332958626,0.00015723782717154647,0.0,0.03487421682104777,0.001524963615383283
90,Normal,CD8T,395,476615,979255.0,0.14718645396771346,0.1438573660096153,0.00017053780680210978,4.97315794450553e-06,0.01861210818428295,0.0001665281974970743
90,Normal,CD4T,1440,476615,3882511.0,0.13389860928769112,0.13124613520007777,0.00015350890184213258,0.0,0.016931825820969984,0.0003662104485080255
90,Normal,B,431,476615,3060948.0,0.07347559801814064,0.07318319600555401,0.00010519616798455903,7.579129129477913e-06,3.920354086381082e-05,2.6463738973438546e-06
90,Normal,Myeloid,1092,476615,5265640.0,0.13170608700839212,0.12961130367450824,0.0033701506369596098,0.0003236326652146496,0.01665457570209889,0.0011101262570406216
91,Tumor,NK,292,482904,500424.0,0.5068012212007155,0.48932111491611563,0.00016785765670711237,0.0,0.06552643358432049,0.012805252110209376
91,Tumor,CD8T,389,482904,782749.0,0.24739916821143965,0.23919945180353097,0.00019035476251007667,3.355460529205226e-06,0.03198726539414295,0.00022897846186424126
91,Tumor,CD4T,608,482904,1602404.0,0.1465333786263011,0.14257849719741822,0.00015289527484953856,0.0,0.018945908772069964,0.0005161806024685688
91,Tumor,B,1560,482904,21096779.0,0.059815673865171615,0.05970544595217042,8.854432233470332e-05,0.0,3.455503799892865e-05,4.135800275766161e-06
91,Tumor,Myeloid,1353,482904,6100794.0,0.18278087215879293,0.17989335787170768,0.0035456040639956043,0.0,0.023632497671614548,0.0004562689323264586
91,Normal,NK,368,482904,789596.0,0.1960718159272801,0.19170974102334692,0.00021276703529399845,0.0,0.02535093896119028,0.000888948577848968
91,Normal,CD8T,420,482904,974339.0,0.18480455266771828,0.1797103859381124,0.00017345092416499802,0.0,0.0238941477247652,0.0007979023608220268
91,Normal,CD4T,1349,482904,3573026.0,0.1402424591677684,0.13702834940306363,0.00014833365332354146,0.0,0.01813252968212378,0.000563180487579258
91,Normal,B,415,482904,2776894.0,0.08727148348913465,0.0869633200243144,0.00012207884060392655,1.6910438302453204e-06,5.0416040367403295e-05,5.910244301152585e-06
91,Normal,Myeloid,1204,482904,5775506.0,0.13449007025630078,0.13133627893059663,0.00211271531879631,0.0,0.017388779442009065,0.0006992074919707906
230,Tumor,NK,309,267753,333971.0,0.06695527895813276,0.06464304548111321,5.090262328166218e-05,2.4067837571712082e-05,0.002332537855083226,0.0005341857227263483
230,Tumor,CD8T,362,267753,487979.0,0.04129448959295674,0.04051047580261147,2.6640490676852898e-05,0.0,0.0014385864965500564,4.822480516390043e-05
230,Tumor,CD4T,583,267753,962541.0,0.014105809885254603,0.013917174085498973,1.6622668540872545e-05,2.400897039942989e-06,0.0004914076387395446,9.695574938983005e-05
230,Tumor,B,663,267753,1856480.0,0.07227255874982644,0.0716299661211226,0.00010396018271136775,2.735584610963405e-05,0.00010503749030423167,1.0110873273987807e-05
230,Tumor,Myeloid,544,267753,1669979.0,0.09092865878452379,0.08956924646650921,9.940244757568808e-05,0.0,0.003167704504068614,0.00015765926300171276
231,Tumor,NK,106,312278,105969.0,0.04039760247235057,0.038417466337912876,2.831016618067548e-05,7.045486825612966e-06,0.0024912946238994423,0.0003219581817583845
231,Tumor,CD8T,54,312278,63656.0,0.04992835146184258,0.04524653132300538,7.854719115244438e-05,4.591594045652234e-05,0.00307904989317582,0.00032063146766597066
231,Tumor,CD4T,118,312278,163923.0,0.02888507225552997,0.02627306030785226,1.2200850399272829e-05,0.0,0.001781324158293833,0.0010378967648308098
231,Tumor,B,185,312278,493046.0,0.0873169320932786,0.08495685397956043,0.00011357966599465364,3.1993144689218956e-05,0.00011560787431598675,1.4005090278169511e-05
231,Tumor,Myeloid,180,312278,431932.0,0.6019828024281286,0.5618365016906526,0.006839039478436421,0.0,0.03712389913227082,0.0021214708254355657
92,Tumor,NK,310,513574,459894.0,0.8132897156493116,0.7281082785005273,0.0003218132874097075,0.0,0.12236950253754125,0.014434680396132554
92,Tumor,CD8T,449,513574,923872.0,0.2710923585796245,0.2624703626536664,0.00022297461120155174,0.0,0.04078920023553046,0.0030477126456074453
92,Tumor,CD4T,589,513574,1655881.0,0.1707580878841394,0.16530586195944075,0.00019143887755219125,5.675147101905566e-06,0.025692667528644873,0.0015380258611717508
92,Tumor,B,1587,513574,21977508.0,0.10453912709590521,0.10407336906613629,0.0001182117645003246,0.0,5.241722582924324e-05,6.744068780437936e-06
92,Tumor,Myeloid,1427,513574,6215819.0,0.2113805474056914,0.20638262330098534,0.003874791077410716,0.0,0.03180481928447402,0.0019713922727015924
92,Normal,NK,398,513574,768223.0,0.27876437629348705,0.2698098519147534,0.00019004898317285477,0.0,0.04194355024517621,0.002188735893380458
92,Normal,CD8T,492,513574,1156046.0,0.20405719646811651,0.19851752009556378,0.00023441973762289737,0.0,0.03070293050622553,0.0018783620908234555
92,Normal,CD4T,1300,513574,3605511.0,0.16165347534937155,0.1579656376950671,0.000193592530989366,0.0,0.024322765899202636,0.0008984955156979964
92,Normal,B,540,513574,3644461.0,0.14775265520637476,0.14700583327268435,0.00016600534345133616,0.0,7.408502930886076e-05,3.0176620098187624e-06
92,Normal,Myeloid,1155,513574,5556669.0,0.160851437752858,0.15822510297048864,0.0031081570631614013,0.0,0.024202089417238996,0.00044994965682038074
244,Normal,NK,87,154753,245527.0,0.0,0.0,0.00013033189832482782,0.00013033189832482782,0.0,0.0
244,Normal,CD8T,321,154753,1251096.0,0.007242230657320952,0.006997722461461908,2.2380376885546754e-05,1.6150568373424714e-05,7.992991744838126e-07,1.9474158006541058e-07
244,Normal,CD4T,675,154753,2621407.0,1.0,0.713727475661111,1.02998122763844e-05,0.0,0.00016899321623845516,0.00022477616265537766
244,Normal,B,849,154753,3923968.0,0.2762430999710095,0.2722162441146093,0.00012563812956680584,0.0,0.00010474091531837161,1.7636457105640786e-05
244,Normal,Myeloid,1078,154753,7713159.0,0.01174710103402719,0.01170469340646596,1.1668370897060466e-06,9.013612687957312e-07,1.2964856552289407e-06,2.073554092534781e-07
245,Tumor,NK,129,193704,283004.0,0.44566274173710757,0.39414650913774196,0.00024027928933866659,6.957692761756615e-05,0.002798547017003293,0.0027607926567703306
245,Tumor,CD8T,587,193704,2190137.0,0.4413581280570911,0.36042942242267006,9.360145050286808e-05,0.0,0.00277151611976785,0.0006690826325148677
245,Tumor,CD4T,864,193704,3485170.0,0.16280418907236444,0.15185885659221177,0.0001684279389527627,1.0014482615612145e-05,0.0010223317657388304,0.00020178129048440397
245,Tumor,B,1184,193704,10607923.0,0.5770845771772357,0.46738450811430177,0.00017213548778587475,2.3894764020534334e-05,0.0001619544184097113,1.7627770494166725e-05
245,Tumor,Myeloid,1870,193704,14537674.0,0.3288874834046606,0.31287189412217964,0.0001805653366556438,0.0,0.0020652547305710666,0.0002743102870951911
292,Tumor,NK,266,237900,364880.0,0.5094719091494424,0.46808940192010007,4.659065994299496e-05,0.0,0.10775049331286998,0.014700615000256795
292,Tumor,CD8T,225,237900,480243.0,0.03867331600812664,0.03804878537225831,5.413925866696651e-05,3.847541378061602e-06,0.008179192617070941,7.351462783196665e-05
292,Tumor,CD4T,614,237900,1666463.0,0.03170399329642449,0.031029759788262168,5.2206379619589515e-05,7.153746431389043e-06,0.006705219377807968,5.2242744276578904e-05
292,Tumor,B,1103,237900,10533460.0,0.21492179853739227,0.20710434803508604,2.5442732017779534e-05,0.0,9.180269351191346e-05,3.743740946793536e-05
292,Tumor,Myeloid,661,237900,3507291.0,0.14995834350839135,0.14103400752914286,0.0016836356036610592,0.0,0.03171536094381675,0.0038366492180775817
293,Normal,NK,379,281124,858250.0,0.02422435793885355,0.023994122885890534,0.00010952519662103116,4.029990393450024e-05,9.321293329449461e-05,1.959228381949304e-05
293,Normal,CD8T,150,281124,318754.0,0.02853569806322968,0.027932588898047395,0.00010039089705540951,1.742199968746469e-05,0.00010980254365435414,1.2482093522387961e-05
293,Normal,CD4T,543,281124,1400947.0,0.024486590914349182,0.024227367955852452,7.209409064011701e-05,1.2011588655624055e-06,9.422197984648955e-05,2.2625482152486232e-05
293,Normal,B,365,281124,835092.0,0.3669861994412636,0.33401372565423815,0.00047659419560958555,0.0,0.00022033500500543652,1.9311511024363252e-05
293,Normal,Myeloid,1292,281124,11276091.0,0.023554203552724435,0.02349151142437733,1.3302482216576649e-06,0.0,9.063424550227557e-05,8.373154633959177e-06
307,Normal,NK,190,267282,272611.0,0.7373349102575341,0.6162525510259147,0.00030079490556140435,0.0,0.0066541702279071645,0.0032288580530456528
307,Normal,CD8T,622,267282,918687.0,0.05307084413389712,0.05160498267070435,0.00012409014169134864,3.439902439030049e-05,0.00047894440652801224,3.4887952947040496e-06
307,Normal,CD4T,744,267282,1259561.0,0.20884899967023926,0.19492823235871737,0.00012623445787857834,0.0,0.0018847836666902199,0.0003894687667126516
307,Normal,B,473,267282,1206633.0,0.8054108881495265,0.6357828562602623,0.0006737757047917635,0.0,0.000497251442650748,0.00012884124857976694
307,Normal,Myeloid,2319,267282,19307397.0,0.03721261325247128,0.03642096679225837,4.423175221393127e-05,1.0668370743389526e-06,0.0003358298376523775,1.3777252502529452e-05
93,Tumor,NK,281,496083,452925.0,0.5718885804782434,0.5472762109207527,0.000229618590274328,0.0,0.07864436716895733,0.010865469763197315
93,Tumor,CD8T,395,496083,912984.0,0.284729447323661,0.2747648765212437,0.00016977296425786214,0.0,0.03915512210509713,0.0006964478989367568
93,Tumor,CD4T,638,496083,1813809.0,0.15085627693541578,0.1465143218703071,0.00017035972365337255,3.5473894527019027e-06,0.020745293468055346,0.0009092698222156314
93,Tumor,B,1492,496083,20085648.0,0.07850242195813349,0.07829785020598568,9.718382000919264e-05,0.0,4.0327302360371944e-05,7.693948688105203e-06
93,Tumor,Myeloid,1341,496083,5784847.0,0.17846564496678669,0.17559769876815812,0.004885695334725361,0.0008211910421670329,0.02454204925385235,0.001741219574866847
93,Normal,NK,371,496083,728598.0,0.2340945295533142,0.22973141226208338,0.00020587484456449236,0.0,0.032191963195067785,0.003206540591479208
93,Normal,CD8T,359,496083,879732.0,0.16240135857504134,0.1577600015274322,0.00014436214665375363,0.0,0.022332937758317305,0.0013021670215758192
93,Normal,CD4T,1422,496083,3902884.0,0.14548939413855055,0.1421550911433821,0.00013656567809855482,0.0,0.020007256172614916,0.0009017671933136997
93,Normal,B,453,496083,3641834.0,0.10957654410981,0.10901666537797872,0.00011203146546492783,0.0,5.6290319657623055e-05,5.065917256438868e-06
93,Normal,Myeloid,1083,496083,5520624.0,0.18678064216731663,0.18027093665475225,0.00234430020954153,0.0,0.025685502218589784,0.0013163141605691592
308,Tumor,NK,137,267350,220646.0,1.0,0.8004279566542802,0.000507600409706045,0.0,0.03334300191256583,0.038091661098552144
308,Tumor,CD8T,472,267350,911712.0,0.0997939676371597,0.09566057819420626,0.00014587940051244254,2.9329493537813588e-06,0.002568793654136394,0.00044526725827887204
308,Tumor,CD4T,1766,267350,3869841.0,0.0762748281358745,0.07388922830232714,0.0001338556286937887,0.0,0.001963388159875302,9.217369496248132e-05
308,Tumor,B,776,267350,3211078.0,0.10953485693127148,0.10621706262075681,0.00011896316439525916,0.0,6.072726978292025e-05,6.215115506564306e-06
308,Tumor,Myeloid,1977,267350,13491041.0,0.12449013425171655,0.12018247531104143,0.0001936840900565049,0.0,0.003204496969507394,0.0001449940794471629
309,Tumor,NK,354,837795,888346.0,0.024384201894733563,0.024083169616136546,0.00029267875354872986,0.00025920740688135507,0.0005043080061147346,6.34800510156831e-06
309,Tumor,CD8T,863,837795,3128079.0,0.01071194180508588,0.010615556049346053,4.2837792779530184e-05,2.566398363604776e-05,0.00022154171937473446,1.4149302078648694e-05
309,Tumor,CD4T,2122,837795,8339597.0,0.020698355145251025,0.020422728002424506,2.8538549284815562e-05,1.7913221826751379e-06,0.0004280782392722334,6.178545970757138e-06
309,Tumor,B,1336,837795,5753879.0,0.19745627467573768,0.18987104149450096,9.871601401419807e-05,0.0,0.00013417035707563542,2.0990092317942042e-05
309,Tumor,Myeloid,2136,837795,26320262.0,0.07146332850033521,0.0705944437208309,4.737794783349801e-05,0.0,0.001477986807274183,6.494398520574354e-05
342,Tumor,NK,141,434981,282486.0,0.5715204728259412,0.5243590285361299,0.00016283992835043154,0.0,0.014637893559326834,0.00843813284906574
342,Tumor,CD8T,359,434981,757203.0,0.1091595506919901,0.1059816530447727,0.0001452714793787135,0.0,0.002795815653133968,0.00013088048475264993
342,Tumor,CD4T,650,434981,1674673.0,0.0940733756063209,0.0916853874797463,0.00010987219594511884,1.1844703442069577e-06,0.002409425601296492,0.0001331208207386759
342,Tumor,B,1037,434981,4496806.0,0.13228683856823556,0.12903662257069615,0.00010985575094856216,0.0,9.940388800406333e-05,3.844148113304125e-05
342,Tumor,Myeloid,1067,434981,7208208.0,0.2336987398087144,0.22779633981916125,0.0011278808824606616,0.0,0.005985537598249107,0.0007546603563334793
342,Normal,NK,198,434981,331608.0,0.2261807151466056,0.2161755526351501,0.00012967117801741815,0.0,0.005792984487708378,0.0014074963737907842
342,Normal,CD8T,399,434981,759485.0,0.1159259204009961,0.1125472379493927,0.00015010171366123097,6.0252440641544735e-06,0.002969117230755051,0.00015491846576468237
342,Normal,CD4T,584,434981,1315120.0,0.10708631330053636,0.10406797419814406,0.0001277449966542977,4.283947004415354e-07,0.0027427154936431656,0.00013283467288656832
342,Normal,B,210,434981,743604.0,0.13243515030318995,0.12909859608813368,0.00013044577490169498,0.0,9.951533343015906e-05,1.6181787456543887e-05
342,Normal,Myeloid,958,434981,4954121.0,0.08550988766402517,0.08394617415011718,0.00032094492645617657,0.0,0.0021900958817921484,0.00016666247282776328
343,Tumor,NK,157,441006,277761.0,0.4637354153452712,0.4436720650493662,0.00018001087265670846,0.0,0.008791731020553641,0.004963529145026026
343,Tumor,CD8T,415,441006,927506.0,0.11186223796003382,0.10974019118983824,0.00020269410656103572,0.0,0.0021207409979019003,0.00013552676671721778
343,Tumor,CD4T,678,441006,1837762.0,0.09571994547933423,0.09384119034460792,0.00013821158561337104,6.136311468303493e-06,0.001814707236301545,0.0001280739827243307
343,Tumor,B,1167,441006,4670763.0,0.11609864628760787,0.11461426143494102,0.00014387370971295267,0.0,8.885057965904072e-05,2.5851595743566966e-05
343,Tumor,Myeloid,1030,441006,7193854.0,0.08330111448645362,0.08237425694676526,0.0017002013107299647,0.0013192110485511642,0.0015792647446000432,0.00021153153438102477
343,Normal,NK,215,441006,362221.0,0.1508627436660383,0.1481159259984961,0.00035613617101161997,0.00011395192167314219,0.0028601323501398317,0.0003197075806449793
343,Normal,CD8T,409,441006,879234.0,0.11224452983749408,0.11010842735913362,0.00016377892574672955,4.419665246563116e-06,0.002127988681056465,0.00013821705883402405
343,Normal,CD4T,577,441006,1451062.0,0.09952755751688243,0.09783635337061491,0.000148856492692938,0.0,0.0018868938749688159,0.00011551781744480469
343,Normal,B,313,441006,742687.0,0.1812167315009281,0.1775468957920041,0.000173693628675337,0.0,0.00013868561049271093,5.082778487818987e-05
343,Normal,Myeloid,1012,441006,5480613.0,0.09187305650553834,0.09073085285129201,0.0004771364079164137,0.0,0.0017417759655717344,0.0001191202252177395
344,Tumor,NK,144,440683,215069.0,0.2707749245905591,0.26296107585111794,0.00021853451682948263,0.0,0.00580743854297923,0.0003015531853654474
344,Tumor,CD8T,371,440683,836959.0,0.11915998002764625,0.11660684988909398,0.00016488262865922942,0.0,0.002555680744218056,9.248825055901134e-05
344,Tumor,CD4T,668,440683,1851773.0,0.09776951571599846,0.09619661267122614,0.00013554577153895213,5.357125673933175e-07,0.002096909286397415,0.00010519308854303184
344,Tumor,B,1028,440683,4776447.0,0.10851386151323637,0.10688823043300477,0.0001452962840370677,0.0,8.12319282512713e-05,2.71445393335457e-05
344,Tumor,Myeloid,1032,440683,7399620.0,0.27403989790268907,0.26630794902221133,0.0004735378303210165,0.0,0.005877463977879945,0.000652688429641019
344,Normal,NK,224,440683,361806.0,0.17461733328204543,0.17060602979901995,0.00017136255341260233,0.0,0.0037451009657109057,0.0002775356847751582
344,Normal,CD8T,397,440683,808863.0,0.12035921469777451,0.11752187913584378,0.00018791810232387932,1.8846132390777322e-05,0.002581401300343816,0.0001801279729075604
344,Normal,CD4T,564,440683,1376703.0,0.10647952363576063,0.10440835147918204,0.00014382187007655245,0.0,0.002283716967276166,0.00012210054913232464
344,Normal,B,196,440683,697379.0,0.13983389360499146,0.13713146659422903,0.0001735068018968165,0.0,0.00010467765734270748,2.1976849228721617e-05
344,Normal,Myeloid,965,440683,5495433.0,0.09081717826928087,0.08959452182619676,0.000700035829751723,5.072761638456505e-05,0.0019477991998082772,0.00025924817701238344
345,Tumor,NK,152,388509,225936.0,0.338438539401369,0.3262459165914384,0.00020359747893208696,0.0,0.006594787904539339,0.0004245219174946112
345,Tumor,CD8T,382,388509,846436.0,0.22651226392524854,0.21539463701098638,0.0001736693618891446,0.0,0.004413800925291457,0.00047796561253083823
345,Tumor,CD4T,645,388509,1757604.0,0.10689506998675284,0.10435485082888174,0.00014394596279935639,4.741262844013497e-06,0.0020829492877804104,0.00012127557320231194
345,Tumor,B,1024,388509,4570249.0,0.12957168279700804,0.12690854072574242,0.00014091135953423983,0.0,9.124229336300932e-05,2.9571368180071566e-05
345,Tumor,Myeloid,1016,388509,7189066.0,0.10604230635225438,0.10455058581439647,0.00044512040924370427,0.0,0.0020663323997860083,0.0003173042923178458
345,Normal,NK,203,388509,356716.0,0.30398761285572656,0.29110583491503383,0.00019623453952163626,0.0,0.00592347974298882,0.003493425782215953
345,Normal,CD8T,423,388509,932562.0,0.11770964477168576,0.1148807451683943,0.0001672811030258578,1.5891518895242384e-05,0.002293681278027627,0.00016411695856798246
345,Normal,CD4T,586,388509,1413665.0,0.11674774845896496,0.1139561938987641,0.0001605755253189405,2.48550644094811e-06,0.002274937838879791,0.00013514489127512756
345,Normal,B,176,388509,549988.0,0.18848793335952294,0.18401797694582,0.00020909547117391652,0.0,0.00013273016865822528,1.1121353909101861e-05
345,Normal,Myeloid,1013,388509,5867579.0,0.09554362731712235,0.09413733442735772,0.0006413207218854659,0.00021867995865300504,0.001861755930341969,0.0002633790918669754
346,Tumor,NK,160,447473,253670.0,0.8954431702305827,0.7520358434891328,0.00015768518153506524,0.0,0.021252020341388417,0.011708729043647663
346,Tumor,CD8T,373,447473,837315.0,0.4511777442096822,0.40477116090664145,0.00019108698637908074,0.0,0.010708036999217737,0.0017349562642192597
346,Tumor,CD4T,660,447473,1797106.0,0.10831936036344592,0.106236580054346,0.00014523350319903223,5.583343778544384e-06,0.0025707999416840184,0.000143751346632352
346,Tumor,B,1155,447473,4952693.0,0.14549020001905066,0.14297811483309886,0.0001488079313617864,0.0,0.0001041857429887134,3.354842737878029e-05
346,Tumor,Myeloid,1007,447473,6761183.0,0.09099708045963714,0.09010313443856899,0.0005772658423829084,5.969820058819634e-05,0.002159681227382841,0.00010725926107873372
346,Normal,NK,233,447473,377319.0,0.18190733650627253,0.17774290785227453,0.00026767801250400855,0.0,0.00431730180563396,9.628610597720594e-05
346,Normal,CD8T,439,447473,919767.0,0.12130479341712425,0.11873175074413045,0.00018265495500490884,1.5715334737852638e-05,0.0028789900050773727,0.00017743417476483688
346,Normal,CD4T,558,447473,1352885.0,0.10532962235128548,0.1031781882936269,0.00016039796435025888,0.0,0.002499842928260717,0.000135352437236064
346,Normal,B,314,447473,856394.0,0.12881870327868453,0.12699902205293945,0.00013778704661639385,0.0,9.224726002283996e-05,2.0099519818407874e-05
346,Normal,Myeloid,1001,447473,5693824.0,0.10874351254965989,0.10702442827596226,0.00044873181889710676,0.0,0.002580866567003125,0.00018870077598875877
668,Tumor,NK,133,577323,354974.0,0.015460509040615128,0.015193025848720731,7.32448010276809e-05,5.3591947360798495e-05,0.0002084659721557072,4.805344914099337e-06
668,Tumor,CD8T,338,577323,1266860.0,0.01721104817612363,0.016900703683222384,4.4993132627125334e-05,1.6101946809288554e-05,0.00023206984197148857,7.419576636524239e-05
668,Tumor,CD4T,1051,577323,4682927.0,0.1694869141487729,0.16251132290513748,6.320833102886293e-05,0.0,0.002285322833347605,0.00015574306277882805
668,Tumor,B,1626,577323,7889801.0,0.029249220055236582,0.028876781263850404,2.167355044823057e-05,0.0,1.2421099087290034e-05,2.3442457933180646e-06
668,Tumor,Myeloid,713,577323,8196049.0,0.13501499290726351,0.1327634836015541,0.00024145780485206958,1.888543190997344e-05,0.0018205113219796514,0.000533402206676855
347,Tumor,NK,130,453946,193830.0,0.5881806889185935,0.5379252348913779,0.00015477480266212662,0.0,0.013026879224062322,0.011651206711667179
347,Tumor,CD8T,386,453946,853243.0,0.12160394529709119,0.11889483956441071,0.00022150782367977236,1.477712377976321e-05,0.0026932538561699306,0.00011467698394017639
347,Tumor,CD4T,682,453946,1871373.0,0.10179338141053683,0.09996884717205146,0.00015656953477473492,0.0,0.002254494427353606,4.485251050731156e-05
347,Tumor,B,1119,453946,4832214.0,0.09843898643294705,0.0973682154315686,0.00013472085466413532,0.0,7.67764010451524e-05,2.2707134748684502e-05
347,Tumor,Myeloid,957,453946,6511534.0,0.1262898798372234,0.12442561911280736,0.000803804449151306,0.00010366454321661227,0.002797036765837359,0.0005014107453861339
347,Normal,NK,207,453946,331347.0,0.18109744080390242,0.17681904147149097,0.00022634881257412923,1.2124059626922387e-05,0.00401090095881357,0.00014185745325495249
347,Normal,CD8T,362,453946,790570.0,0.11748010788724973,0.11515916754885513,0.0001872066989640386,8.160345020043515e-06,0.0026019201335745097,0.00011581824340471032
347,Normal,CD4T,533,453946,1327469.0,0.1342836480430777,0.1300221704200012,0.00013032319398795754,0.0,0.002974080750661597,0.0006694576646588315
347,Normal,B,293,453946,769979.0,0.09824546534553581,0.09714336434842308,0.0001233799882853948,0.0,7.662546640882414e-05,2.3221317746937794e-05
347,Normal,Myeloid,1010,453946,5829996.0,0.09997576109630682,0.09914266826648321,0.0008113213113696819,0.00026900419453324773,0.002214238225892436,2.758459285139308e-05
348,Tumor,NK,165,448320,244278.0,0.8309678710908424,0.7096060322371596,0.00016374786104356512,0.0,0.016153726491947698,0.007809472426114153
348,Tumor,CD8T,407,448320,929126.0,0.13907738903334851,0.13443724421407133,0.00017543368714254042,7.989870293336059e-06,0.0027036160865157146,0.0006083119809044473
348,Tumor,CD4T,693,448320,1949142.0,0.09632985171464711,0.09464937548881347,0.00013595725709055574,6.373232320369045e-07,0.001872618824077466,9.82038568736638e-05
348,Tumor,B,1181,448320,5084615.0,0.10619200219410534,0.10515775105725012,0.0001286233077627313,0.0,7.39485683773501e-05,1.5801231861252715e-05
348,Tumor,Myeloid,1061,448320,7689003.0,0.08064411194598671,0.079947405406943,0.0005709452838033748,4.475553035675488e-05,0.0015676934968031615,3.142383063321891e-05
348,Normal,NK,202,448320,363613.0,0.6687406261415052,0.6006144429161464,0.00017051095532887988,0.0,0.013000085255477665,0.004566066450110255
348,Normal,CD8T,422,448320,946128.0,0.12108262531223754,0.11809201461524055,0.00017439500786362944,6.903022188726269e-06,0.0023538041364381986,4.8283347534895134e-05
348,Normal,CD4T,572,448320,1427726.0,0.10225369953660463,0.10019916535626983,0.00014498580259797748,2.760430830821724e-06,0.0019877763660534303,9.224706799823064e-05
348,Normal,B,323,448320,833817.0,0.17566751794946656,0.1722780982339961,0.00011513317670424086,0.0,0.0001223290002482559,1.4995243679080675e-05
348,Normal,Myeloid,1008,448320,5982197.0,0.07627363007494667,0.07547340994192586,0.0006750028459443913,0.00018379261794079617,0.0014827328488179175,7.435341603595453e-05
