definition,tissue,assay,n_donors,n_nk,top_donor_share,median_umi,bright_frac,stress,insufficient,CCL3,CCL3_iqr,CCL3_bright,CCL3_floor,CCL4,CCL4_iqr,CCL4_bright,CCL4_floor,CCL5,CCL5_iqr,CCL5_bright,CCL5_floor,XCL1,XCL1_iqr,XCL1_bright,XCL1_floor,XCL2,XCL2_iqr,XCL2_bright,XCL2_floor
author,blood,10x 3' v3,2,3511,0.7294218171461122,3863.75,0.08173636942806055,1.2135720009742093,donors 2<3; one donor 73% of cells,0.4804332189317495,0.17517006103701277,0.2769338630521149,False,0.7025195750015414,0.02883536447522561,0.23101191867258702,False,0.7852711728559978,0.09999198503873907,0.6006076186024772,False,0.160756489035944,0.13444069956225982,0.5407805562047208,False,0.37013872048336377,0.18277029943073225,0.5867025005842487,False
author,bone marrow,10x 3' v3,2,6872,0.7258440046565774,4276.75,0.0643076291805215,1.562895189801006,donors 2<3; one donor 73% of cells,0.7351299168960921,0.02442422323129645,0.5040128410914928,False,0.9370989312779545,0.030523149401450955,0.7319422150882825,False,0.7923849510587618,0.09190379628731038,0.7576243980738363,False,0.15353515102913656,0.07020181769580326,0.5401284109149278,False,0.42667433687984924,0.07954057891806582,0.9125200642054574,False
author,jejunal epithelium,10x 3' v3,2,60,0.9333333333333333,3881.0,0.7321428571428572,1.5442312763008543,donors 2<3; NK 60<200; one donor 93% of cells,0.29464285714285715,0.2946428571428571,0.3125,False,0.9464285714285714,0.05357142857142849,0.9375,False,0.8660714285714286,0.1339285714285715,0.8625,False,0.5,0.0,0.6458333333333333,False,0.5803571428571428,0.0803571428571429,0.6958333333333333,False
author,jejunum lamina propria,10x 3' v3,2,72,0.6944444444444444,4411.5,0.36272727272727273,1.4022271182817878,donors 2<3; NK 72<200; one donor 69% of cells,0.6181818181818182,0.018181818181818077,0.25,False,0.7609090909090909,0.0790909090909091,0.39705882352941174,False,0.8145454545454546,0.09454545454545449,0.8382352941176471,False,0.29818181818181816,0.16181818181818186,0.29411764705882354,False,0.4390909090909091,0.12090909090909091,0.3235294117647059,False
author,lung,10x 3' v3,2,2880,0.7194444444444444,4101.0,0.1074343438204824,1.3293956429916314,donors 2<3; one donor 72% of cells,0.7777103482549028,0.026745097289651798,0.7279267495094834,False,0.911595913452349,0.02404765090408645,0.7305428384565076,False,0.7799156122175924,0.07528240758438787,0.632221495530848,False,0.1949615811001949,0.0811001949615811,0.6025724874645737,False,0.4337369547765587,0.07977655873695483,0.776106387617179,False
author,spleen,10x 3' v3,2,5098,0.7138093369949,4247.5,0.32388124161730514,1.6536418396283974,donors 2<3; one donor 71% of cells,0.6145033969631783,0.009294349670512125,0.6663229464233662,False,0.8584378621592559,0.05794322077425995,0.809898414271556,False,0.7399285706348162,0.11887883169554703,0.662005188596747,False,0.23334559483442352,0.14972667776793971,0.6134531860315979,False,0.3802381895469855,0.13006683930709523,0.7459992421150818,False
author,thoracic lymph node,10x 3' v3,2,377,0.9018567639257294,4401.25,0.7211844197138315,1.7513713913649844,donors 2<3; one donor 90% of cells,0.6708267090620033,0.07623211446740863,0.5929914529914531,False,0.7977742448330684,0.013990461049284475,0.7935042735042734,False,0.7480524642289348,0.06275834658187607,0.7011111111111111,False,0.5662162162162162,0.13378378378378375,0.7226495726495726,False,0.6558426073131955,0.088275039745628,0.7704273504273504,False
author,blood,10x 5' v1,2,206,0.6067961165048543,4461.0,0.11555555555555555,0.5696168881631081,donors 2<3; one donor 61% of cells,0.2056296296296296,0.05362962962962961,0.08888888888888885,False,0.7001975308641976,0.028197530864197518,0.4222222222222222,False,0.9171358024691358,0.021135802469135823,0.788888888888889,False,0.24918518518518515,0.12118518518518512,0.9,False,0.2679012345679012,0.13209876543209878,0.6666666666666666,False
author,bone marrow,10x 5' v1,5,601,0.30782029950083195,4302.0,0.1132075471698113,1.212909246358372,,0.8170731707317073,0.2204836415362731,0.7142857142857143,False,0.902439024390244,0.13788883222845472,0.9047619047619048,False,0.8378378378378378,0.14796872344042156,0.8888888888888888,False,0.3157894736842105,0.2513513513513514,0.8,False,0.3773584905660377,0.03243243243243249,0.5,False
author,caecum,10x 5' v1,1,2,1.0,5145.5,0.5,2.887111925630573,donors 1<3; NK 2<200; one donor 100% of cells,1.0,0.0,1.0,False,0.5,0.0,0.0,False,0.5,0.0,1.0,False,1.0,0.0,1.0,False,1.0,0.0,1.0,False
author,duodenum,10x 5' v1,2,5,0.8,4190.75,0.375,2.884581171559656,donors 2<3; NK 5<200; one donor 80% of cells,0.75,0.25,0.6666666666666666,False,0.875,0.125,0.6666666666666666,False,1.0,0.0,1.0,False,0.25,0.25,0.3333333333333333,False,0.125,0.125,0.0,False
author,ileum,10x 5' v1,1,1,1.0,3902.0,1.0,3.699590730074296,donors 1<3; NK 1<200; one donor 100% of cells,1.0,0.0,1.0,False,1.0,0.0,1.0,False,1.0,0.0,1.0,False,1.0,0.0,1.0,False,1.0,0.0,1.0,False
author,liver,10x 5' v1,5,1515,0.42112211221122114,4436.5,0.59375,2.152979449578895,,0.78125,0.034482758620689724,0.8663239074550129,False,0.875,0.01562951599635387,0.8894601542416453,False,0.7899686520376176,0.0514184397163121,0.7530864197530864,False,0.723404255319149,0.17432950191570884,0.9012345679012346,False,0.5073891625615764,0.3060515873015873,0.5838926174496645,False
author,lung,10x 5' v1,6,324,0.38580246913580246,3281.5,0.11933333333333329,1.7428476866094793,,0.6666666666666666,0.20486815415821502,0.6,False,0.8819444444444444,0.07586066035609651,0.8888888888888888,False,0.8469827586206897,0.09243999323867469,0.7777777777777778,False,0.5555555555555556,0.24437260536398475,1.0,False,0.44588235294117645,0.4545588235294118,0.75,False
author,mesenteric lymph node,10x 5' v1,5,41,0.34146341463414637,5050.5,1.0,1.5918681137385589,NK 41<200,0.7272727272727273,0.15714285714285714,0.7272727272727273,False,0.8,0.10389610389610393,0.8,False,0.8,0.2727272727272727,0.8,False,0.75,0.19047619047619047,0.8571428571428571,False,0.7272727272727273,0.18571428571428572,0.7272727272727273,False
author,omentum,10x 5' v1,4,33,0.5454545454545454,3326.5,0.202020202020202,1.46409011249479,NK 33<200; one donor 55% of cells,0.6666666666666666,0.20454545454545459,0.75,False,0.9722222222222222,0.08712121212121215,1.0,False,1.0,0.11363636363636365,1.0,False,0.3333333333333333,0.18181818181818182,1.0,False,0.25757575757575757,0.25252525252525254,0.5,False
author,sigmoid colon,10x 5' v1,1,1,1.0,4983.0,0.0,3.003106671528441,donors 1<3; NK 1<200; one donor 100% of cells,0.0,0.0,,True,1.0,0.0,,False,1.0,0.0,,False,0.0,0.0,,True,0.0,0.0,,True
author,skeletal muscle tissue,10x 5' v1,3,134,0.9477611940298507,4503.0,0.0,1.0146697254772872,NK 134<200; one donor 95% of cells,0.6,0.07677165354330695,0.7142857142857143,False,1.0,0.023622047244094446,0.9285714285714286,False,0.8976377952755905,0.09999999999999998,0.7142857142857143,False,0.5984251968503937,0.4,1.0,False,0.5,0.1503937007874016,0.7142857142857143,False
author,spleen,10x 5' v1,6,1361,0.35194709772226307,5132.75,0.5583952027412906,2.3796447545220625,,0.7263965104826228,0.056715811720424836,0.7595167163190997,False,0.8839833759590793,0.035546535034091775,0.8732207878186031,False,0.7999011936445202,0.11270184365613045,0.7624156545209176,False,0.6924721811216734,0.3573997200318681,0.8539165237278445,False,0.6780370843989769,0.11755134488366903,0.8051956815114709,False
author,thoracic lymph node,10x 5' v1,6,257,0.38910505836575876,4260.25,0.9816666666666666,2.587678615769456,,0.6607832322118037,0.21697324875896296,0.6532956685499058,False,0.7638888888888888,0.23694996016424597,0.7617702448210923,False,0.7733333333333334,0.09103327817613538,0.7691110342442061,False,0.8792792792792793,0.13288793895936746,0.9121065375302664,False,0.7733333333333333,0.2363660599374885,0.7826011760636458,False
author,thymus,10x 5' v1,1,2,1.0,5870.0,0.0,0.9769119639211494,donors 1<3; NK 2<200; one donor 100% of cells,0.5,0.0,,False,0.5,0.0,,False,1.0,0.0,,False,0.5,0.0,,False,0.0,0.0,,True
author,transverse colon,10x 5' v1,1,4,1.0,4185.5,0.75,2.2813043756543125,donors 1<3; NK 4<200; one donor 100% of cells,0.5,0.0,0.3333333333333333,False,0.75,0.0,0.6666666666666666,False,0.75,0.0,0.6666666666666666,False,0.75,0.0,1.0,False,0.75,0.0,1.0,False
author,blood,10x 5' v2,2,267,0.9850187265917603,4030.75,0.1630228136882129,1.1521296055539405,donors 2<3; one donor 99% of cells,0.6625475285171103,0.16254752851711018,0.35,False,0.9315589353612168,0.0684410646387833,0.8,False,0.9258555133079848,0.07414448669201534,0.85,False,0.34315589353612164,0.15684410646387836,0.9,False,0.43441064638783267,0.06558935361216728,0.925,False
author,bone marrow,10x 5' v2,3,753,0.5099601593625498,4549.0,0.2121212121212121,1.707079113749755,one donor 51% of cells,0.6363636363636364,0.05915178571428559,0.4210526315789473,False,0.84375,0.013528138528138611,0.7142857142857143,False,0.8645833333333334,0.05100108225108224,0.8041237113402062,False,0.2786458333333333,0.023538961038961026,0.7894736842105263,False,0.4401041666666667,0.14177489177489178,0.8157894736842105,False
author,jejunal epithelium,10x 5' v2,3,66,0.5303030303030303,2947.0,1.0,1.5903527891332048,NK 66<200; one donor 53% of cells,0.6,0.22747252747252744,0.6,False,0.6,0.2697802197802198,0.6,False,0.9142857142857144,0.2692307692307693,0.88,False,0.8,0.1186813186813187,0.84,False,0.8,0.1901098901098901,0.8,False
author,jejunum lamina propria,10x 5' v2,3,71,0.7746478873239436,3397.5,0.509090909090909,1.6253868121906372,NK 71<200; one donor 77% of cells,0.5,0.050000000000000044,0.5,False,0.75,0.28409090909090917,0.5714285714285714,False,0.5833333333333334,0.32954545454545464,0.4285714285714285,False,0.5,0.14772727272727276,0.8571428571428571,False,0.75,0.1803030303030304,0.8571428571428571,False
author,liver,10x 5' v2,2,2072,0.5390926640926641,4643.0,0.35452713185561546,2.1283765767088525,donors 2<3; one donor 54% of cells,0.7691568196412417,0.04131438454724001,0.7548061505223893,False,0.8627667602544212,0.00831649847431648,0.813332320623829,False,0.8545655668933709,0.004073176562126579,0.7473838337806133,False,0.40367429586542114,0.058105808846620755,0.8489628166827012,False,0.425483836191744,0.11483029993391053,0.7799972994413219,False
author,lung,10x 5' v2,2,29,0.6551724137931034,4852.25,0.1789473684210526,1.8031022207622032,donors 2<3; NK 29<200; one donor 66% of cells,0.7947368421052632,0.0052631578947368585,0.5833333333333333,False,0.8473684210526315,0.047368421052631615,0.5,False,0.9236842105263159,0.023684210526315863,0.75,False,0.1526315789473684,0.047368421052631615,0.5833333333333333,False,0.33684210526315783,0.13684210526315782,0.75,False
author,mesenteric lymph node,10x 5' v2,3,950,0.8357894736842105,4519.0,0.72,1.789281811101312,one donor 84% of cells,0.62,0.09293759802290769,0.5980392156862745,False,0.6509433962264151,0.14309823677581868,0.6470588235294118,False,0.74,0.07658856518226331,0.7104677060133631,False,0.4848866498740554,0.2698113207547169,0.7260579064587973,False,0.5491183879093199,0.2079245283018868,0.7171492204899778,False
author,spleen,10x 5' v2,4,1751,0.364363221016562,4039.75,0.5195777821316614,2.068360576619812,,0.6656319910514541,0.1638952736109065,0.7056484027924688,False,0.7811835850111857,0.09724130100352524,0.7384281785487624,False,0.7903269508670521,0.05893688974899414,0.7410120383595185,False,0.42424393425988,0.1384225535571269,0.772566823097327,False,0.47271096453875006,0.22545744176810228,0.7853092049016814,False
author,thoracic lymph node,10x 5' v2,4,177,0.3898305084745763,4035.5,0.808242220353238,1.7640009697822854,NK 177<200,0.6781609195402298,0.12408125205689846,0.7065789473684211,False,0.732968881412952,0.18461297806381372,0.7052631578947368,False,0.7181571815718157,0.14846387781718895,0.7546052631578948,False,0.7457947855340623,0.26807581981367035,0.8586538461538462,False,0.708895552223888,0.2129321518102737,0.8243589743589743,False
uniform,blood,10x 3' v3,2,330,0.7515151515151515,4363.5,0.3070416994492525,1.1086397712511473,donors 2<3; one donor 75% of cells,0.4448269079464988,0.12775373721479155,0.3563218390804598,False,0.698514948859166,0.03319236821400473,0.6925287356321839,False,0.769669551534225,0.10837922895357988,0.6925287356321839,False,0.16940401258851295,0.15720889063729346,0.25862068965517243,False,0.329022423288749,0.23146144767899288,0.35201149425287354,False
uniform,bone marrow,10x 3' v3,2,1318,0.8831562974203339,4704.0,0.1595260409693399,1.5098210607264027,donors 2<3; one donor 88% of cells,0.7288570535993217,0.02438969964743165,0.6534883720930232,False,0.9352267148658902,0.032305752666577425,0.8193798449612403,False,0.7977083054402642,0.09839559066363202,0.6182170542635659,False,0.18095349667514615,0.09653791225956176,0.3515503875968992,False,0.4600682822332307,0.12240594457089304,0.5821705426356589,False
uniform,jejunal epithelium,10x 3' v3,2,12,0.8333333333333334,3452.5,0.85,1.281165001767281,donors 2<3; NK 12<200; one donor 83% of cells,0.2,0.20000000000000004,0.2857142857142857,False,0.65,0.15000000000000013,0.6071428571428572,False,0.9,0.09999999999999987,0.9285714285714286,False,0.2,0.20000000000000004,0.21428571428571425,False,0.3,0.29999999999999993,0.2857142857142857,False
uniform,jejunum lamina propria,10x 3' v3,2,17,0.8823529411764706,9146.0,0.6166666666666667,1.0677126905696592,donors 2<3; NK 17<200; one donor 88% of cells,0.5833333333333333,0.08333333333333337,0.2727272727272727,False,0.6166666666666667,0.11666666666666659,0.36363636363636365,False,0.65,0.15000000000000013,0.4090909090909091,False,0.48333333333333334,0.01666666666666672,0.2727272727272727,False,0.5166666666666666,0.01666666666666672,0.2727272727272727,False
uniform,lung,10x 3' v3,2,486,0.8045267489711934,4519.5,0.21803742091802397,1.3147349797104158,donors 2<3; one donor 80% of cells,0.7540718804684345,0.035401803742091786,0.6153846153846154,False,0.9212545430071342,0.026113878045497363,0.8461538461538463,False,0.7752725804280522,0.06683268272984255,0.7051282051282051,False,0.20180374209180235,0.12811953156548667,0.2948717948717948,False,0.4144837797819356,0.1302732534661462,0.423076923076923,False
uniform,spleen,10x 3' v3,2,1134,0.8218694885361552,4615.25,0.3619438660604258,1.5895811005944671,donors 2<3; one donor 82% of cells,0.5898737942463774,0.04531933880083283,0.6088944678561823,False,0.8613542684740578,0.05448731568435827,0.8026539944409576,False,0.7187088344027537,0.09317235371605836,0.6809378642517708,False,0.28366549101262056,0.2292100454680662,0.46207298484712633,False,0.40220647601240805,0.219038159180725,0.5564422128575272,False
uniform,thoracic lymph node,10x 3' v3,2,89,0.9213483146067416,4265.0,0.5574912891986062,1.6513599631752216,donors 2<3; NK 89<200; one donor 92% of cells,0.6759581881533101,0.1045296167247387,0.8897058823529411,False,0.759581881533101,0.04529616724738672,0.6544117647058824,False,0.8170731707317074,0.18292682926829273,0.8014705882352942,False,0.43728222996515675,0.2944250871080139,0.625,False,0.6759581881533101,0.1045296167247387,0.6397058823529411,False
uniform,blood,10x 5' v1,2,48,0.7083333333333334,4851.0,0.08823529411764705,0.5174579937787549,donors 2<3; NK 48<200; one donor 71% of cells,0.1071428571428571,0.1071428571428571,0.0,False,0.6743697478991597,0.031512605042016695,0.1666666666666666,False,0.9264705882352942,0.07352941176470595,0.5,False,0.30252100840336127,0.12605042016806717,0.5,False,0.2836134453781512,0.06932773109243703,0.5,False
uniform,bone marrow,10x 5' v1,4,99,0.46464646464646464,4213.0,0.16190476190476186,1.1657782128691547,NK 99<200,0.8165266106442577,0.15543173791255627,0.8035714285714286,False,0.8991596638655461,0.11302521008403354,0.9285714285714286,False,0.91231884057971,0.0637346242844965,0.7321428571428572,False,0.3254901960784314,0.46186822555109003,0.5,False,0.40724637681159415,0.21167945439045183,0.625,False
uniform,duodenum,10x 5' v1,1,1,1.0,3342.0,1.0,3.7648654679391207,donors 1<3; NK 1<200; one donor 100% of cells,1.0,0.0,1.0,False,1.0,0.0,1.0,False,1.0,0.0,1.0,False,1.0,0.0,1.0,False,0.0,0.0,0.0,True
uniform,ileum,10x 5' v1,1,1,1.0,1304.0,1.0,0.93115279500239,donors 1<3; NK 1<200; one donor 100% of cells,0.0,0.0,0.0,True,1.0,0.0,1.0,False,1.0,0.0,1.0,False,0.0,0.0,0.0,True,0.0,0.0,0.0,True
uniform,liver,10x 5' v1,5,186,0.553763440860215,4356.0,0.5,1.8866954446276087,NK 186<200; one donor 55% of cells,0.7959183673469388,0.06818181818181823,0.875,False,0.8571428571428571,0.10076530612244894,1.0,False,0.8125,0.04148278905560465,0.75,False,0.7142857142857143,0.27449249779346874,1.0,False,0.6796116504854369,0.14204545454545459,0.7142857142857143,False
uniform,lung,10x 5' v1,6,45,0.3333333333333333,3687.0,0.04166666666666665,1.7669302955142339,NK 45<200,0.625,0.4,0.0,False,0.9583333333333333,0.12083333333333335,1.0,False,0.8583333333333334,0.4041666666666667,0.0,False,0.20833333333333331,0.6083333333333334,0.0,False,0.45833333333333337,0.4333333333333334,1.0,False
uniform,mesenteric lymph node,10x 5' v1,3,14,0.7142857142857143,5516.0,1.0,2.8312536733282445,NK 14<200; one donor 71% of cells,0.3333333333333333,0.24999999999999997,0.3333333333333333,False,0.0,0.3,0.0,True,0.6666666666666666,0.4000000000000001,0.6666666666666666,False,0.8,0.16666666666666663,0.7777777777777778,False,0.8,0.33333333333333337,0.7777777777777778,False
uniform,omentum,10x 5' v1,2,9,0.6666666666666666,5490.5,0.16666666666666666,1.7710270741002472,donors 2<3; NK 9<200; one donor 67% of cells,0.6666666666666666,0.0,1.0,False,0.8333333333333333,0.16666666666666663,1.0,False,1.0,0.0,1.0,False,0.41666666666666663,0.25,1.0,False,0.3333333333333333,0.0,1.0,False
uniform,skeletal muscle tissue,10x 5' v1,2,31,0.967741935483871,4970.25,0.05,0.8169237650217991,donors 2<3; NK 31<200; one donor 97% of cells,0.7833333333333333,0.21666666666666656,1.0,False,1.0,0.0,1.0,False,0.95,0.04999999999999993,1.0,False,0.3,0.29999999999999993,1.0,False,0.1833333333333333,0.18333333333333326,1.0,False
uniform,spleen,10x 5' v1,6,268,0.5335820895522388,5153.0,0.4908389585342333,1.9623158410330732,one donor 53% of cells,0.8247162673392181,0.22248349528966693,0.8444444444444444,False,0.9286301933360757,0.07591599576893693,0.8444444444444444,False,0.8265734265734266,0.14150685380193573,0.7941919191919191,False,0.7512896939126448,0.31055332083538456,0.8623737373737373,False,0.6779411764705883,0.13165208706433396,0.775,False
uniform,thoracic lymph node,10x 5' v1,4,41,0.4146341463414634,4933.5,0.7573529411764706,2.540867603696211,NK 41<200,0.5735294117647058,0.1740196078431373,0.5576923076923077,False,0.8529411764705883,0.33823529411764697,0.8076923076923077,False,0.8529411764705883,0.2941176470588235,0.8461538461538461,False,0.9117647058823528,0.10661764705882348,0.9642857142857143,False,0.7573529411764706,0.05024509803921562,0.717948717948718,False
uniform,transverse colon,10x 5' v1,1,1,1.0,3844.0,0.0,2.6656108516651016,donors 1<3; NK 1<200; one donor 100% of cells,0.0,0.0,,True,1.0,0.0,,False,1.0,0.0,,False,1.0,0.0,,False,1.0,0.0,,False
uniform,blood,10x 5' v2,1,57,1.0,4879.0,0.175438596491228,1.5244522440357895,donors 1<3; NK 57<200; one donor 100% of cells,0.8771929824561403,0.0,0.9,False,0.8596491228070176,0.0,0.7,False,0.8947368421052632,0.0,1.0,False,0.2280701754385964,0.0,0.6,False,0.4561403508771929,0.0,0.5,False
uniform,bone marrow,10x 5' v2,3,126,0.5396825396825397,4783.0,0.3529411764705882,1.736404725448463,NK 126<200; one donor 54% of cells,0.7169811320754716,0.08235294117647052,0.5,False,0.9264705882352942,0.08490566037735847,0.9166666666666666,False,0.8676470588235294,0.07169811320754715,0.7083333333333334,False,0.3529411764705882,0.09622641509433966,0.625,False,0.4,0.17036625971143177,0.7083333333333334,False
uniform,jejunal epithelium,10x 5' v2,2,19,0.5789473684210527,3509.25,0.6761363636363636,1.9583155030971788,donors 2<3; NK 19<200; one donor 58% of cells,0.26136363636363635,0.011363636363636354,0.1875,False,0.5568181818181818,0.19318181818181823,0.55,False,0.7727272727272727,0.2272727272727273,0.75,False,0.6590909090909092,0.15909090909090906,0.675,False,0.7670454545454546,0.14204545454545459,0.8375,False
uniform,jejunum lamina propria,10x 5' v2,3,15,0.8,3931.0,0.75,2.183841964529601,NK 15<200; one donor 80% of cells,0.5833333333333334,0.5,0.5555555555555556,False,0.75,0.5,0.6666666666666666,False,0.6666666666666666,0.49999999999999994,0.5555555555555556,False,1.0,0.29166666666666663,1.0,False,1.0,0.29166666666666663,1.0,False
uniform,liver,10x 5' v2,2,457,0.5579868708971554,4972.25,0.36368666278392536,2.081448730823377,donors 2<3; one donor 56% of cells,0.7983207144243836,0.04089497185012625,0.8278363108871585,False,0.9133372160745485,0.0074548631333722915,0.8606657504962589,False,0.8201805474665114,0.003348864298194587,0.7438540235150405,False,0.4394195301883129,0.09783537177247131,0.7618720415330584,False,0.47018054746651133,0.1533488642981945,0.6940754313635669,False
uniform,lung,10x 5' v2,2,5,0.6,6369.25,0.0,1.7731746996941848,donors 2<3; NK 5<200; one donor 60% of cells,1.0,0.0,,False,1.0,0.0,,False,1.0,0.0,,False,0.0,0.0,,True,0.3333333333333333,0.33333333333333337,,False
uniform,mesenteric lymph node,10x 5' v2,3,241,0.8215767634854771,4673.0,0.7,1.5216300951951731,one donor 82% of cells,0.8181818181818182,0.06161616161616168,0.7931034482758621,False,0.8383838383838383,0.024242424242424176,0.8275862068965517,False,0.7626262626262627,0.0818181818181819,0.7142857142857143,False,0.5656565656565656,0.3242424242424242,0.6974789915966386,False,0.6313131313131313,0.24848484848484853,0.7142857142857143,False
uniform,spleen,10x 5' v2,4,410,0.424390243902439,3976.5,0.4925129178530001,1.9459580313337175,,0.7270154206519617,0.117249246131375,0.723901098901099,False,0.813031914893617,0.10112675033262208,0.7632211538461539,False,0.7642287234042553,0.025120238960648522,0.7225274725274725,False,0.5152298850574712,0.14586356660631233,0.75,False,0.5367097701149426,0.25956275199068435,0.7120535714285714,False
uniform,thoracic lymph node,10x 5' v2,4,39,0.3333333333333333,4504.25,0.625,1.5299302296766943,NK 39<200,0.5804195804195804,0.2191142191142192,0.6696428571428572,False,0.7803030303030303,0.12441724941724941,0.7410714285714286,False,0.6666666666666666,0.03321678321678323,0.5357142857142857,False,0.8776223776223777,0.10970279720279719,0.9285714285714286,False,0.7628205128205128,0.1663752913752914,0.7857142857142857,False
