labelling,tissue,assay,donor,n_nk,n_bright,n_unclass,median_umi,bright_frac,stress,CCL3,CCL3_bright,CCL4,CCL4_bright,CCL5,CCL5_bright,XCL1,XCL1_bright,XCL2,XCL2_bright
original,jejunum lamina propria,10x 3' v3,D496,22,1,0,4781.5,0.045454545454545456,0.7195733653166416,0.6363636363636364,0.0,0.6818181818181818,0.0,0.9090909090909091,1.0,0.13636363636363635,0.0,0.3181818181818182,0.0
original,jejunum lamina propria,10x 3' v3,D503,50,34,0,4041.5,0.68,2.084880871246934,0.6,0.5,0.84,0.7941176470588235,0.72,0.6764705882352942,0.46,0.5882352941176471,0.56,0.6470588235294118
original,jejunum lamina propria,10x 5' v2,582C,12,7,0,3397.5,0.5833333333333334,1.6253868121906372,0.5,0.2857142857142857,0.75,0.5714285714285714,0.5833333333333334,0.42857142857142855,0.75,0.8571428571428571,0.8333333333333334,0.8571428571428571
original,jejunum lamina propria,10x 5' v2,637C,4,2,0,2835.0,0.5,0.8771260061815529,0.5,0.5,0.25,0.0,0.25,0.0,0.5,1.0,0.75,1.0
original,jejunum lamina propria,10x 5' v2,640C,55,28,0,4529.0,0.509090909090909,3.254163785811763,0.6,0.6428571428571429,0.8181818181818182,0.8571428571428571,0.9090909090909091,0.8571428571428571,0.45454545454545453,0.7857142857142857,0.4727272727272727,0.8571428571428571
original,blood,10x 3' v3,D496,950,11,0,4094.5,0.011578947368421053,1.114168527426824,0.30526315789473685,0.36363636363636365,0.6736842105263158,0.18181818181818182,0.8852631578947369,0.8181818181818182,0.02631578947368421,0.18181818181818182,0.18736842105263157,0.36363636363636365
original,blood,10x 3' v3,D503,2561,389,0,3633.0,0.15189379148770013,1.3129754745215945,0.6556032799687622,0.19023136246786632,0.7313549394767669,0.2802056555269923,0.6852791878172588,0.38303341902313626,0.2951971885982038,0.8997429305912596,0.552909019914096,0.8097686375321337
original,blood,10x 5' v1,A35,81,9,0,3903.0,0.1111111111111111,0.523657784786817,0.25925925925925924,0.1111111111111111,0.7283950617283951,0.4444444444444444,0.9382716049382716,0.7777777777777778,0.37037037037037035,1.0,0.13580246913580246,0.3333333333333333
original,blood,10x 5' v1,A36,125,15,0,5019.0,0.12,0.615575991539399,0.152,0.06666666666666667,0.672,0.4,0.896,0.8,0.128,0.8,0.4,1.0
original,blood,10x 5' v2,621B,4,1,0,3679.5,0.25,0.8767578800658093,0.5,0.0,1.0,1.0,1.0,1.0,0.5,1.0,0.5,1.0
original,blood,10x 5' v2,637C,263,20,0,4382.0,0.07604562737642585,1.4275013310420717,0.8250950570342205,0.7,0.8631178707224335,0.6,0.8517110266159695,0.7,0.18631178707224336,0.8,0.3688212927756654,0.85
original,jejunal epithelium,10x 3' v3,D496,4,3,0,3826.5,0.75,0.9323709415514578,0.0,0.0,1.0,1.0,1.0,1.0,0.5,0.6666666666666666,0.5,0.6666666666666666
original,jejunal epithelium,10x 3' v3,D503,56,40,0,3935.5,0.7142857142857143,2.156091611050251,0.5892857142857143,0.625,0.8928571428571429,0.875,0.7321428571428571,0.725,0.5,0.625,0.6607142857142857,0.725
original,jejunal epithelium,10x 5' v2,582C,26,26,0,2829.0,1.0,1.3727601789000963,0.23076923076923078,0.23076923076923078,0.34615384615384615,0.34615384615384615,0.46153846153846156,0.46153846153846156,0.9230769230769231,0.9230769230769231,0.9230769230769231,0.9230769230769231
original,jejunal epithelium,10x 5' v2,637C,5,5,0,2947.0,1.0,1.5903527891332048,0.6,0.6,0.6,0.6,1.0,1.0,0.8,0.8,0.8,0.8
original,jejunal epithelium,10x 5' v2,640C,35,25,0,4163.0,0.7142857142857143,2.8666061836672707,0.6857142857142857,0.72,0.8857142857142857,0.88,0.9142857142857143,0.88,0.6857142857142857,0.84,0.5428571428571428,0.72
original,skeletal muscle tissue,10x 5' v1,A29,2,0,0,4319.5,0.0,0.8511833876047069,0.5,,1.0,,1.0,,1.0,,0.5,
original,skeletal muscle tissue,10x 5' v1,A35,127,14,0,5232.0,0.11023622047244094,1.331422187003816,0.6535433070866141,0.7142857142857143,0.952755905511811,0.9285714285714286,0.8976377952755905,0.7142857142857143,0.5984251968503937,1.0,0.2992125984251969,0.7142857142857143
original,skeletal muscle tissue,10x 5' v1,A37,5,0,0,4503.0,0.0,1.0146697254772872,0.6,,1.0,,0.8,,0.2,,0.6,
original,caecum,10x 5' v1,A29,2,1,0,5145.5,0.5,2.887111925630573,1.0,1.0,0.5,0.0,0.5,1.0,1.0,1.0,1.0,1.0
original,transverse colon,10x 5' v1,A29,4,3,0,4185.5,0.75,2.2813043756543125,0.5,0.3333333333333333,0.75,0.6666666666666666,0.75,0.6666666666666666,0.75,1.0,0.75,1.0
original,sigmoid colon,10x 5' v1,A29,1,0,0,4983.0,0.0,3.003106671528441,0.0,,1.0,,1.0,,0.0,,0.0,
original,lung,10x 3' v3,D496,808,11,0,4192.0,0.013613861386138614,1.128254778899293,0.8044554455445545,0.9090909090909091,0.9356435643564357,0.7272727272727273,0.8551980198019802,0.7272727272727273,0.11386138613861387,0.45454545454545453,0.35396039603960394,0.7272727272727273
original,lung,10x 3' v3,D503,2072,417,0,4010.0,0.20125482625482624,1.5305365070839698,0.750965250965251,0.5467625899280576,0.8875482625482626,0.7338129496402878,0.7046332046332047,0.5371702637889688,0.27606177606177607,0.750599520383693,0.5135135135135135,0.8249400479616307
original,lung,10x 5' v1,A29,125,9,0,4674.0,0.072,1.3163635800032054,0.752,0.6666666666666666,0.984,0.8888888888888888,0.904,0.7777777777777778,0.68,1.0,0.48,0.6666666666666666
original,lung,10x 5' v1,A31,18,0,0,2664.0,0.0,1.6335616384205824,0.6666666666666666,,0.8888888888888888,,0.8888888888888888,,0.6111111111111112,,0.05555555555555555,
original,lung,10x 5' v1,A35,6,1,0,2805.0,0.16666666666666666,2.2306912417808182,0.6666666666666666,1.0,0.8333333333333334,1.0,0.6666666666666666,1.0,0.5,1.0,0.16666666666666666,0.0
original,lung,10x 5' v1,A36,51,10,0,4662.0,0.19607843137254902,1.0995147760876558,0.45098039215686275,0.6,0.8431372549019608,0.7,0.7843137254901961,0.6,0.23529411764705882,0.8,0.4117647058823529,0.9
original,lung,10x 5' v1,A37,8,5,0,2512.0,0.625,2.2550926881270206,0.375,0.2,0.875,1.0,0.875,0.8,0.625,0.8,0.75,1.0
original,lung,10x 5' v1,A52,116,4,0,3758.0,0.034482758620689655,1.852133734798376,0.7241379310344828,0.25,0.9396551724137931,0.25,0.8189655172413793,0.5,0.33620689655172414,1.0,0.7758620689655172,0.75
original,lung,10x 5' v2,637C,19,3,0,5155.0,0.15789473684210525,1.7202333399286294,0.7894736842105263,0.6666666666666666,0.8947368421052632,1.0,0.9473684210526315,1.0,0.10526315789473684,0.6666666666666666,0.47368421052631576,1.0
original,lung,10x 5' v2,640C,10,2,0,4549.5,0.2,1.8859711015957772,0.8,0.5,0.8,0.0,0.9,0.5,0.2,0.5,0.2,0.5
original,spleen,10x 3' v3,D496,1459,136,0,4347.0,0.0932145305003427,1.4458238832024366,0.6052090472926662,0.6691176470588235,0.9163810829335161,0.875,0.8588074023303632,0.7794117647058824,0.08361891706648389,0.5955882352941176,0.25017135023989034,0.7794117647058824
original,spleen,10x 3' v3,D503,3639,2018,0,4148.0,0.5545479527342676,1.8614597960543582,0.6237977466336906,0.6635282457879088,0.8004946413849959,0.744796828543112,0.6210497389392691,0.5445986124876115,0.38307227260236326,0.6313181367690783,0.5103050288540808,0.7125867195242814
original,spleen,10x 5' v1,A29,136,72,0,6078.5,0.5294117647058824,2.2680024518543243,0.6911764705882353,0.7222222222222222,0.8897058823529411,0.8194444444444444,0.7573529411764706,0.6805555555555556,0.8529411764705882,1.0,0.6691176470588235,0.8888888888888888
original,spleen,10x 5' v1,A31,64,57,0,5773.5,0.890625,2.4912870571898003,0.765625,0.7894736842105263,0.875,0.8596491228070176,0.703125,0.7017543859649122,0.96875,0.9824561403508771,0.71875,0.7719298245614035
original,spleen,10x 5' v1,A35,206,121,0,5326.5,0.587378640776699,3.396658396066234,0.7281553398058253,0.859504132231405,0.9271844660194175,0.9008264462809917,0.8883495145631068,0.8512396694214877,0.7669902912621359,0.9090909090909091,0.5679611650485437,0.7272727272727273
original,spleen,10x 5' v1,A36,479,390,0,4939.0,0.81419624217119,3.0540238498741634,0.8079331941544885,0.8564102564102564,0.918580375782881,0.9230769230769231,0.8288100208768268,0.823076923076923,0.6179540709812108,0.7410256410256411,0.7411273486430062,0.8384615384615385
original,spleen,10x 5' v1,A37,345,159,0,3261.0,0.4608695652173913,1.3889029137791076,0.7246376811594203,0.7295597484276729,0.8782608695652174,0.8867924528301887,0.8927536231884058,0.8490566037735849,0.4260869565217391,0.7987421383647799,0.6869565217391305,0.9245283018867925
original,spleen,10x 5' v1,A52,131,26,0,3566.0,0.1984732824427481,1.321201297997207,0.5190839694656488,0.6538461538461539,0.7633587786259542,0.6923076923076923,0.7709923664122137,0.6923076923076923,0.21374045801526717,0.6153846153846154,0.5267175572519084,0.6153846153846154
original,spleen,10x 5' v2,582C,447,290,0,3411.0,0.6487695749440716,1.839895473516203,0.6062639821029083,0.6689655172413793,0.7404921700223713,0.6793103448275862,0.7337807606263982,0.7275862068965517,0.5525727069351231,0.7344827586206897,0.6085011185682326,0.7689655172413793
original,spleen,10x 5' v2,621B,320,163,0,3627.5,0.509375,2.296825679723421,0.725,0.7423312883435583,0.821875,0.7975460122699386,0.765625,0.754601226993865,0.359375,0.6319018404907976,0.340625,0.5460122699386503
original,spleen,10x 5' v2,637C,638,338,0,4788.0,0.5297805642633229,1.6236356691244969,0.799373040752351,0.8017751479289941,0.8557993730407524,0.8017751479289941,0.8213166144200627,0.7544378698224852,0.4843260188087774,0.8106508875739645,0.5783699059561128,0.849112426035503
original,spleen,10x 5' v2,640C,346,121,0,4452.0,0.34971098265895956,3.271774511686342,0.5,0.4628099173553719,0.7109826589595376,0.5371900826446281,0.815028901734104,0.6446280991735537,0.36416184971098264,0.8760330578512396,0.3670520231213873,0.8016528925619835
original,liver,10x 5' v1,A29,64,38,0,4436.5,0.59375,2.270131736557538,0.78125,0.9210526315789473,0.875,0.9736842105263158,0.75,0.7368421052631579,0.796875,0.9473684210526315,0.71875,0.868421052631579
original,liver,10x 5' v1,A31,141,81,0,3380.0,0.574468085106383,2.152979449578895,0.75177304964539,0.8765432098765432,0.8652482269503546,0.8888888888888888,0.8014184397163121,0.7530864197530864,0.723404255319149,0.9012345679012346,0.3546099290780142,0.41975308641975306
original,liver,10x 5' v1,A35,63,35,0,5352.0,0.5555555555555556,2.738335990389879,0.8095238095238095,0.8285714285714286,0.9682539682539683,0.9714285714285714,0.9206349206349206,0.9428571428571428,0.7777777777777778,0.9714285714285714,0.4126984126984127,0.5428571428571428
original,liver,10x 5' v1,A36,609,447,0,1209.0,0.7339901477832512,1.5157034659794808,0.7931034482758621,0.8523489932885906,0.7799671592775042,0.7472035794183445,0.6666666666666666,0.6532438478747203,0.4614121510673235,0.5906040268456376,0.5073891625615764,0.5838926174496645
original,liver,10x 5' v1,A52,638,389,0,4873.0,0.609717868338558,2.07525984547918,0.7586206896551724,0.8663239074550129,0.8808777429467085,0.8894601542416453,0.7899686520376176,0.7712082262210797,0.603448275862069,0.8560411311053985,0.7899686520376176,0.8791773778920309
original,liver,10x 5' v2,637C,955,454,0,4743.0,0.47539267015706804,1.5319668511256048,0.8104712041884817,0.8237885462555066,0.8544502617801047,0.8105726872246696,0.8586387434554974,0.8127753303964758,0.4617801047120419,0.8281938325991189,0.5403141361256545,0.8281938325991189
original,liver,10x 5' v2,640C,1117,261,0,4543.0,0.23366159355416294,2.7247863022920997,0.7278424350940018,0.685823754789272,0.8710832587287377,0.8160919540229885,0.8504923903312444,0.6819923371647509,0.3455684870188004,0.8697318007662835,0.3106535362578335,0.7318007662835249
original,duodenum,10x 5' v1,A31,4,3,0,5340.5,0.75,3.916936034690139,0.5,0.6666666666666666,0.75,0.6666666666666666,1.0,1.0,0.5,0.3333333333333333,0.25,0.0
original,duodenum,10x 5' v1,A37,1,0,0,3041.0,0.0,1.8522263084291726,1.0,,1.0,,1.0,,0.0,,0.0,
original,ileum,10x 5' v1,A36,1,1,0,3902.0,1.0,3.6995907300742954,1.0,1.0,1.0,1.0,1.0,1.0,1.0,1.0,1.0,1.0
original,thymus,10x 5' v1,A31,2,0,0,5870.0,0.0,0.9769119639211494,0.5,,0.5,,1.0,,0.5,,0.0,
original,bone marrow,10x 3' v3,D496,1884,7,0,4386.5,0.0037154989384288748,1.5716285408259576,0.7595541401273885,0.5714285714285714,0.9676220806794055,0.8571428571428571,0.8842887473460722,1.0,0.08333333333333333,0.2857142857142857,0.3471337579617834,1.0
original,bone marrow,10x 3' v3,D503,4988,623,0,4167.0,0.12489975942261428,1.5541618387760543,0.7107056936647955,0.43659711075441415,0.9065757818765036,0.6067415730337079,0.7004811547714515,0.5152487961476726,0.22373696872493987,0.7945425361155698,0.506214915797915,0.8250401284109149
original,bone marrow,10x 5' v1,A29,185,10,0,3218.0,0.05405405405405406,0.6757280802540098,0.4810810810810811,0.6,0.8432432432432433,0.7,0.8378378378378378,0.5,0.4540540540540541,0.7,0.34594594594594597,0.3
original,bone marrow,10x 5' v1,A31,19,1,0,4814.0,0.05263157894736842,1.6733068374629985,0.8421052631578947,1.0,1.0,1.0,0.7368421052631579,1.0,0.3157894736842105,1.0,0.05263157894736842,0.0
original,bone marrow,10x 5' v1,A35,159,18,0,5378.0,0.11320754716981132,1.212909246358372,0.8679245283018868,0.8333333333333334,0.9811320754716981,0.9444444444444444,0.9182389937106918,0.8888888888888888,0.6981132075471698,0.9444444444444444,0.37735849056603776,0.6666666666666666
original,bone marrow,10x 5' v1,A36,74,10,0,4302.0,0.13513513513513514,1.3705135808707436,0.6216216216216216,0.6,0.8108108108108109,0.6,0.7702702702702703,0.9,0.20270270270270271,0.8,0.3783783783783784,0.5
original,bone marrow,10x 5' v1,A37,164,21,0,3681.5,0.12804878048780488,1.1727869243863387,0.8170731707317073,0.7142857142857143,0.9024390243902439,0.9047619047619048,0.926829268292683,0.8095238095238095,0.18902439024390244,0.7619047619047619,0.6646341463414634,1.0
original,bone marrow,10x 5' v2,621B,33,7,0,3441.0,0.21212121212121213,1.280471281003187,0.6363636363636364,0.2857142857142857,0.8484848484848485,0.7142857142857143,0.7878787878787878,0.8571428571428571,0.30303030303030304,0.8571428571428571,0.5454545454545454,0.8571428571428571
original,bone marrow,10x 5' v2,637C,384,97,0,4811.5,0.2526041666666667,1.707079113749755,0.734375,0.7938144329896907,0.84375,0.7216494845360825,0.8645833333333334,0.8041237113402062,0.2786458333333333,0.7010309278350515,0.4401041666666667,0.7422680412371134
original,bone marrow,10x 5' v2,640C,336,38,0,4549.0,0.1130952380952381,2.6959900603059688,0.6160714285714286,0.42105263157894735,0.8214285714285714,0.6578947368421053,0.8898809523809523,0.5526315789473685,0.25595238095238093,0.7894736842105263,0.2619047619047619,0.8157894736842105
original,mesenteric lymph node,10x 5' v1,A29,5,5,0,3709.0,1.0,1.591655775111779,0.8,0.8,0.8,0.8,0.8,0.8,1.0,1.0,0.6,0.6
original,mesenteric lymph node,10x 5' v1,A31,8,7,0,7351.5,0.875,1.5141506041091186,1.0,1.0,1.0,1.0,1.0,1.0,0.75,0.8571428571428571,0.375,0.42857142857142855
original,mesenteric lymph node,10x 5' v1,A35,14,14,0,5050.5,1.0,2.4789837017473957,0.6428571428571429,0.6428571428571429,0.7142857142857143,0.7142857142857143,0.6428571428571429,0.6428571428571429,0.8571428571428571,0.8571428571428571,0.7857142857142857,0.7857142857142857
original,mesenteric lymph node,10x 5' v1,A36,11,11,0,5051.0,1.0,2.458010753267123,0.7272727272727273,0.7272727272727273,0.8181818181818182,0.8181818181818182,0.7272727272727273,0.7272727272727273,0.5454545454545454,0.5454545454545454,0.7272727272727273,0.7272727272727273
original,mesenteric lymph node,10x 5' v1,A37,3,3,0,4728.0,1.0,1.5918681137385589,0.3333333333333333,0.3333333333333333,0.6666666666666666,0.6666666666666666,1.0,1.0,0.6666666666666666,0.6666666666666666,1.0,1.0
original,mesenteric lymph node,10x 5' v2,621B,50,36,0,2777.5,0.72,1.789281811101312,0.62,0.5833333333333334,0.54,0.5,0.74,0.8055555555555556,0.3,0.4166666666666667,0.32,0.4166666666666667
original,mesenteric lymph node,10x 5' v2,637C,794,449,0,4519.0,0.5654911838790933,1.5126752213718941,0.7707808564231738,0.7438752783964365,0.8261964735516373,0.7572383073496659,0.7758186397984886,0.7104677060133631,0.48488664987405544,0.7260579064587973,0.5491183879093199,0.7171492204899778
original,mesenteric lymph node,10x 5' v2,640C,106,102,0,4895.5,0.9622641509433962,1.9733726461180576,0.5849056603773585,0.5980392156862745,0.6509433962264151,0.6470588235294118,0.6226415094339622,0.6176470588235294,0.839622641509434,0.8431372549019608,0.7358490566037735,0.7450980392156863
original,omentum,10x 5' v1,A31,1,0,0,3217.0,0.0,0.47101821050626014,0.0,,1.0,,1.0,,1.0,,0.0,
original,omentum,10x 5' v1,A35,11,2,0,2430.0,0.18181818181818182,1.609876263561811,0.8181818181818182,0.5,0.8181818181818182,0.5,0.5454545454545454,1.0,0.2727272727272727,1.0,0.18181818181818182,0.5
original,omentum,10x 5' v1,A36,18,4,0,5621.0,0.2222222222222222,1.5937821798563228,0.6666666666666666,0.75,0.9444444444444444,1.0,1.0,1.0,0.3333333333333333,1.0,0.5555555555555556,1.0
original,omentum,10x 5' v1,A37,3,1,0,3436.0,0.3333333333333333,1.3343980451332575,0.6666666666666666,1.0,1.0,1.0,1.0,1.0,0.3333333333333333,1.0,0.3333333333333333,0.0
original,thoracic lymph node,10x 3' v3,D496,37,18,0,4500.0,0.4864864864864865,1.2522498751351625,0.5945945945945946,0.4444444444444444,0.7837837837837838,0.7777777777777778,0.8108108108108109,0.7222222222222222,0.43243243243243246,0.7222222222222222,0.5675675675675675,0.7777777777777778
original,thoracic lymph node,10x 3' v3,D503,340,325,0,4302.5,0.9558823529411765,2.2504929075948064,0.7470588235294118,0.7415384615384616,0.8117647058823529,0.8092307692307692,0.6852941176470588,0.68,0.7,0.7230769230769231,0.7441176470588236,0.7630769230769231
original,thoracic lymph node,10x 5' v1,A29,49,45,0,4320.0,0.9183673469387755,2.570166784841446,0.5918367346938775,0.5777777777777777,0.6122448979591837,0.5777777777777777,0.6938775510204082,0.6888888888888889,0.9387755102040817,0.9555555555555556,0.6326530612244898,0.6444444444444445
original,thoracic lymph node,10x 5' v1,A31,9,9,0,2812.0,1.0,2.6051904466974656,0.4444444444444444,0.4444444444444444,0.7777777777777778,0.7777777777777778,0.4444444444444444,0.4444444444444444,1.0,1.0,0.5555555555555556,0.5555555555555556
original,thoracic lymph node,10x 5' v1,A35,60,59,0,4684.0,0.9833333333333333,2.818588832657419,0.7333333333333333,0.7288135593220338,0.75,0.7457627118644068,0.7666666666666667,0.7627118644067796,0.8666666666666667,0.8813559322033898,0.8166666666666667,0.8305084745762712
original,thoracic lymph node,10x 5' v1,A36,100,98,0,4200.5,0.98,2.731439896681103,0.49,0.47959183673469385,0.55,0.5408163265306123,0.78,0.7755102040816326,0.77,0.7755102040816326,0.73,0.7346938775510204
original,thoracic lymph node,10x 5' v1,A37,37,35,0,5116.0,0.9459459459459459,2.2682865091986484,0.7297297297297297,0.7428571428571429,0.918918918918919,0.9142857142857143,0.8108108108108109,0.8,0.8918918918918919,0.9428571428571428,0.918918918918919,0.9142857142857143
original,thoracic lymph node,10x 5' v1,A52,2,2,0,1866.0,1.0,1.6601154124915263,1.0,1.0,1.0,1.0,1.0,1.0,0.5,0.5,1.0,1.0
original,thoracic lymph node,10x 5' v2,582C,41,38,0,3616.0,0.926829268292683,1.5776622914432066,0.7317073170731707,0.7631578947368421,0.7073170731707317,0.7105263157894737,0.6585365853658537,0.6842105263157895,0.8536585365853658,0.8947368421052632,0.8780487804878049,0.9210526315789473
original,thoracic lymph node,10x 5' v2,621B,9,6,0,3664.0,0.6666666666666666,1.4620064516708062,0.6666666666666666,0.8333333333333334,0.8888888888888888,0.8333333333333334,0.7777777777777778,0.8333333333333334,0.4444444444444444,0.6666666666666666,0.5555555555555556,0.8333333333333334
original,thoracic lymph node,10x 5' v2,637C,58,40,0,4407.0,0.6896551724137931,1.950339648121364,0.6896551724137931,0.65,0.7586206896551724,0.7,0.8448275862068966,0.825,0.6379310344827587,0.825,0.6206896551724138,0.75
original,thoracic lymph node,10x 5' v2,640C,69,65,0,5891.0,0.9420289855072463,2.962333079906481,0.30434782608695654,0.27692307692307694,0.30434782608695654,0.27692307692307694,0.6086956521739131,0.6153846153846154,0.8695652173913043,0.8923076923076924,0.7971014492753623,0.8153846153846154
clean_strict,jejunum lamina propria,10x 3' v3,D496,22,0,8,4781.5,0.0,0.7195733653166416,0.6363636363636364,,0.6818181818181818,,0.9090909090909091,,0.13636363636363635,,0.3181818181818182,
clean_strict,jejunum lamina propria,10x 3' v3,D503,50,14,22,4041.5,0.28,2.084880871246934,0.6,0.7142857142857143,0.84,0.8571428571428571,0.72,0.5714285714285714,0.46,0.6428571428571429,0.56,0.5714285714285714
clean_strict,jejunum lamina propria,10x 5' v2,582C,12,3,4,3397.5,0.25,1.6253868121906372,0.5,0.3333333333333333,0.75,0.6666666666666666,0.5833333333333334,0.3333333333333333,0.75,1.0,0.8333333333333334,0.6666666666666666
clean_strict,jejunum lamina propria,10x 5' v2,637C,4,1,2,2835.0,0.25,0.8771260061815529,0.5,0.0,0.25,0.0,0.25,0.0,0.5,1.0,0.75,1.0
clean_strict,jejunum lamina propria,10x 5' v2,640C,55,14,13,4529.0,0.2545454545454545,3.254163785811763,0.6,0.6428571428571429,0.8181818181818182,0.8571428571428571,0.9090909090909091,0.7857142857142857,0.45454545454545453,0.7857142857142857,0.4727272727272727,0.7142857142857143
clean_strict,blood,10x 3' v3,D496,950,40,228,4094.5,0.042105263157894736,1.114168527426824,0.30526315789473685,0.35,0.6736842105263158,0.65,0.8852631578947369,0.825,0.02631578947368421,0.025,0.18736842105263157,0.225
clean_strict,blood,10x 3' v3,D503,2561,180,1142,3633.0,0.07028504490433425,1.3129754745215945,0.6556032799687622,0.32222222222222224,0.7313549394767669,0.4666666666666667,0.6852791878172588,0.5166666666666667,0.2951971885982038,0.6166666666666667,0.552909019914096,0.6944444444444444
clean_strict,blood,10x 5' v1,A35,81,2,7,3903.0,0.024691358024691357,0.523657784786817,0.25925925925925924,0.0,0.7283950617283951,0.5,0.9382716049382716,1.0,0.37037037037037035,1.0,0.13580246913580246,1.0
clean_strict,blood,10x 5' v1,A36,125,12,6,5019.0,0.096,0.615575991539399,0.152,0.08333333333333333,0.672,0.25,0.896,0.6666666666666666,0.128,0.6666666666666666,0.4,0.6666666666666666
clean_strict,blood,10x 5' v2,621B,4,1,0,3679.5,0.25,0.8767578800658093,0.5,0.0,1.0,1.0,1.0,1.0,0.5,1.0,0.5,1.0
clean_strict,blood,10x 5' v2,637C,263,14,54,4382.0,0.053231939163498096,1.4275013310420717,0.8250950570342205,0.7857142857142857,0.8631178707224335,0.7142857142857143,0.8517110266159695,0.9285714285714286,0.18631178707224336,0.5,0.3688212927756654,0.5714285714285714
clean_strict,jejunal epithelium,10x 3' v3,D496,4,1,3,3826.5,0.25,0.9323709415514578,0.0,0.0,1.0,1.0,1.0,1.0,0.5,1.0,0.5,0.0
clean_strict,jejunal epithelium,10x 3' v3,D503,56,11,29,3935.5,0.19642857142857142,2.156091611050251,0.5892857142857143,0.6363636363636364,0.8928571428571429,0.8181818181818182,0.7321428571428571,0.7272727272727273,0.5,0.5454545454545454,0.6607142857142857,0.7272727272727273
clean_strict,jejunal epithelium,10x 5' v2,582C,26,11,12,2829.0,0.4230769230769231,1.3727601789000963,0.23076923076923078,0.2727272727272727,0.34615384615384615,0.36363636363636365,0.46153846153846156,0.5454545454545454,0.9230769230769231,0.8181818181818182,0.9230769230769231,0.9090909090909091
clean_strict,jejunal epithelium,10x 5' v2,637C,5,1,3,2947.0,0.2,1.5903527891332048,0.6,0.0,0.6,0.0,1.0,1.0,0.8,1.0,0.8,1.0
clean_strict,jejunal epithelium,10x 5' v2,640C,35,9,17,4163.0,0.2571428571428571,2.8666061836672707,0.6857142857142857,0.6666666666666666,0.8857142857142857,1.0,0.9142857142857143,0.8888888888888888,0.6857142857142857,1.0,0.5428571428571428,0.8888888888888888
clean_strict,skeletal muscle tissue,10x 5' v1,A29,2,0,0,4319.5,0.0,0.8511833876047069,0.5,,1.0,,1.0,,1.0,,0.5,
clean_strict,skeletal muscle tissue,10x 5' v1,A35,127,8,7,5232.0,0.06299212598425197,1.331422187003816,0.6535433070866141,0.75,0.952755905511811,0.875,0.8976377952755905,0.875,0.5984251968503937,0.875,0.2992125984251969,0.625
clean_strict,skeletal muscle tissue,10x 5' v1,A37,5,0,0,4503.0,0.0,1.0146697254772872,0.6,,1.0,,0.8,,0.2,,0.6,
clean_strict,caecum,10x 5' v1,A29,2,0,0,5145.5,0.0,2.887111925630573,1.0,,0.5,,0.5,,1.0,,1.0,
clean_strict,transverse colon,10x 5' v1,A29,4,1,1,4185.5,0.25,2.2813043756543125,0.5,0.0,0.75,0.0,0.75,0.0,0.75,1.0,0.75,1.0
clean_strict,sigmoid colon,10x 5' v1,A29,1,0,0,4983.0,0.0,3.003106671528441,0.0,,1.0,,1.0,,0.0,,0.0,
clean_strict,lung,10x 3' v3,D496,808,27,140,4192.0,0.03341584158415842,1.128254778899293,0.8044554455445545,0.8148148148148148,0.9356435643564357,0.9259259259259259,0.8551980198019802,0.8518518518518519,0.11386138613861387,0.2222222222222222,0.35396039603960394,0.3333333333333333
clean_strict,lung,10x 3' v3,D503,2072,157,571,4010.0,0.07577220077220077,1.5305365070839698,0.750965250965251,0.4968152866242038,0.8875482625482626,0.7452229299363057,0.7046332046332047,0.5095541401273885,0.27606177606177607,0.5987261146496815,0.5135135135135135,0.7388535031847133
clean_strict,lung,10x 5' v1,A29,125,4,14,4674.0,0.032,1.3163635800032054,0.752,0.25,0.984,1.0,0.904,0.75,0.68,0.75,0.48,0.5
clean_strict,lung,10x 5' v1,A31,18,0,2,2664.0,0.0,1.6335616384205824,0.6666666666666666,,0.8888888888888888,,0.8888888888888888,,0.6111111111111112,,0.05555555555555555,
clean_strict,lung,10x 5' v1,A35,6,1,2,2805.0,0.16666666666666666,2.2306912417808182,0.6666666666666666,0.0,0.8333333333333334,1.0,0.6666666666666666,0.0,0.5,0.0,0.16666666666666666,0.0
clean_strict,lung,10x 5' v1,A36,51,2,14,4662.0,0.0392156862745098,1.0995147760876558,0.45098039215686275,0.5,0.8431372549019608,1.0,0.7843137254901961,0.5,0.23529411764705882,1.0,0.4117647058823529,1.0
clean_strict,lung,10x 5' v1,A37,8,1,4,2512.0,0.125,2.2550926881270206,0.375,0.0,0.875,1.0,0.875,0.0,0.625,0.0,0.75,1.0
clean_strict,lung,10x 5' v1,A52,116,1,5,3758.0,0.008620689655172414,1.852133734798376,0.7241379310344828,0.0,0.9396551724137931,0.0,0.8189655172413793,0.0,0.33620689655172414,1.0,0.7758620689655172,1.0
clean_strict,lung,10x 5' v2,637C,19,0,3,5155.0,0.0,1.7202333399286294,0.7894736842105263,,0.8947368421052632,,0.9473684210526315,,0.10526315789473684,,0.47368421052631576,
clean_strict,lung,10x 5' v2,640C,10,0,2,4549.5,0.0,1.8859711015957772,0.8,,0.8,,0.9,,0.2,,0.2,
clean_strict,spleen,10x 3' v3,D496,1459,61,168,4347.0,0.041809458533241944,1.4458238832024366,0.6052090472926662,0.639344262295082,0.9163810829335161,0.8852459016393442,0.8588074023303632,0.8360655737704918,0.08361891706648389,0.45901639344262296,0.25017135023989034,0.6065573770491803
clean_strict,spleen,10x 3' v3,D503,3639,786,1241,4148.0,0.2159934047815334,1.8614597960543582,0.6237977466336906,0.5585241730279898,0.8004946413849959,0.688295165394402,0.6210497389392691,0.5368956743002544,0.38307227260236326,0.6704834605597965,0.5103050288540808,0.7709923664122137
clean_strict,spleen,10x 5' v1,A29,136,26,28,6078.5,0.19117647058823528,2.2680024518543243,0.6911764705882353,0.7307692307692307,0.8897058823529411,0.8461538461538461,0.7573529411764706,0.7692307692307693,0.8529411764705882,1.0,0.6691176470588235,0.9615384615384616
clean_strict,spleen,10x 5' v1,A31,64,27,25,5773.5,0.421875,2.4912870571898003,0.765625,0.8148148148148148,0.875,0.8888888888888888,0.703125,0.7037037037037037,0.96875,1.0,0.71875,0.8888888888888888
clean_strict,spleen,10x 5' v1,A35,206,30,46,5326.5,0.14563106796116504,3.396658396066234,0.7281553398058253,0.8333333333333334,0.9271844660194175,0.8666666666666667,0.8883495145631068,0.8,0.7669902912621359,0.9,0.5679611650485437,0.7333333333333333
clean_strict,spleen,10x 5' v1,A36,479,145,183,4939.0,0.302713987473904,3.0540238498741634,0.8079331941544885,0.8620689655172413,0.918580375782881,0.9103448275862069,0.8288100208768268,0.8344827586206897,0.6179540709812108,0.7724137931034483,0.7411273486430062,0.7931034482758621
clean_strict,spleen,10x 5' v1,A37,345,35,112,3261.0,0.10144927536231885,1.3889029137791076,0.7246376811594203,0.7714285714285715,0.8782608695652174,0.8571428571428571,0.8927536231884058,0.8285714285714286,0.4260869565217391,0.7142857142857143,0.6869565217391305,0.8285714285714286
clean_strict,spleen,10x 5' v1,A52,131,13,31,3566.0,0.09923664122137404,1.321201297997207,0.5190839694656488,0.5384615384615384,0.7633587786259542,0.5384615384615384,0.7709923664122137,0.6923076923076923,0.21374045801526717,0.3076923076923077,0.5267175572519084,0.38461538461538464
clean_strict,spleen,10x 5' v2,582C,447,84,135,3411.0,0.18791946308724833,1.839895473516203,0.6062639821029083,0.6428571428571429,0.7404921700223713,0.5952380952380952,0.7337807606263982,0.7619047619047619,0.5525727069351231,0.7976190476190477,0.6085011185682326,0.7976190476190477
clean_strict,spleen,10x 5' v2,621B,320,46,120,3627.5,0.14375,2.296825679723421,0.725,0.8260869565217391,0.821875,0.8043478260869565,0.765625,0.7391304347826086,0.359375,0.5652173913043478,0.340625,0.6739130434782609
clean_strict,spleen,10x 5' v2,637C,638,115,169,4788.0,0.18025078369905956,1.6236356691244969,0.799373040752351,0.7913043478260869,0.8557993730407524,0.8260869565217391,0.8213166144200627,0.7391304347826086,0.4843260188087774,0.808695652173913,0.5783699059561128,0.8434782608695652
clean_strict,spleen,10x 5' v2,640C,346,59,58,4452.0,0.17052023121387283,3.271774511686342,0.5,0.559322033898305,0.7109826589595376,0.576271186440678,0.815028901734104,0.6440677966101694,0.36416184971098264,0.8305084745762712,0.3670520231213873,0.7627118644067796
clean_strict,liver,10x 5' v1,A29,64,11,15,4436.5,0.171875,2.270131736557538,0.78125,1.0,0.875,1.0,0.75,0.7272727272727273,0.796875,1.0,0.71875,1.0
clean_strict,liver,10x 5' v1,A31,141,27,57,3380.0,0.19148936170212766,2.152979449578895,0.75177304964539,0.7407407407407407,0.8652482269503546,0.9259259259259259,0.8014184397163121,0.8148148148148148,0.723404255319149,0.8888888888888888,0.3546099290780142,0.3333333333333333
clean_strict,liver,10x 5' v1,A35,63,10,13,5352.0,0.15873015873015872,2.738335990389879,0.8095238095238095,0.8,0.9682539682539683,1.0,0.9206349206349206,0.8,0.7777777777777778,1.0,0.4126984126984127,0.6
clean_strict,liver,10x 5' v1,A36,609,94,388,1209.0,0.15435139573070608,1.5157034659794808,0.7931034482758621,0.8404255319148937,0.7799671592775042,0.776595744680851,0.6666666666666666,0.6914893617021277,0.4614121510673235,0.48936170212765956,0.5073891625615764,0.4787234042553192
clean_strict,liver,10x 5' v1,A52,638,212,174,4873.0,0.3322884012539185,2.07525984547918,0.7586206896551724,0.8537735849056604,0.8808777429467085,0.8679245283018868,0.7899686520376176,0.7735849056603774,0.603448275862069,0.8301886792452831,0.7899686520376176,0.8632075471698113
clean_strict,liver,10x 5' v2,637C,955,148,276,4743.0,0.1549738219895288,1.5319668511256048,0.8104712041884817,0.8513513513513513,0.8544502617801047,0.8378378378378378,0.8586387434554974,0.8175675675675675,0.4617801047120419,0.8716216216216216,0.5403141361256545,0.8445945945945946
clean_strict,liver,10x 5' v2,640C,1117,138,136,4543.0,0.12354521038495972,2.7247863022920997,0.7278424350940018,0.7463768115942029,0.8710832587287377,0.8333333333333334,0.8504923903312444,0.6811594202898551,0.3455684870188004,0.782608695652174,0.3106535362578335,0.7028985507246377
clean_strict,duodenum,10x 5' v1,A31,4,0,2,5340.5,0.0,3.916936034690139,0.5,,0.75,,1.0,,0.5,,0.25,
clean_strict,duodenum,10x 5' v1,A37,1,0,0,3041.0,0.0,1.8522263084291726,1.0,,1.0,,1.0,,0.0,,0.0,
clean_strict,ileum,10x 5' v1,A36,1,0,0,3902.0,0.0,3.6995907300742954,1.0,,1.0,,1.0,,1.0,,1.0,
clean_strict,thymus,10x 5' v1,A31,2,0,0,5870.0,0.0,0.9769119639211494,0.5,,0.5,,1.0,,0.5,,0.0,
clean_strict,bone marrow,10x 3' v3,D496,1884,40,211,4386.5,0.021231422505307854,1.5716285408259576,0.7595541401273885,0.75,0.9676220806794055,1.0,0.8842887473460722,0.875,0.08333333333333333,0.125,0.3471337579617834,0.475
clean_strict,bone marrow,10x 3' v3,D503,4988,376,720,4167.0,0.07538091419406576,1.5541618387760543,0.7107056936647955,0.45478723404255317,0.9065757818765036,0.6117021276595744,0.7004811547714515,0.5372340425531915,0.22373696872493987,0.6356382978723404,0.506214915797915,0.7446808510638298
clean_strict,bone marrow,10x 5' v1,A29,185,2,29,3218.0,0.010810810810810811,0.6757280802540098,0.4810810810810811,0.0,0.8432432432432433,0.0,0.8378378378378378,0.5,0.4540540540540541,0.5,0.34594594594594597,0.5
clean_strict,bone marrow,10x 5' v1,A31,19,0,2,4814.0,0.0,1.6733068374629985,0.8421052631578947,,1.0,,0.7368421052631579,,0.3157894736842105,,0.05263157894736842,
clean_strict,bone marrow,10x 5' v1,A35,159,6,14,5378.0,0.03773584905660377,1.212909246358372,0.8679245283018868,1.0,0.9811320754716981,0.8333333333333334,0.9182389937106918,0.6666666666666666,0.6981132075471698,0.8333333333333334,0.37735849056603776,0.8333333333333334
clean_strict,bone marrow,10x 5' v1,A36,74,8,23,4302.0,0.10810810810810811,1.3705135808707436,0.6216216216216216,0.875,0.8108108108108109,0.75,0.7702702702702703,0.75,0.20270270270270271,0.375,0.3783783783783784,0.5
clean_strict,bone marrow,10x 5' v1,A37,164,9,18,3681.5,0.054878048780487805,1.1727869243863387,0.8170731707317073,0.8888888888888888,0.9024390243902439,1.0,0.926829268292683,0.8888888888888888,0.18902439024390244,0.6666666666666666,0.6646341463414634,0.8888888888888888
clean_strict,bone marrow,10x 5' v2,621B,33,3,9,3441.0,0.09090909090909091,1.280471281003187,0.6363636363636364,0.3333333333333333,0.8484848484848485,0.6666666666666666,0.7878787878787878,0.6666666666666666,0.30303030303030304,1.0,0.5454545454545454,1.0
clean_strict,bone marrow,10x 5' v2,637C,384,30,70,4811.5,0.078125,1.707079113749755,0.734375,0.8666666666666667,0.84375,0.8666666666666667,0.8645833333333334,0.7333333333333333,0.2786458333333333,0.6333333333333333,0.4401041666666667,0.7333333333333333
clean_strict,bone marrow,10x 5' v2,640C,336,16,26,4549.0,0.047619047619047616,2.6959900603059688,0.6160714285714286,0.375,0.8214285714285714,0.6875,0.8898809523809523,0.5625,0.25595238095238093,0.625,0.2619047619047619,0.625
clean_strict,mesenteric lymph node,10x 5' v1,A29,5,0,4,3709.0,0.0,1.591655775111779,0.8,,0.8,,0.8,,1.0,,0.6,
clean_strict,mesenteric lymph node,10x 5' v1,A31,8,4,2,7351.5,0.5,1.5141506041091186,1.0,1.0,1.0,1.0,1.0,1.0,0.75,1.0,0.375,0.5
clean_strict,mesenteric lymph node,10x 5' v1,A35,14,10,2,5050.5,0.7142857142857143,2.4789837017473957,0.6428571428571429,0.7,0.7142857142857143,0.8,0.6428571428571429,0.7,0.8571428571428571,0.8,0.7857142857142857,0.8
clean_strict,mesenteric lymph node,10x 5' v1,A36,11,1,8,5051.0,0.09090909090909091,2.458010753267123,0.7272727272727273,1.0,0.8181818181818182,0.0,0.7272727272727273,1.0,0.5454545454545454,1.0,0.7272727272727273,0.0
clean_strict,mesenteric lymph node,10x 5' v1,A37,3,0,0,4728.0,0.0,1.5918681137385589,0.3333333333333333,,0.6666666666666666,,1.0,,0.6666666666666666,,1.0,
clean_strict,mesenteric lymph node,10x 5' v2,621B,50,12,27,2777.5,0.24,1.789281811101312,0.62,0.4166666666666667,0.54,0.5,0.74,0.6666666666666666,0.3,0.25,0.32,0.25
clean_strict,mesenteric lymph node,10x 5' v2,637C,794,155,257,4519.0,0.1952141057934509,1.5126752213718941,0.7707808564231738,0.8,0.8261964735516373,0.8129032258064516,0.7758186397984886,0.7741935483870968,0.48488664987405544,0.7225806451612903,0.5491183879093199,0.7354838709677419
clean_strict,mesenteric lymph node,10x 5' v2,640C,106,48,41,4895.5,0.4528301886792453,1.9733726461180576,0.5849056603773585,0.6666666666666666,0.6509433962264151,0.7291666666666666,0.6226415094339622,0.6458333333333334,0.839622641509434,0.8541666666666666,0.7358490566037735,0.7708333333333334
clean_strict,omentum,10x 5' v1,A31,1,0,0,3217.0,0.0,0.47101821050626014,0.0,,1.0,,1.0,,1.0,,0.0,
clean_strict,omentum,10x 5' v1,A35,11,1,3,2430.0,0.09090909090909091,1.609876263561811,0.8181818181818182,1.0,0.8181818181818182,1.0,0.5454545454545454,1.0,0.2727272727272727,1.0,0.18181818181818182,1.0
clean_strict,omentum,10x 5' v1,A36,18,0,5,5621.0,0.0,1.5937821798563228,0.6666666666666666,,0.9444444444444444,,1.0,,0.3333333333333333,,0.5555555555555556,
clean_strict,omentum,10x 5' v1,A37,3,0,1,3436.0,0.0,1.3343980451332575,0.6666666666666666,,1.0,,1.0,,0.3333333333333333,,0.3333333333333333,
clean_strict,thoracic lymph node,10x 3' v3,D496,37,2,13,4500.0,0.05405405405405406,1.2522498751351625,0.5945945945945946,0.5,0.7837837837837838,0.5,0.8108108108108109,1.0,0.43243243243243246,0.5,0.5675675675675675,0.5
clean_strict,thoracic lymph node,10x 3' v3,D503,340,98,174,4302.5,0.28823529411764703,2.2504929075948064,0.7470588235294118,0.6938775510204082,0.8117647058823529,0.7959183673469388,0.6852941176470588,0.5816326530612245,0.7,0.8061224489795918,0.7441176470588236,0.826530612244898
clean_strict,thoracic lymph node,10x 5' v1,A29,49,16,23,4320.0,0.32653061224489793,2.570166784841446,0.5918367346938775,0.5625,0.6122448979591837,0.6875,0.6938775510204082,0.75,0.9387755102040817,1.0,0.6326530612244898,0.6875
clean_strict,thoracic lymph node,10x 5' v1,A31,9,2,5,2812.0,0.2222222222222222,2.6051904466974656,0.4444444444444444,0.5,0.7777777777777778,0.5,0.4444444444444444,0.0,1.0,1.0,0.5555555555555556,0.0
clean_strict,thoracic lymph node,10x 5' v1,A35,60,18,26,4684.0,0.3,2.818588832657419,0.7333333333333333,0.7222222222222222,0.75,0.7222222222222222,0.7666666666666667,0.7222222222222222,0.8666666666666667,0.9444444444444444,0.8166666666666667,0.8888888888888888
clean_strict,thoracic lymph node,10x 5' v1,A36,100,28,56,4200.5,0.28,2.731439896681103,0.49,0.4642857142857143,0.55,0.6071428571428571,0.78,0.75,0.77,0.8928571428571429,0.73,0.8571428571428571
clean_strict,thoracic lymph node,10x 5' v1,A37,37,8,16,5116.0,0.21621621621621623,2.2682865091986484,0.7297297297297297,0.625,0.918918918918919,0.875,0.8108108108108109,0.875,0.8918918918918919,1.0,0.918918918918919,0.875
clean_strict,thoracic lymph node,10x 5' v1,A52,2,0,1,1866.0,0.0,1.6601154124915263,1.0,,1.0,,1.0,,0.5,,1.0,
clean_strict,thoracic lymph node,10x 5' v2,582C,41,12,11,3616.0,0.2926829268292683,1.5776622914432066,0.7317073170731707,0.75,0.7073170731707317,0.75,0.6585365853658537,0.6666666666666666,0.8536585365853658,0.9166666666666666,0.8780487804878049,0.8333333333333334
clean_strict,thoracic lymph node,10x 5' v2,621B,9,4,2,3664.0,0.4444444444444444,1.4620064516708062,0.6666666666666666,0.25,0.8888888888888888,0.75,0.7777777777777778,0.75,0.4444444444444444,0.25,0.5555555555555556,0.5
clean_strict,thoracic lymph node,10x 5' v2,637C,58,8,10,4407.0,0.13793103448275862,1.950339648121364,0.6896551724137931,0.5,0.7586206896551724,0.75,0.8448275862068966,0.75,0.6379310344827587,0.75,0.6206896551724138,0.75
clean_strict,thoracic lymph node,10x 5' v2,640C,69,28,27,5891.0,0.4057971014492754,2.962333079906481,0.30434782608695654,0.35714285714285715,0.30434782608695654,0.25,0.6086956521739131,0.5714285714285714,0.8695652173913043,1.0,0.7971014492753623,0.8928571428571429
clean_loose,jejunum lamina propria,10x 3' v3,D496,22,8,0,4781.5,0.36363636363636365,0.7195733653166416,0.6363636363636364,0.625,0.6818181818181818,0.5,0.9090909090909091,1.0,0.13636363636363635,0.125,0.3181818181818182,0.25
clean_loose,jejunum lamina propria,10x 3' v3,D503,50,36,0,4041.5,0.72,2.084880871246934,0.6,0.5277777777777778,0.84,0.8055555555555556,0.72,0.6944444444444444,0.46,0.5277777777777778,0.56,0.5555555555555556
clean_loose,jejunum lamina propria,10x 5' v2,582C,12,7,0,3397.5,0.5833333333333334,1.6253868121906372,0.5,0.2857142857142857,0.75,0.5714285714285714,0.5833333333333334,0.42857142857142855,0.75,0.8571428571428571,0.8333333333333334,0.8571428571428571
clean_loose,jejunum lamina propria,10x 5' v2,637C,4,3,0,2835.0,0.75,0.8771260061815529,0.5,0.3333333333333333,0.25,0.0,0.25,0.0,0.5,0.6666666666666666,0.75,0.6666666666666666
clean_loose,jejunum lamina propria,10x 5' v2,640C,55,27,0,4529.0,0.4909090909090909,3.254163785811763,0.6,0.6296296296296297,0.8181818181818182,0.7777777777777778,0.9090909090909091,0.8148148148148148,0.45454545454545453,0.7037037037037037,0.4727272727272727,0.7407407407407407
clean_loose,blood,10x 3' v3,D496,950,268,0,4094.5,0.28210526315789475,1.114168527426824,0.30526315789473685,0.27611940298507465,0.6736842105263158,0.6455223880597015,0.8852631578947369,0.8992537313432836,0.02631578947368421,0.05223880597014925,0.18736842105263157,0.19029850746268656
clean_loose,blood,10x 3' v3,D503,2561,1322,0,3633.0,0.516204607575166,1.3129754745215945,0.6556032799687622,0.5484114977307111,0.7313549394767669,0.630105900151286,0.6852791878172588,0.6270801815431165,0.2951971885982038,0.3956127080181543,0.552909019914096,0.5824508320726173
clean_loose,blood,10x 5' v1,A35,81,9,0,3903.0,0.1111111111111111,0.523657784786817,0.25925925925925924,0.0,0.7283950617283951,0.4444444444444444,0.9382716049382716,0.7777777777777778,0.37037037037037035,0.7777777777777778,0.13580246913580246,0.3333333333333333
clean_loose,blood,10x 5' v1,A36,125,18,0,5019.0,0.144,0.615575991539399,0.152,0.05555555555555555,0.672,0.3888888888888889,0.896,0.7222222222222222,0.128,0.5555555555555556,0.4,0.7777777777777778
clean_loose,blood,10x 5' v2,621B,4,1,0,3679.5,0.25,0.8767578800658093,0.5,0.0,1.0,1.0,1.0,1.0,0.5,1.0,0.5,1.0
clean_loose,blood,10x 5' v2,637C,263,68,0,4382.0,0.2585551330798479,1.4275013310420717,0.8250950570342205,0.7058823529411765,0.8631178707224335,0.75,0.8517110266159695,0.7794117647058824,0.18631178707224336,0.25,0.3688212927756654,0.36764705882352944
clean_loose,jejunal epithelium,10x 3' v3,D496,4,4,0,3826.5,1.0,0.9323709415514578,0.0,0.0,1.0,1.0,1.0,1.0,0.5,0.5,0.5,0.5
clean_loose,jejunal epithelium,10x 3' v3,D503,56,40,0,3935.5,0.7142857142857143,2.156091611050251,0.5892857142857143,0.65,0.8928571428571429,0.875,0.7321428571428571,0.725,0.5,0.475,0.6607142857142857,0.65
clean_loose,jejunal epithelium,10x 5' v2,582C,26,23,0,2829.0,0.8846153846153846,1.3727601789000963,0.23076923076923078,0.2608695652173913,0.34615384615384615,0.391304347826087,0.46153846153846156,0.43478260869565216,0.9230769230769231,0.9130434782608695,0.9230769230769231,0.9130434782608695
clean_loose,jejunal epithelium,10x 5' v2,637C,5,4,0,2947.0,0.8,1.5903527891332048,0.6,0.5,0.6,0.5,1.0,1.0,0.8,0.75,0.8,0.75
clean_loose,jejunal epithelium,10x 5' v2,640C,35,26,0,4163.0,0.7428571428571429,2.8666061836672707,0.6857142857142857,0.7307692307692307,0.8857142857142857,0.8461538461538461,0.9142857142857143,0.8846153846153846,0.6857142857142857,0.7692307692307693,0.5428571428571428,0.6538461538461539
clean_loose,skeletal muscle tissue,10x 5' v1,A29,2,0,0,4319.5,0.0,0.8511833876047069,0.5,,1.0,,1.0,,1.0,,0.5,
clean_loose,skeletal muscle tissue,10x 5' v1,A35,127,15,0,5232.0,0.11811023622047244,1.331422187003816,0.6535433070866141,0.6,0.952755905511811,0.8666666666666667,0.8976377952755905,0.8666666666666667,0.5984251968503937,0.8666666666666667,0.2992125984251969,0.6
clean_loose,skeletal muscle tissue,10x 5' v1,A37,5,0,0,4503.0,0.0,1.0146697254772872,0.6,,1.0,,0.8,,0.2,,0.6,
clean_loose,caecum,10x 5' v1,A29,2,0,0,5145.5,0.0,2.887111925630573,1.0,,0.5,,0.5,,1.0,,1.0,
clean_loose,transverse colon,10x 5' v1,A29,4,2,0,4185.5,0.5,2.2813043756543125,0.5,0.0,0.75,0.5,0.75,0.5,0.75,1.0,0.75,1.0
clean_loose,sigmoid colon,10x 5' v1,A29,1,0,0,4983.0,0.0,3.003106671528441,0.0,,1.0,,1.0,,0.0,,0.0,
clean_loose,lung,10x 3' v3,D496,808,167,0,4192.0,0.20668316831683167,1.128254778899293,0.8044554455445545,0.8023952095808383,0.9356435643564357,0.9221556886227545,0.8551980198019802,0.8383233532934131,0.11386138613861387,0.12574850299401197,0.35396039603960394,0.3592814371257485
clean_loose,lung,10x 3' v3,D503,2072,728,0,4010.0,0.35135135135135137,1.5305365070839698,0.750965250965251,0.6304945054945055,0.8875482625482626,0.8008241758241759,0.7046332046332047,0.5989010989010989,0.27606177606177607,0.4697802197802198,0.5135135135135135,0.6263736263736264
clean_loose,lung,10x 5' v1,A29,125,18,0,4674.0,0.144,1.3163635800032054,0.752,0.6666666666666666,0.984,1.0,0.904,0.9444444444444444,0.68,0.7777777777777778,0.48,0.5555555555555556
clean_loose,lung,10x 5' v1,A31,18,2,0,2664.0,0.1111111111111111,1.6335616384205824,0.6666666666666666,0.0,0.8888888888888888,1.0,0.8888888888888888,1.0,0.6111111111111112,1.0,0.05555555555555555,0.0
clean_loose,lung,10x 5' v1,A35,6,3,0,2805.0,0.5,2.2306912417808182,0.6666666666666666,0.6666666666666666,0.8333333333333334,1.0,0.6666666666666666,0.6666666666666666,0.5,0.6666666666666666,0.16666666666666666,0.0
clean_loose,lung,10x 5' v1,A36,51,16,0,4662.0,0.3137254901960784,1.0995147760876558,0.45098039215686275,0.5,0.8431372549019608,0.8125,0.7843137254901961,0.625,0.23529411764705882,0.5,0.4117647058823529,0.6875
clean_loose,lung,10x 5' v1,A37,8,5,0,2512.0,0.625,2.2550926881270206,0.375,0.2,0.875,1.0,0.875,0.8,0.625,0.8,0.75,1.0
clean_loose,lung,10x 5' v1,A52,116,6,0,3758.0,0.05172413793103448,1.852133734798376,0.7241379310344828,0.3333333333333333,0.9396551724137931,0.5,0.8189655172413793,0.6666666666666666,0.33620689655172414,0.6666666666666666,0.7758620689655172,0.8333333333333334
clean_loose,lung,10x 5' v2,637C,19,3,0,5155.0,0.15789473684210525,1.7202333399286294,0.7894736842105263,0.6666666666666666,0.8947368421052632,1.0,0.9473684210526315,1.0,0.10526315789473684,0.6666666666666666,0.47368421052631576,1.0
clean_loose,lung,10x 5' v2,640C,10,2,0,4549.5,0.2,1.8859711015957772,0.8,0.5,0.8,0.0,0.9,0.5,0.2,0.5,0.2,0.5
clean_loose,spleen,10x 3' v3,D496,1459,229,0,4347.0,0.15695681973954764,1.4458238832024366,0.6052090472926662,0.6069868995633187,0.9163810829335161,0.8820960698689956,0.8588074023303632,0.8427947598253275,0.08361891706648389,0.30131004366812225,0.25017135023989034,0.4192139737991266
clean_loose,spleen,10x 3' v3,D503,3639,2027,0,4148.0,0.557021159659247,1.8614597960543582,0.6237977466336906,0.6235816477553034,0.8004946413849959,0.7444499259990133,0.6210497389392691,0.5530340404538727,0.38307227260236326,0.5411938825851011,0.5103050288540808,0.6344351258016774
clean_loose,spleen,10x 5' v1,A29,136,54,0,6078.5,0.39705882352941174,2.2680024518543243,0.6911764705882353,0.6851851851851852,0.8897058823529411,0.7777777777777778,0.7573529411764706,0.7407407407407407,0.8529411764705882,1.0,0.6691176470588235,0.8888888888888888
clean_loose,spleen,10x 5' v1,A31,64,52,0,5773.5,0.8125,2.4912870571898003,0.765625,0.7692307692307693,0.875,0.8461538461538461,0.703125,0.6923076923076923,0.96875,0.9807692307692307,0.71875,0.7884615384615384
clean_loose,spleen,10x 5' v1,A35,206,76,0,5326.5,0.36893203883495146,3.396658396066234,0.7281553398058253,0.8552631578947368,0.9271844660194175,0.8947368421052632,0.8883495145631068,0.8552631578947368,0.7669902912621359,0.868421052631579,0.5679611650485437,0.6710526315789473
clean_loose,spleen,10x 5' v1,A36,479,328,0,4939.0,0.6847599164926931,3.0540238498741634,0.8079331941544885,0.8536585365853658,0.918580375782881,0.9176829268292683,0.8288100208768268,0.823170731707317,0.6179540709812108,0.7225609756097561,0.7411273486430062,0.8140243902439024
clean_loose,spleen,10x 5' v1,A37,345,147,0,3261.0,0.4260869565217391,1.3889029137791076,0.7246376811594203,0.7210884353741497,0.8782608695652174,0.891156462585034,0.8927536231884058,0.8503401360544217,0.4260869565217391,0.673469387755102,0.6869565217391305,0.8503401360544217
clean_loose,spleen,10x 5' v1,A52,131,44,0,3566.0,0.33587786259541985,1.321201297997207,0.5190839694656488,0.45454545454545453,0.7633587786259542,0.6363636363636364,0.7709923664122137,0.6818181818181818,0.21374045801526717,0.3409090909090909,0.5267175572519084,0.38636363636363635
clean_loose,spleen,10x 5' v2,582C,447,219,0,3411.0,0.4899328859060403,1.839895473516203,0.6062639821029083,0.6164383561643836,0.7404921700223713,0.6438356164383562,0.7337807606263982,0.730593607305936,0.5525727069351231,0.730593607305936,0.6085011185682326,0.7214611872146118
clean_loose,spleen,10x 5' v2,621B,320,166,0,3627.5,0.51875,2.296825679723421,0.725,0.7289156626506024,0.821875,0.7831325301204819,0.765625,0.7228915662650602,0.359375,0.5542168674698795,0.340625,0.4879518072289157
clean_loose,spleen,10x 5' v2,637C,638,284,0,4788.0,0.445141065830721,1.6236356691244969,0.799373040752351,0.7887323943661971,0.8557993730407524,0.8204225352112676,0.8213166144200627,0.7570422535211268,0.4843260188087774,0.721830985915493,0.5783699059561128,0.7711267605633803
clean_loose,spleen,10x 5' v2,640C,346,117,0,4452.0,0.33815028901734107,3.271774511686342,0.5,0.48717948717948717,0.7109826589595376,0.5470085470085471,0.815028901734104,0.6410256410256411,0.36416184971098264,0.717948717948718,0.3670520231213873,0.6837606837606838
clean_loose,liver,10x 5' v1,A29,64,26,0,4436.5,0.40625,2.270131736557538,0.78125,0.9230769230769231,0.875,1.0,0.75,0.7307692307692307,0.796875,0.9230769230769231,0.71875,0.8461538461538461
clean_loose,liver,10x 5' v1,A31,141,84,0,3380.0,0.5957446808510638,2.152979449578895,0.75177304964539,0.8214285714285714,0.8652482269503546,0.8809523809523809,0.8014184397163121,0.7619047619047619,0.723404255319149,0.8571428571428571,0.3546099290780142,0.40476190476190477
clean_loose,liver,10x 5' v1,A35,63,23,0,5352.0,0.36507936507936506,2.738335990389879,0.8095238095238095,0.8695652173913043,0.9682539682539683,0.9565217391304348,0.9206349206349206,0.9130434782608695,0.7777777777777778,0.9130434782608695,0.4126984126984127,0.43478260869565216
clean_loose,liver,10x 5' v1,A36,609,482,0,1209.0,0.7914614121510674,1.5157034659794808,0.7931034482758621,0.8195020746887967,0.7799671592775042,0.7614107883817427,0.6666666666666666,0.6618257261410788,0.4614121510673235,0.529045643153527,0.5073891625615764,0.5560165975103735
clean_loose,liver,10x 5' v1,A52,638,386,0,4873.0,0.6050156739811913,2.07525984547918,0.7586206896551724,0.8316062176165803,0.8808777429467085,0.8782383419689119,0.7899686520376176,0.7694300518134715,0.603448275862069,0.8186528497409327,0.7899686520376176,0.8393782383419689
clean_loose,liver,10x 5' v2,637C,955,424,0,4743.0,0.44397905759162304,1.5319668511256048,0.8104712041884817,0.8207547169811321,0.8544502617801047,0.7971698113207547,0.8586387434554974,0.8160377358490566,0.4617801047120419,0.7476415094339622,0.5403141361256545,0.7429245283018868
clean_loose,liver,10x 5' v2,640C,1117,274,0,4543.0,0.24529991047448524,2.7247863022920997,0.7278424350940018,0.6897810218978102,0.8710832587287377,0.791970802919708,0.8504923903312444,0.708029197080292,0.3455684870188004,0.7262773722627737,0.3106535362578335,0.6094890510948905
clean_loose,duodenum,10x 5' v1,A31,4,2,0,5340.5,0.5,3.916936034690139,0.5,0.5,0.75,1.0,1.0,1.0,0.5,0.5,0.25,0.0
clean_loose,duodenum,10x 5' v1,A37,1,0,0,3041.0,0.0,1.8522263084291726,1.0,,1.0,,1.0,,0.0,,0.0,
clean_loose,ileum,10x 5' v1,A36,1,0,0,3902.0,0.0,3.6995907300742954,1.0,,1.0,,1.0,,1.0,,1.0,
clean_loose,thymus,10x 5' v1,A31,2,0,0,5870.0,0.0,0.9769119639211494,0.5,,0.5,,1.0,,0.5,,0.0,
clean_loose,bone marrow,10x 3' v3,D496,1884,251,0,4386.5,0.1332271762208068,1.5716285408259576,0.7595541401273885,0.7250996015936255,0.9676220806794055,0.9442231075697212,0.8842887473460722,0.8685258964143426,0.08333333333333333,0.09163346613545817,0.3471337579617834,0.3107569721115538
clean_loose,bone marrow,10x 3' v3,D503,4988,1096,0,4167.0,0.21972734562951082,1.5541618387760543,0.7107056936647955,0.573905109489051,0.9065757818765036,0.7490875912408759,0.7004811547714515,0.6049270072992701,0.22373696872493987,0.46441605839416056,0.506214915797915,0.6021897810218978
clean_loose,bone marrow,10x 5' v1,A29,185,31,0,3218.0,0.16756756756756758,0.6757280802540098,0.4810810810810811,0.6129032258064516,0.8432432432432433,0.7419354838709677,0.8378378378378378,0.7096774193548387,0.4540540540540541,0.5806451612903226,0.34594594594594597,0.3870967741935484
clean_loose,bone marrow,10x 5' v1,A31,19,2,0,4814.0,0.10526315789473684,1.6733068374629985,0.8421052631578947,1.0,1.0,1.0,0.7368421052631579,0.5,0.3157894736842105,0.5,0.05263157894736842,0.0
clean_loose,bone marrow,10x 5' v1,A35,159,20,0,5378.0,0.12578616352201258,1.212909246358372,0.8679245283018868,0.95,0.9811320754716981,0.9,0.9182389937106918,0.85,0.6981132075471698,0.8,0.37735849056603776,0.55
clean_loose,bone marrow,10x 5' v1,A36,74,31,0,4302.0,0.4189189189189189,1.3705135808707436,0.6216216216216216,0.5806451612903226,0.8108108108108109,0.6451612903225806,0.7702702702702703,0.6129032258064516,0.20270270270270271,0.3225806451612903,0.3783783783783784,0.3548387096774194
clean_loose,bone marrow,10x 5' v1,A37,164,27,0,3681.5,0.16463414634146342,1.1727869243863387,0.8170731707317073,0.8518518518518519,0.9024390243902439,0.9259259259259259,0.926829268292683,0.9259259259259259,0.18902439024390244,0.4444444444444444,0.6646341463414634,0.7407407407407407
clean_loose,bone marrow,10x 5' v2,621B,33,12,0,3441.0,0.36363636363636365,1.280471281003187,0.6363636363636364,0.5,0.8484848484848485,0.9166666666666666,0.7878787878787878,0.75,0.30303030303030304,0.5833333333333334,0.5454545454545454,0.5833333333333334
clean_loose,bone marrow,10x 5' v2,637C,384,100,0,4811.5,0.2604166666666667,1.707079113749755,0.734375,0.75,0.84375,0.71,0.8645833333333334,0.77,0.2786458333333333,0.56,0.4401041666666667,0.65
clean_loose,bone marrow,10x 5' v2,640C,336,42,0,4549.0,0.125,2.6959900603059688,0.6160714285714286,0.40476190476190477,0.8214285714285714,0.6904761904761905,0.8898809523809523,0.5714285714285714,0.25595238095238093,0.5476190476190477,0.2619047619047619,0.6428571428571429
clean_loose,mesenteric lymph node,10x 5' v1,A29,5,4,0,3709.0,0.8,1.591655775111779,0.8,0.75,0.8,0.75,0.8,0.75,1.0,1.0,0.6,0.5
clean_loose,mesenteric lymph node,10x 5' v1,A31,8,6,0,7351.5,0.75,1.5141506041091186,1.0,1.0,1.0,1.0,1.0,1.0,0.75,0.8333333333333334,0.375,0.3333333333333333
clean_loose,mesenteric lymph node,10x 5' v1,A35,14,12,0,5050.5,0.8571428571428571,2.4789837017473957,0.6428571428571429,0.5833333333333334,0.7142857142857143,0.6666666666666666,0.6428571428571429,0.5833333333333334,0.8571428571428571,0.8333333333333334,0.7857142857142857,0.75
clean_loose,mesenteric lymph node,10x 5' v1,A36,11,9,0,5051.0,0.8181818181818182,2.458010753267123,0.7272727272727273,0.7777777777777778,0.8181818181818182,0.7777777777777778,0.7272727272727273,0.8888888888888888,0.5454545454545454,0.4444444444444444,0.7272727272727273,0.6666666666666666
clean_loose,mesenteric lymph node,10x 5' v1,A37,3,0,0,4728.0,0.0,1.5918681137385589,0.3333333333333333,,0.6666666666666666,,1.0,,0.6666666666666666,,1.0,
clean_loose,mesenteric lymph node,10x 5' v2,621B,50,39,0,2777.5,0.78,1.789281811101312,0.62,0.5897435897435898,0.54,0.48717948717948717,0.74,0.7435897435897436,0.3,0.358974358974359,0.32,0.38461538461538464
clean_loose,mesenteric lymph node,10x 5' v2,637C,794,412,0,4519.0,0.5188916876574308,1.5126752213718941,0.7707808564231738,0.7354368932038835,0.8261964735516373,0.7839805825242718,0.7758186397984886,0.7281553398058253,0.48488664987405544,0.6407766990291263,0.5491183879093199,0.6553398058252428
clean_loose,mesenteric lymph node,10x 5' v2,640C,106,89,0,4895.5,0.839622641509434,1.9733726461180576,0.5849056603773585,0.5842696629213483,0.6509433962264151,0.6404494382022472,0.6226415094339622,0.5955056179775281,0.839622641509434,0.8314606741573034,0.7358490566037735,0.7640449438202247
clean_loose,omentum,10x 5' v1,A31,1,0,0,3217.0,0.0,0.47101821050626014,0.0,,1.0,,1.0,,1.0,,0.0,
clean_loose,omentum,10x 5' v1,A35,11,4,0,2430.0,0.36363636363636365,1.609876263561811,0.8181818181818182,0.75,0.8181818181818182,0.75,0.5454545454545454,0.25,0.2727272727272727,0.25,0.18181818181818182,0.25
clean_loose,omentum,10x 5' v1,A36,18,5,0,5621.0,0.2777777777777778,1.5937821798563228,0.6666666666666666,0.6,0.9444444444444444,1.0,1.0,1.0,0.3333333333333333,0.8,0.5555555555555556,0.8
clean_loose,omentum,10x 5' v1,A37,3,1,0,3436.0,0.3333333333333333,1.3343980451332575,0.6666666666666666,1.0,1.0,1.0,1.0,1.0,0.3333333333333333,1.0,0.3333333333333333,0.0
clean_loose,thoracic lymph node,10x 3' v3,D496,37,15,0,4500.0,0.40540540540540543,1.2522498751351625,0.5945945945945946,0.4666666666666667,0.7837837837837838,0.7333333333333333,0.8108108108108109,0.6666666666666666,0.43243243243243246,0.7333333333333333,0.5675675675675675,0.6666666666666666
clean_loose,thoracic lymph node,10x 3' v3,D503,340,272,0,4302.5,0.8,2.2504929075948064,0.7470588235294118,0.7242647058823529,0.8117647058823529,0.7904411764705882,0.6852941176470588,0.6433823529411765,0.7,0.7316176470588235,0.7441176470588236,0.7536764705882353
clean_loose,thoracic lymph node,10x 5' v1,A29,49,39,0,4320.0,0.7959183673469388,2.570166784841446,0.5918367346938775,0.5897435897435898,0.6122448979591837,0.5897435897435898,0.6938775510204082,0.7435897435897436,0.9387755102040817,0.9487179487179487,0.6326530612244898,0.6153846153846154
clean_loose,thoracic lymph node,10x 5' v1,A31,9,7,0,2812.0,0.7777777777777778,2.6051904466974656,0.4444444444444444,0.42857142857142855,0.7777777777777778,0.8571428571428571,0.4444444444444444,0.42857142857142855,1.0,1.0,0.5555555555555556,0.5714285714285714
clean_loose,thoracic lymph node,10x 5' v1,A35,60,44,0,4684.0,0.7333333333333333,2.818588832657419,0.7333333333333333,0.7045454545454546,0.75,0.6818181818181818,0.7666666666666667,0.7045454545454546,0.8666666666666667,0.8409090909090909,0.8166666666666667,0.7954545454545454
clean_loose,thoracic lymph node,10x 5' v1,A36,100,84,0,4200.5,0.84,2.731439896681103,0.49,0.4642857142857143,0.55,0.5357142857142857,0.78,0.7738095238095238,0.77,0.7857142857142857,0.73,0.7380952380952381
clean_loose,thoracic lymph node,10x 5' v1,A37,37,24,0,5116.0,0.6486486486486487,2.2682865091986484,0.7297297297297297,0.6666666666666666,0.918918918918919,0.875,0.8108108108108109,0.875,0.8918918918918919,0.9583333333333334,0.918918918918919,0.9166666666666666
clean_loose,thoracic lymph node,10x 5' v1,A52,2,1,0,1866.0,0.5,1.6601154124915263,1.0,1.0,1.0,1.0,1.0,1.0,0.5,0.0,1.0,1.0
clean_loose,thoracic lymph node,10x 5' v2,582C,41,23,0,3616.0,0.5609756097560976,1.5776622914432066,0.7317073170731707,0.7391304347826086,0.7073170731707317,0.6956521739130435,0.6585365853658537,0.782608695652174,0.8536585365853658,0.9130434782608695,0.8780487804878049,0.9130434782608695
clean_loose,thoracic lymph node,10x 5' v2,621B,9,6,0,3664.0,0.6666666666666666,1.4620064516708062,0.6666666666666666,0.5,0.8888888888888888,0.8333333333333334,0.7777777777777778,0.8333333333333334,0.4444444444444444,0.3333333333333333,0.5555555555555556,0.5
clean_loose,thoracic lymph node,10x 5' v2,637C,58,18,0,4407.0,0.3103448275862069,1.950339648121364,0.6896551724137931,0.6111111111111112,0.7586206896551724,0.7222222222222222,0.8448275862068966,0.7777777777777778,0.6379310344827587,0.6666666666666666,0.6206896551724138,0.7222222222222222
clean_loose,thoracic lymph node,10x 5' v2,640C,69,55,0,5891.0,0.7971014492753623,2.962333079906481,0.30434782608695654,0.2545454545454545,0.30434782608695654,0.2,0.6086956521739131,0.5454545454545454,0.8695652173913043,0.8909090909090909,0.7971014492753623,0.8545454545454545
