dataset_id	donor_id	compartment	subset	depth_floor	n_cells_pre_downsample	n_cells_post_downsample	cells_retained_frac
VT2018	D10	Decidua	Endothelial	1782	24	24	1.0
VT2018	D10	Decidua	Epithelial	1782	10	10	1.0
VT2018	D10	Decidua	Hofbauer	1782	1	1	1.0
VT2018	D10	Decidua	ILC3	1782	7	7	1.0
VT2018	D10	Decidua	Myeloid	1782	633	633	1.0
VT2018	D10	Decidua	Perivascular	1782	68	68	1.0
VT2018	D10	Decidua	Plasma	1782	1	1	1.0
VT2018	D10	Decidua	Stromal	1782	972	972	1.0
VT2018	D10	Decidua	T	1782	17	17	1.0
VT2018	D10	Decidua	Trophoblast	1782	166	166	1.0
VT2018	D10	Decidua	cDC1	1782	35	35	1.0
VT2018	D10	Decidua	dNK1	1782	399	399	1.0
VT2018	D10	Decidua	dNK2	1782	314	314	1.0
VT2018	D10	Decidua	dNK3	1782	37	37	1.0
VT2018	D10	Decidua	dNKp	1782	83	83	1.0
VT2018	D10	Decidua	pbNK_CD56dim	1782	2	2	1.0
VT2018	D10	Placenta	Endothelial	1782	37	37	1.0
VT2018	D10	Placenta	Epithelial	1782	9	9	1.0
VT2018	D10	Placenta	Granulocyte	1782	5	5	1.0
VT2018	D10	Placenta	Hofbauer	1782	626	626	1.0
VT2018	D10	Placenta	Myeloid	1782	197	197	1.0
VT2018	D10	Placenta	Plasma	1782	1	1	1.0
VT2018	D10	Placenta	Stromal	1782	496	496	1.0
VT2018	D10	Placenta	Trophoblast	1782	6099	6099	1.0
VT2018	D10	Placenta	cDC1	1782	1	1	1.0
VT2018	D10	Placenta	dNK1	1782	1	1	1.0
VT2018	D10	Placenta	dNK2	1782	1	1	1.0
VT2018	D11	Placenta	Endothelial	1782	2	2	1.0
VT2018	D11	Placenta	Granulocyte	1782	3	3	1.0
VT2018	D11	Placenta	Hofbauer	1782	137	137	1.0
VT2018	D11	Placenta	Myeloid	1782	56	56	1.0
VT2018	D11	Placenta	Stromal	1782	177	177	1.0
VT2018	D11	Placenta	Trophoblast	1782	2127	2127	1.0
VT2018	D12	Decidua	Endothelial	1782	51	50	0.9803921568627451
VT2018	D12	Decidua	Epithelial	1782	18	16	0.8888888888888888
VT2018	D12	Decidua	Granulocyte	1782	8	6	0.75
VT2018	D12	Decidua	ILC3	1782	44	20	0.45454545454545453
VT2018	D12	Decidua	Myeloid	1782	608	354	0.5822368421052632
VT2018	D12	Decidua	Perivascular	1782	20	20	1.0
VT2018	D12	Decidua	Plasma	1782	52	34	0.6538461538461539
VT2018	D12	Decidua	Stromal	1782	1734	1730	0.9976931949250288
VT2018	D12	Decidua	T	1782	158	69	0.43670886075949367
VT2018	D12	Decidua	Trophoblast	1782	12	11	0.9166666666666666
VT2018	D12	Decidua	cDC1	1782	48	39	0.8125
VT2018	D12	Decidua	dNK1	1782	126	85	0.6746031746031746
VT2018	D12	Decidua	dNK2	1782	373	176	0.4718498659517426
VT2018	D12	Decidua	dNK3	1782	29	16	0.5517241379310345
VT2018	D12	Decidua	dNKp	1782	67	65	0.9701492537313433
VT2018	D12	Decidua	pbNK_CD56bright	1782	2	0	0.0
VT2018	D12	Decidua	pbNK_CD56dim	1782	1	0	0.0
VT2018	D12	Placenta	Endothelial	1782	86	86	1.0
VT2018	D12	Placenta	Epithelial	1782	34	34	1.0
VT2018	D12	Placenta	Granulocyte	1782	2	2	1.0
VT2018	D12	Placenta	Hofbauer	1782	219	219	1.0
VT2018	D12	Placenta	Myeloid	1782	190	190	1.0
VT2018	D12	Placenta	Plasma	1782	2	2	1.0
VT2018	D12	Placenta	Stromal	1782	502	502	1.0
VT2018	D12	Placenta	Trophoblast	1782	1212	1212	1.0
VT2018	D6	Blood	Granulocyte	1782	16	16	1.0
VT2018	D6	Blood	ILC3	1782	1	1	1.0
VT2018	D6	Blood	Myeloid	1782	468	391	0.8354700854700855
VT2018	D6	Blood	Plasma	1782	48	29	0.6041666666666666
VT2018	D6	Blood	T	1782	415	362	0.8722891566265061
VT2018	D6	Blood	cDC1	1782	3	3	1.0
VT2018	D6	Blood	dNK2	1782	1	0	0.0
VT2018	D6	Blood	pbNK_CD56bright	1782	20	12	0.6
VT2018	D6	Blood	pbNK_CD56dim	1782	563	504	0.8952042628774423
VT2018	D6	Decidua	Endothelial	1782	430	430	1.0
VT2018	D6	Decidua	Epithelial	1782	72	72	1.0
VT2018	D6	Decidua	Granulocyte	1782	47	45	0.9574468085106383
VT2018	D6	Decidua	Hofbauer	1782	1	1	1.0
VT2018	D6	Decidua	ILC3	1782	37	37	1.0
VT2018	D6	Decidua	Myeloid	1782	576	556	0.9652777777777778
VT2018	D6	Decidua	Perivascular	1782	706	706	1.0
VT2018	D6	Decidua	Plasma	1782	4	4	1.0
VT2018	D6	Decidua	Stromal	1782	322	318	0.9875776397515528
VT2018	D6	Decidua	T	1782	185	177	0.9567567567567568
VT2018	D6	Decidua	Trophoblast	1782	28	28	1.0
VT2018	D6	Decidua	cDC1	1782	33	33	1.0
VT2018	D6	Decidua	dNK1	1782	1171	1091	0.9316823228010248
VT2018	D6	Decidua	dNK2	1782	585	575	0.9829059829059829
VT2018	D6	Decidua	dNK3	1782	1181	1160	0.9822184589331076
VT2018	D6	Decidua	dNKp	1782	38	38	1.0
VT2018	D6	Decidua	pbNK_CD56dim	1782	40	40	1.0
VT2018	D7	Blood	Granulocyte	1782	5	3	0.6
VT2018	D7	Blood	Myeloid	1782	30	23	0.7666666666666667
VT2018	D7	Blood	Plasma	1782	6	6	1.0
VT2018	D7	Blood	T	1782	53	14	0.2641509433962264
VT2018	D7	Blood	pbNK_CD56bright	1782	3	2	0.6666666666666666
VT2018	D7	Blood	pbNK_CD56dim	1782	103	47	0.4563106796116505
VT2018	D7	Decidua	Endothelial	1782	335	335	1.0
VT2018	D7	Decidua	Epithelial	1782	95	95	1.0
VT2018	D7	Decidua	Granulocyte	1782	2	2	1.0
VT2018	D7	Decidua	ILC3	1782	15	15	1.0
VT2018	D7	Decidua	Myeloid	1782	100	100	1.0
VT2018	D7	Decidua	Perivascular	1782	140	140	1.0
VT2018	D7	Decidua	Plasma	1782	1	1	1.0
VT2018	D7	Decidua	Stromal	1782	5399	5399	1.0
VT2018	D7	Decidua	T	1782	15	15	1.0
VT2018	D7	Decidua	Trophoblast	1782	26	26	1.0
VT2018	D7	Decidua	cDC1	1782	27	27	1.0
VT2018	D7	Decidua	dNK1	1782	71	71	1.0
VT2018	D7	Decidua	dNK2	1782	86	86	1.0
VT2018	D7	Decidua	dNK3	1782	67	67	1.0
VT2018	D7	Decidua	dNKp	1782	11	11	1.0
VT2018	D7	Decidua	pbNK_CD56dim	1782	6	6	1.0
VT2018	D8	Blood	Granulocyte	1782	25	25	1.0
VT2018	D8	Blood	Myeloid	1782	164	157	0.9573170731707317
VT2018	D8	Blood	Plasma	1782	43	42	0.9767441860465116
VT2018	D8	Blood	T	1782	1137	1127	0.9912049252418645
VT2018	D8	Blood	cDC1	1782	1	1	1.0
VT2018	D8	Blood	dNKp	1782	1	1	1.0
VT2018	D8	Blood	pbNK_CD56bright	1782	65	64	0.9846153846153847
VT2018	D8	Blood	pbNK_CD56dim	1782	337	325	0.9643916913946587
VT2018	D8	Decidua	Endothelial	1782	33	33	1.0
VT2018	D8	Decidua	Epithelial	1782	19	19	1.0
VT2018	D8	Decidua	Granulocyte	1782	11	10	0.9090909090909091
VT2018	D8	Decidua	ILC3	1782	20	18	0.9
VT2018	D8	Decidua	Myeloid	1782	2234	2052	0.918531781557744
VT2018	D8	Decidua	Perivascular	1782	84	84	1.0
VT2018	D8	Decidua	Plasma	1782	16	12	0.75
VT2018	D8	Decidua	Stromal	1782	3038	3037	0.999670836076366
VT2018	D8	Decidua	T	1782	107	95	0.8878504672897196
VT2018	D8	Decidua	Trophoblast	1782	7	7	1.0
VT2018	D8	Decidua	cDC1	1782	116	116	1.0
VT2018	D8	Decidua	dNK1	1782	1236	1179	0.9538834951456311
VT2018	D8	Decidua	dNK2	1782	519	497	0.9576107899807321
VT2018	D8	Decidua	dNK3	1782	172	136	0.7906976744186046
VT2018	D8	Decidua	dNKp	1782	201	201	1.0
VT2018	D8	Decidua	pbNK_CD56bright	1782	1	1	1.0
VT2018	D8	Decidua	pbNK_CD56dim	1782	14	13	0.9285714285714286
VT2018	D8	Placenta	Endothelial	1782	14	14	1.0
VT2018	D8	Placenta	Granulocyte	1782	2	2	1.0
VT2018	D8	Placenta	Hofbauer	1782	170	170	1.0
VT2018	D8	Placenta	Myeloid	1782	253	253	1.0
VT2018	D8	Placenta	Plasma	1782	1	1	1.0
VT2018	D8	Placenta	Stromal	1782	989	989	1.0
VT2018	D8	Placenta	T	1782	1	1	1.0
VT2018	D8	Placenta	Trophoblast	1782	3219	3219	1.0
VT2018	D8	Placenta	dNKp	1782	1	1	1.0
VT2018	D8	Placenta	pbNK_CD56dim	1782	2	2	1.0
VT2018	D9	Blood	Granulocyte	1782	48	48	1.0
VT2018	D9	Blood	Myeloid	1782	449	448	0.9977728285077951
VT2018	D9	Blood	Plasma	1782	90	90	1.0
VT2018	D9	Blood	Stromal	1782	1	1	1.0
VT2018	D9	Blood	T	1782	462	462	1.0
VT2018	D9	Blood	cDC1	1782	9	9	1.0
VT2018	D9	Blood	dNK2	1782	1	1	1.0
VT2018	D9	Blood	dNKp	1782	1	1	1.0
VT2018	D9	Blood	pbNK_CD56bright	1782	115	115	1.0
VT2018	D9	Blood	pbNK_CD56dim	1782	303	303	1.0
VT2018	D9	Decidua	Endothelial	1782	266	266	1.0
VT2018	D9	Decidua	Epithelial	1782	135	135	1.0
VT2018	D9	Decidua	Granulocyte	1782	26	26	1.0
VT2018	D9	Decidua	ILC3	1782	51	51	1.0
VT2018	D9	Decidua	Myeloid	1782	1091	1091	1.0
VT2018	D9	Decidua	Perivascular	1782	820	820	1.0
VT2018	D9	Decidua	Plasma	1782	60	60	1.0
VT2018	D9	Decidua	Stromal	1782	1108	1108	1.0
VT2018	D9	Decidua	T	1782	192	192	1.0
VT2018	D9	Decidua	Trophoblast	1782	66	66	1.0
VT2018	D9	Decidua	cDC1	1782	42	42	1.0
VT2018	D9	Decidua	dNK1	1782	136	136	1.0
VT2018	D9	Decidua	dNK2	1782	3266	3266	1.0
VT2018	D9	Decidua	dNK3	1782	435	435	1.0
VT2018	D9	Decidua	dNKp	1782	204	204	1.0
VT2018	D9	Decidua	pbNK_CD56bright	1782	7	7	1.0
VT2018	D9	Decidua	pbNK_CD56dim	1782	25	25	1.0
VT2018	D9	Placenta	Endothelial	1782	8	8	1.0
VT2018	D9	Placenta	Epithelial	1782	1	1	1.0
VT2018	D9	Placenta	Granulocyte	1782	27	27	1.0
VT2018	D9	Placenta	Hofbauer	1782	148	148	1.0
VT2018	D9	Placenta	ILC3	1782	1	1	1.0
VT2018	D9	Placenta	Myeloid	1782	234	234	1.0
VT2018	D9	Placenta	Plasma	1782	2	2	1.0
VT2018	D9	Placenta	Stromal	1782	123	123	1.0
VT2018	D9	Placenta	Trophoblast	1782	1118	1118	1.0
VT2018	D9	Placenta	dNK1	1782	3	3	1.0
VT2018	D9	Placenta	dNK2	1782	1	1	1.0
VT2018	D10	Decidua	Endothelial	2093	24	24	1.0
VT2018	D10	Decidua	Epithelial	2093	10	10	1.0
VT2018	D10	Decidua	Hofbauer	2093	1	1	1.0
VT2018	D10	Decidua	ILC3	2093	7	7	1.0
VT2018	D10	Decidua	Myeloid	2093	633	633	1.0
VT2018	D10	Decidua	Perivascular	2093	68	68	1.0
VT2018	D10	Decidua	Plasma	2093	1	1	1.0
VT2018	D10	Decidua	Stromal	2093	972	972	1.0
VT2018	D10	Decidua	T	2093	17	17	1.0
VT2018	D10	Decidua	Trophoblast	2093	166	166	1.0
VT2018	D10	Decidua	cDC1	2093	35	35	1.0
VT2018	D10	Decidua	dNK1	2093	399	398	0.9974937343358395
VT2018	D10	Decidua	dNK2	2093	314	314	1.0
VT2018	D10	Decidua	dNK3	2093	37	37	1.0
VT2018	D10	Decidua	dNKp	2093	83	83	1.0
VT2018	D10	Decidua	pbNK_CD56dim	2093	2	2	1.0
VT2018	D10	Placenta	Endothelial	2093	37	37	1.0
VT2018	D10	Placenta	Epithelial	2093	9	9	1.0
VT2018	D10	Placenta	Granulocyte	2093	5	5	1.0
VT2018	D10	Placenta	Hofbauer	2093	626	626	1.0
VT2018	D10	Placenta	Myeloid	2093	197	197	1.0
VT2018	D10	Placenta	Plasma	2093	1	1	1.0
VT2018	D10	Placenta	Stromal	2093	496	496	1.0
VT2018	D10	Placenta	Trophoblast	2093	6099	6099	1.0
VT2018	D10	Placenta	cDC1	2093	1	1	1.0
VT2018	D10	Placenta	dNK1	2093	1	1	1.0
VT2018	D10	Placenta	dNK2	2093	1	1	1.0
VT2018	D11	Placenta	Endothelial	2093	2	2	1.0
VT2018	D11	Placenta	Granulocyte	2093	3	3	1.0
VT2018	D11	Placenta	Hofbauer	2093	137	137	1.0
VT2018	D11	Placenta	Myeloid	2093	56	56	1.0
VT2018	D11	Placenta	Stromal	2093	177	177	1.0
VT2018	D11	Placenta	Trophoblast	2093	2127	2127	1.0
VT2018	D12	Decidua	Endothelial	2093	51	50	0.9803921568627451
VT2018	D12	Decidua	Epithelial	2093	18	16	0.8888888888888888
VT2018	D12	Decidua	Granulocyte	2093	8	4	0.5
VT2018	D12	Decidua	ILC3	2093	44	15	0.3409090909090909
VT2018	D12	Decidua	Myeloid	2093	608	270	0.4440789473684211
VT2018	D12	Decidua	Perivascular	2093	20	20	1.0
VT2018	D12	Decidua	Plasma	2093	52	24	0.46153846153846156
VT2018	D12	Decidua	Stromal	2093	1734	1729	0.9971164936562861
VT2018	D12	Decidua	T	2093	158	44	0.27848101265822783
VT2018	D12	Decidua	Trophoblast	2093	12	11	0.9166666666666666
VT2018	D12	Decidua	cDC1	2093	48	38	0.7916666666666666
VT2018	D12	Decidua	dNK1	2093	126	68	0.5396825396825397
VT2018	D12	Decidua	dNK2	2093	373	127	0.34048257372654156
VT2018	D12	Decidua	dNK3	2093	29	14	0.4827586206896552
VT2018	D12	Decidua	dNKp	2093	67	63	0.9402985074626866
VT2018	D12	Decidua	pbNK_CD56bright	2093	2	0	0.0
VT2018	D12	Decidua	pbNK_CD56dim	2093	1	0	0.0
VT2018	D12	Placenta	Endothelial	2093	86	86	1.0
VT2018	D12	Placenta	Epithelial	2093	34	34	1.0
VT2018	D12	Placenta	Granulocyte	2093	2	2	1.0
VT2018	D12	Placenta	Hofbauer	2093	219	219	1.0
VT2018	D12	Placenta	Myeloid	2093	190	190	1.0
VT2018	D12	Placenta	Plasma	2093	2	2	1.0
VT2018	D12	Placenta	Stromal	2093	502	502	1.0
VT2018	D12	Placenta	Trophoblast	2093	1212	1212	1.0
VT2018	D6	Blood	Granulocyte	2093	16	16	1.0
VT2018	D6	Blood	ILC3	2093	1	1	1.0
VT2018	D6	Blood	Myeloid	2093	468	373	0.7970085470085471
VT2018	D6	Blood	Plasma	2093	48	26	0.5416666666666666
VT2018	D6	Blood	T	2093	415	351	0.8457831325301205
VT2018	D6	Blood	cDC1	2093	3	3	1.0
VT2018	D6	Blood	dNK2	2093	1	0	0.0
VT2018	D6	Blood	pbNK_CD56bright	2093	20	9	0.45
VT2018	D6	Blood	pbNK_CD56dim	2093	563	445	0.7904085257548845
VT2018	D6	Decidua	Endothelial	2093	430	430	1.0
VT2018	D6	Decidua	Epithelial	2093	72	72	1.0
VT2018	D6	Decidua	Granulocyte	2093	47	34	0.723404255319149
VT2018	D6	Decidua	Hofbauer	2093	1	1	1.0
VT2018	D6	Decidua	ILC3	2093	37	37	1.0
VT2018	D6	Decidua	Myeloid	2093	576	531	0.921875
VT2018	D6	Decidua	Perivascular	2093	706	706	1.0
VT2018	D6	Decidua	Plasma	2093	4	4	1.0
VT2018	D6	Decidua	Stromal	2093	322	316	0.9813664596273292
VT2018	D6	Decidua	T	2093	185	154	0.8324324324324325
VT2018	D6	Decidua	Trophoblast	2093	28	27	0.9642857142857143
VT2018	D6	Decidua	cDC1	2093	33	31	0.9393939393939394
VT2018	D6	Decidua	dNK1	2093	1171	1015	0.8667805294619982
VT2018	D6	Decidua	dNK2	2093	585	531	0.9076923076923077
VT2018	D6	Decidua	dNK3	2093	1181	1137	0.9627434377646062
VT2018	D6	Decidua	dNKp	2093	38	38	1.0
VT2018	D6	Decidua	pbNK_CD56dim	2093	40	38	0.95
VT2018	D7	Blood	Granulocyte	2093	5	3	0.6
VT2018	D7	Blood	Myeloid	2093	30	21	0.7
VT2018	D7	Blood	Plasma	2093	6	6	1.0
VT2018	D7	Blood	T	2093	53	5	0.09433962264150944
VT2018	D7	Blood	pbNK_CD56bright	2093	3	2	0.6666666666666666
VT2018	D7	Blood	pbNK_CD56dim	2093	103	47	0.4563106796116505
VT2018	D7	Decidua	Endothelial	2093	335	335	1.0
VT2018	D7	Decidua	Epithelial	2093	95	95	1.0
VT2018	D7	Decidua	Granulocyte	2093	2	2	1.0
VT2018	D7	Decidua	ILC3	2093	15	15	1.0
VT2018	D7	Decidua	Myeloid	2093	100	96	0.96
VT2018	D7	Decidua	Perivascular	2093	140	140	1.0
VT2018	D7	Decidua	Plasma	2093	1	1	1.0
VT2018	D7	Decidua	Stromal	2093	5399	5399	1.0
VT2018	D7	Decidua	T	2093	15	15	1.0
VT2018	D7	Decidua	Trophoblast	2093	26	26	1.0
VT2018	D7	Decidua	cDC1	2093	27	27	1.0
VT2018	D7	Decidua	dNK1	2093	71	60	0.8450704225352113
VT2018	D7	Decidua	dNK2	2093	86	86	1.0
VT2018	D7	Decidua	dNK3	2093	67	67	1.0
VT2018	D7	Decidua	dNKp	2093	11	11	1.0
VT2018	D7	Decidua	pbNK_CD56dim	2093	6	6	1.0
VT2018	D8	Blood	Granulocyte	2093	25	25	1.0
VT2018	D8	Blood	Myeloid	2093	164	154	0.9390243902439024
VT2018	D8	Blood	Plasma	2093	43	42	0.9767441860465116
VT2018	D8	Blood	T	2093	1137	1119	0.9841688654353562
VT2018	D8	Blood	cDC1	2093	1	1	1.0
VT2018	D8	Blood	dNKp	2093	1	1	1.0
VT2018	D8	Blood	pbNK_CD56bright	2093	65	62	0.9538461538461539
VT2018	D8	Blood	pbNK_CD56dim	2093	337	268	0.7952522255192879
VT2018	D8	Decidua	Endothelial	2093	33	33	1.0
VT2018	D8	Decidua	Epithelial	2093	19	19	1.0
VT2018	D8	Decidua	Granulocyte	2093	11	10	0.9090909090909091
VT2018	D8	Decidua	ILC3	2093	20	13	0.65
VT2018	D8	Decidua	Myeloid	2093	2234	1665	0.7452999104744852
VT2018	D8	Decidua	Perivascular	2093	84	84	1.0
VT2018	D8	Decidua	Plasma	2093	16	9	0.5625
VT2018	D8	Decidua	Stromal	2093	3038	3033	0.9983541803818301
VT2018	D8	Decidua	T	2093	107	70	0.6542056074766355
VT2018	D8	Decidua	Trophoblast	2093	7	7	1.0
VT2018	D8	Decidua	cDC1	2093	116	113	0.9741379310344828
VT2018	D8	Decidua	dNK1	2093	1236	1051	0.8503236245954693
VT2018	D8	Decidua	dNK2	2093	519	423	0.815028901734104
VT2018	D8	Decidua	dNK3	2093	172	79	0.45930232558139533
VT2018	D8	Decidua	dNKp	2093	201	197	0.9800995024875622
VT2018	D8	Decidua	pbNK_CD56bright	2093	1	1	1.0
VT2018	D8	Decidua	pbNK_CD56dim	2093	14	8	0.5714285714285714
VT2018	D8	Placenta	Endothelial	2093	14	14	1.0
VT2018	D8	Placenta	Granulocyte	2093	2	2	1.0
VT2018	D8	Placenta	Hofbauer	2093	170	170	1.0
VT2018	D8	Placenta	Myeloid	2093	253	253	1.0
VT2018	D8	Placenta	Plasma	2093	1	1	1.0
VT2018	D8	Placenta	Stromal	2093	989	989	1.0
VT2018	D8	Placenta	T	2093	1	1	1.0
VT2018	D8	Placenta	Trophoblast	2093	3219	3219	1.0
VT2018	D8	Placenta	dNKp	2093	1	1	1.0
VT2018	D8	Placenta	pbNK_CD56dim	2093	2	2	1.0
VT2018	D9	Blood	Granulocyte	2093	48	47	0.9791666666666666
VT2018	D9	Blood	Myeloid	2093	449	442	0.9844097995545658
VT2018	D9	Blood	Plasma	2093	90	90	1.0
VT2018	D9	Blood	Stromal	2093	1	1	1.0
VT2018	D9	Blood	T	2093	462	458	0.9913419913419913
VT2018	D9	Blood	cDC1	2093	9	9	1.0
VT2018	D9	Blood	dNK2	2093	1	1	1.0
VT2018	D9	Blood	dNKp	2093	1	1	1.0
VT2018	D9	Blood	pbNK_CD56bright	2093	115	114	0.991304347826087
VT2018	D9	Blood	pbNK_CD56dim	2093	303	301	0.9933993399339934
VT2018	D9	Decidua	Endothelial	2093	266	266	1.0
VT2018	D9	Decidua	Epithelial	2093	135	135	1.0
VT2018	D9	Decidua	Granulocyte	2093	26	26	1.0
VT2018	D9	Decidua	ILC3	2093	51	51	1.0
VT2018	D9	Decidua	Myeloid	2093	1091	1091	1.0
VT2018	D9	Decidua	Perivascular	2093	820	820	1.0
VT2018	D9	Decidua	Plasma	2093	60	60	1.0
VT2018	D9	Decidua	Stromal	2093	1108	1108	1.0
VT2018	D9	Decidua	T	2093	192	192	1.0
VT2018	D9	Decidua	Trophoblast	2093	66	66	1.0
VT2018	D9	Decidua	cDC1	2093	42	42	1.0
VT2018	D9	Decidua	dNK1	2093	136	136	1.0
VT2018	D9	Decidua	dNK2	2093	3266	3265	0.9996938150642989
VT2018	D9	Decidua	dNK3	2093	435	435	1.0
VT2018	D9	Decidua	dNKp	2093	204	204	1.0
VT2018	D9	Decidua	pbNK_CD56bright	2093	7	7	1.0
VT2018	D9	Decidua	pbNK_CD56dim	2093	25	25	1.0
VT2018	D9	Placenta	Endothelial	2093	8	8	1.0
VT2018	D9	Placenta	Epithelial	2093	1	1	1.0
VT2018	D9	Placenta	Granulocyte	2093	27	27	1.0
VT2018	D9	Placenta	Hofbauer	2093	148	148	1.0
VT2018	D9	Placenta	ILC3	2093	1	1	1.0
VT2018	D9	Placenta	Myeloid	2093	234	234	1.0
VT2018	D9	Placenta	Plasma	2093	2	2	1.0
VT2018	D9	Placenta	Stromal	2093	123	123	1.0
VT2018	D9	Placenta	Trophoblast	2093	1118	1118	1.0
VT2018	D9	Placenta	dNK1	2093	3	3	1.0
VT2018	D9	Placenta	dNK2	2093	1	1	1.0
VT2018	D10	Decidua	Endothelial	2725	24	24	1.0
VT2018	D10	Decidua	Epithelial	2725	10	10	1.0
VT2018	D10	Decidua	Hofbauer	2725	1	1	1.0
VT2018	D10	Decidua	ILC3	2725	7	7	1.0
VT2018	D10	Decidua	Myeloid	2725	633	588	0.9289099526066351
VT2018	D10	Decidua	Perivascular	2725	68	68	1.0
VT2018	D10	Decidua	Plasma	2725	1	1	1.0
VT2018	D10	Decidua	Stromal	2725	972	972	1.0
VT2018	D10	Decidua	T	2725	17	17	1.0
VT2018	D10	Decidua	Trophoblast	2725	166	166	1.0
VT2018	D10	Decidua	cDC1	2725	35	34	0.9714285714285714
VT2018	D10	Decidua	dNK1	2725	399	385	0.9649122807017544
VT2018	D10	Decidua	dNK2	2725	314	307	0.9777070063694268
VT2018	D10	Decidua	dNK3	2725	37	35	0.9459459459459459
VT2018	D10	Decidua	dNKp	2725	83	83	1.0
VT2018	D10	Decidua	pbNK_CD56dim	2725	2	2	1.0
VT2018	D10	Placenta	Endothelial	2725	37	37	1.0
VT2018	D10	Placenta	Epithelial	2725	9	9	1.0
VT2018	D10	Placenta	Granulocyte	2725	5	5	1.0
VT2018	D10	Placenta	Hofbauer	2725	626	626	1.0
VT2018	D10	Placenta	Myeloid	2725	197	197	1.0
VT2018	D10	Placenta	Plasma	2725	1	1	1.0
VT2018	D10	Placenta	Stromal	2725	496	496	1.0
VT2018	D10	Placenta	Trophoblast	2725	6099	6099	1.0
VT2018	D10	Placenta	cDC1	2725	1	1	1.0
VT2018	D10	Placenta	dNK1	2725	1	1	1.0
VT2018	D10	Placenta	dNK2	2725	1	1	1.0
VT2018	D11	Placenta	Endothelial	2725	2	2	1.0
VT2018	D11	Placenta	Granulocyte	2725	3	3	1.0
VT2018	D11	Placenta	Hofbauer	2725	137	137	1.0
VT2018	D11	Placenta	Myeloid	2725	56	56	1.0
VT2018	D11	Placenta	Stromal	2725	177	177	1.0
VT2018	D11	Placenta	Trophoblast	2725	2127	2127	1.0
VT2018	D12	Decidua	Endothelial	2725	51	50	0.9803921568627451
VT2018	D12	Decidua	Epithelial	2725	18	15	0.8333333333333334
VT2018	D12	Decidua	Granulocyte	2725	8	3	0.375
VT2018	D12	Decidua	ILC3	2725	44	10	0.22727272727272727
VT2018	D12	Decidua	Myeloid	2725	608	175	0.2878289473684211
VT2018	D12	Decidua	Perivascular	2725	20	20	1.0
VT2018	D12	Decidua	Plasma	2725	52	12	0.23076923076923078
VT2018	D12	Decidua	Stromal	2725	1734	1727	0.9959630911188004
VT2018	D12	Decidua	T	2725	158	24	0.1518987341772152
VT2018	D12	Decidua	Trophoblast	2725	12	9	0.75
VT2018	D12	Decidua	cDC1	2725	48	33	0.6875
VT2018	D12	Decidua	dNK1	2725	126	38	0.30158730158730157
VT2018	D12	Decidua	dNK2	2725	373	73	0.19571045576407506
VT2018	D12	Decidua	dNK3	2725	29	12	0.41379310344827586
VT2018	D12	Decidua	dNKp	2725	67	55	0.8208955223880597
VT2018	D12	Decidua	pbNK_CD56bright	2725	2	0	0.0
VT2018	D12	Decidua	pbNK_CD56dim	2725	1	0	0.0
VT2018	D12	Placenta	Endothelial	2725	86	86	1.0
VT2018	D12	Placenta	Epithelial	2725	34	34	1.0
VT2018	D12	Placenta	Granulocyte	2725	2	2	1.0
VT2018	D12	Placenta	Hofbauer	2725	219	219	1.0
VT2018	D12	Placenta	Myeloid	2725	190	190	1.0
VT2018	D12	Placenta	Plasma	2725	2	2	1.0
VT2018	D12	Placenta	Stromal	2725	502	502	1.0
VT2018	D12	Placenta	Trophoblast	2725	1212	1212	1.0
VT2018	D6	Blood	Granulocyte	2725	16	14	0.875
VT2018	D6	Blood	ILC3	2725	1	0	0.0
VT2018	D6	Blood	Myeloid	2725	468	341	0.7286324786324786
VT2018	D6	Blood	Plasma	2725	48	23	0.4791666666666667
VT2018	D6	Blood	T	2725	415	270	0.6506024096385542
VT2018	D6	Blood	cDC1	2725	3	3	1.0
VT2018	D6	Blood	dNK2	2725	1	0	0.0
VT2018	D6	Blood	pbNK_CD56bright	2725	20	7	0.35
VT2018	D6	Blood	pbNK_CD56dim	2725	563	156	0.27708703374777977
VT2018	D6	Decidua	Endothelial	2725	430	416	0.9674418604651163
VT2018	D6	Decidua	Epithelial	2725	72	63	0.875
VT2018	D6	Decidua	Granulocyte	2725	47	26	0.5531914893617021
VT2018	D6	Decidua	Hofbauer	2725	1	1	1.0
VT2018	D6	Decidua	ILC3	2725	37	35	0.9459459459459459
VT2018	D6	Decidua	Myeloid	2725	576	475	0.8246527777777778
VT2018	D6	Decidua	Perivascular	2725	706	701	0.9929178470254958
VT2018	D6	Decidua	Plasma	2725	4	2	0.5
VT2018	D6	Decidua	Stromal	2725	322	311	0.9658385093167702
VT2018	D6	Decidua	T	2725	185	134	0.7243243243243244
VT2018	D6	Decidua	Trophoblast	2725	28	25	0.8928571428571429
VT2018	D6	Decidua	cDC1	2725	33	28	0.8484848484848485
VT2018	D6	Decidua	dNK1	2725	1171	889	0.7591801878736123
VT2018	D6	Decidua	dNK2	2725	585	452	0.7726495726495727
VT2018	D6	Decidua	dNK3	2725	1181	1035	0.8763759525825572
VT2018	D6	Decidua	dNKp	2725	38	35	0.9210526315789473
VT2018	D6	Decidua	pbNK_CD56dim	2725	40	32	0.8
VT2018	D7	Blood	Granulocyte	2725	5	3	0.6
VT2018	D7	Blood	Myeloid	2725	30	15	0.5
VT2018	D7	Blood	Plasma	2725	6	6	1.0
VT2018	D7	Blood	T	2725	53	4	0.07547169811320754
VT2018	D7	Blood	pbNK_CD56bright	2725	3	2	0.6666666666666666
VT2018	D7	Blood	pbNK_CD56dim	2725	103	45	0.4368932038834951
VT2018	D7	Decidua	Endothelial	2725	335	326	0.9731343283582089
VT2018	D7	Decidua	Epithelial	2725	95	85	0.8947368421052632
VT2018	D7	Decidua	Granulocyte	2725	2	2	1.0
VT2018	D7	Decidua	ILC3	2725	15	14	0.9333333333333333
VT2018	D7	Decidua	Myeloid	2725	100	84	0.84
VT2018	D7	Decidua	Perivascular	2725	140	138	0.9857142857142858
VT2018	D7	Decidua	Plasma	2725	1	1	1.0
VT2018	D7	Decidua	Stromal	2725	5399	5287	0.9792554176699388
VT2018	D7	Decidua	T	2725	15	10	0.6666666666666666
VT2018	D7	Decidua	Trophoblast	2725	26	25	0.9615384615384616
VT2018	D7	Decidua	cDC1	2725	27	24	0.8888888888888888
VT2018	D7	Decidua	dNK1	2725	71	46	0.647887323943662
VT2018	D7	Decidua	dNK2	2725	86	77	0.8953488372093024
VT2018	D7	Decidua	dNK3	2725	67	63	0.9402985074626866
VT2018	D7	Decidua	dNKp	2725	11	10	0.9090909090909091
VT2018	D7	Decidua	pbNK_CD56dim	2725	6	5	0.8333333333333334
VT2018	D8	Blood	Granulocyte	2725	25	25	1.0
VT2018	D8	Blood	Myeloid	2725	164	145	0.8841463414634146
VT2018	D8	Blood	Plasma	2725	43	41	0.9534883720930233
VT2018	D8	Blood	T	2725	1137	1032	0.9076517150395779
VT2018	D8	Blood	cDC1	2725	1	1	1.0
VT2018	D8	Blood	dNKp	2725	1	1	1.0
VT2018	D8	Blood	pbNK_CD56bright	2725	65	52	0.8
VT2018	D8	Blood	pbNK_CD56dim	2725	337	115	0.34124629080118696
VT2018	D8	Decidua	Endothelial	2725	33	32	0.9696969696969697
VT2018	D8	Decidua	Epithelial	2725	19	15	0.7894736842105263
VT2018	D8	Decidua	Granulocyte	2725	11	7	0.6363636363636364
VT2018	D8	Decidua	ILC3	2725	20	9	0.45
VT2018	D8	Decidua	Myeloid	2725	2234	1106	0.495076096687556
VT2018	D8	Decidua	Perivascular	2725	84	82	0.9761904761904762
VT2018	D8	Decidua	Plasma	2725	16	7	0.4375
VT2018	D8	Decidua	Stromal	2725	3038	3025	0.9957208689927584
VT2018	D8	Decidua	T	2725	107	32	0.29906542056074764
VT2018	D8	Decidua	Trophoblast	2725	7	7	1.0
VT2018	D8	Decidua	cDC1	2725	116	109	0.9396551724137931
VT2018	D8	Decidua	dNK1	2725	1236	796	0.6440129449838188
VT2018	D8	Decidua	dNK2	2725	519	288	0.5549132947976878
VT2018	D8	Decidua	dNK3	2725	172	30	0.1744186046511628
VT2018	D8	Decidua	dNKp	2725	201	191	0.9502487562189055
VT2018	D8	Decidua	pbNK_CD56bright	2725	1	0	0.0
VT2018	D8	Decidua	pbNK_CD56dim	2725	14	4	0.2857142857142857
VT2018	D8	Placenta	Endothelial	2725	14	14	1.0
VT2018	D8	Placenta	Granulocyte	2725	2	2	1.0
VT2018	D8	Placenta	Hofbauer	2725	170	170	1.0
VT2018	D8	Placenta	Myeloid	2725	253	253	1.0
VT2018	D8	Placenta	Plasma	2725	1	1	1.0
VT2018	D8	Placenta	Stromal	2725	989	989	1.0
VT2018	D8	Placenta	T	2725	1	1	1.0
VT2018	D8	Placenta	Trophoblast	2725	3219	3219	1.0
VT2018	D8	Placenta	dNKp	2725	1	1	1.0
VT2018	D8	Placenta	pbNK_CD56dim	2725	2	2	1.0
VT2018	D9	Blood	Granulocyte	2725	48	46	0.9583333333333334
VT2018	D9	Blood	Myeloid	2725	449	415	0.9242761692650334
VT2018	D9	Blood	Plasma	2725	90	89	0.9888888888888889
VT2018	D9	Blood	Stromal	2725	1	1	1.0
VT2018	D9	Blood	T	2725	462	452	0.9783549783549783
VT2018	D9	Blood	cDC1	2725	9	9	1.0
VT2018	D9	Blood	dNK2	2725	1	1	1.0
VT2018	D9	Blood	dNKp	2725	1	1	1.0
VT2018	D9	Blood	pbNK_CD56bright	2725	115	111	0.9652173913043478
VT2018	D9	Blood	pbNK_CD56dim	2725	303	261	0.8613861386138614
VT2018	D9	Decidua	Endothelial	2725	266	266	1.0
VT2018	D9	Decidua	Epithelial	2725	135	135	1.0
VT2018	D9	Decidua	Granulocyte	2725	26	22	0.8461538461538461
VT2018	D9	Decidua	ILC3	2725	51	45	0.8823529411764706
VT2018	D9	Decidua	Myeloid	2725	1091	977	0.8955087076076994
VT2018	D9	Decidua	Perivascular	2725	820	819	0.998780487804878
VT2018	D9	Decidua	Plasma	2725	60	41	0.6833333333333333
VT2018	D9	Decidua	Stromal	2725	1108	1108	1.0
VT2018	D9	Decidua	T	2725	192	146	0.7604166666666666
VT2018	D9	Decidua	Trophoblast	2725	66	66	1.0
VT2018	D9	Decidua	cDC1	2725	42	40	0.9523809523809523
VT2018	D9	Decidua	dNK1	2725	136	109	0.8014705882352942
VT2018	D9	Decidua	dNK2	2725	3266	2956	0.9050826699326393
VT2018	D9	Decidua	dNK3	2725	435	328	0.7540229885057471
VT2018	D9	Decidua	dNKp	2725	204	203	0.9950980392156863
VT2018	D9	Decidua	pbNK_CD56bright	2725	7	6	0.8571428571428571
VT2018	D9	Decidua	pbNK_CD56dim	2725	25	15	0.6
VT2018	D9	Placenta	Endothelial	2725	8	8	1.0
VT2018	D9	Placenta	Epithelial	2725	1	1	1.0
VT2018	D9	Placenta	Granulocyte	2725	27	27	1.0
VT2018	D9	Placenta	Hofbauer	2725	148	148	1.0
VT2018	D9	Placenta	ILC3	2725	1	1	1.0
VT2018	D9	Placenta	Myeloid	2725	234	234	1.0
VT2018	D9	Placenta	Plasma	2725	2	2	1.0
VT2018	D9	Placenta	Stromal	2725	123	123	1.0
VT2018	D9	Placenta	Trophoblast	2725	1118	1118	1.0
VT2018	D9	Placenta	dNK1	2725	3	3	1.0
VT2018	D9	Placenta	dNK2	2725	1	1	1.0
